image_id,filename,image_path,modulation,snr_db,snr_bin,phase_noise_level,phase_noise_std_deg,iq_imbalance_level,iq_eps,iq_psi_deg,jamming,jam_sir_db,split
0,000000.png,data/images/000000.png,4-ASK,3.87,low,none,0.0,none,0.0,0.0,0,,train
1,000001.png,data/images/000001.png,4-ASK,1.23,low,none,0.0,none,0.0,0.0,0,,train
2,000002.png,data/images/000002.png,4-ASK,0.56,low,none,0.0,none,0.0,0.0,0,,train
3,000003.png,data/images/000003.png,4-ASK,4.89,low,none,0.0,none,0.0,0.0,1,8.33,test
4,000004.png,data/images/000004.png,4-ASK,2.46,low,none,0.0,none,0.0,0.0,0,,train
5,000005.png,data/images/000005.png,4-ASK,2.36,low,none,0.0,mild,0.05,2.0,1,14.31,train
6,000006.png,data/images/000006.png,4-ASK,3.43,low,none,0.0,mild,0.05,2.0,1,6.39,train
7,000007.png,data/images/000007.png,4-ASK,0.4,low,none,0.0,mild,0.05,2.0,0,,train
8,000008.png,data/images/000008.png,4-ASK,4.85,low,none,0.0,mild,0.05,2.0,1,6.53,val
9,000009.png,data/images/000009.png,4-ASK,1.93,low,none,0.0,mild,0.05,2.0,0,,val
10,000010.png,data/images/000010.png,4-ASK,3.61,low,none,0.0,severe,0.15,8.0,0,,train
11,000011.png,data/images/000011.png,4-ASK,3.16,low,none,0.0,severe,0.15,8.0,1,5.43,train
12,000012.png,data/images/000012.png,4-ASK,4.0,low,none,0.0,severe,0.15,8.0,1,13.59,val
13,000013.png,data/images/000013.png,4-ASK,2.38,low,none,0.0,severe,0.15,8.0,0,,train
14,000014.png,data/images/000014.png,4-ASK,4.63,low,none,0.0,severe,0.15,8.0,0,,train
15,000015.png,data/images/000015.png,4-ASK,2.79,low,mild,2.0,none,0.0,0.0,0,,train
16,000016.png,data/images/000016.png,4-ASK,0.18,low,mild,2.0,none,0.0,0.0,0,,train
17,000017.png,data/images/000017.png,4-ASK,3.54,low,mild,2.0,none,0.0,0.0,0,,train
18,000018.png,data/images/000018.png,4-ASK,2.18,low,mild,2.0,none,0.0,0.0,0,,train
19,000019.png,data/images/000019.png,4-ASK,4.69,low,mild,2.0,none,0.0,0.0,0,,val
20,000020.png,data/images/000020.png,4-ASK,2.79,low,mild,2.0,mild,0.05,2.0,1,12.72,train
21,000021.png,data/images/000021.png,4-ASK,3.31,low,mild,2.0,mild,0.05,2.0,0,,train
22,000022.png,data/images/000022.png,4-ASK,2.1,low,mild,2.0,mild,0.05,2.0,1,9.76,train
23,000023.png,data/images/000023.png,4-ASK,2.76,low,mild,2.0,mild,0.05,2.0,1,13.44,train
24,000024.png,data/images/000024.png,4-ASK,4.93,low,mild,2.0,mild,0.05,2.0,0,,train
25,000025.png,data/images/000025.png,4-ASK,2.4,low,mild,2.0,severe,0.15,8.0,1,8.96,train
26,000026.png,data/images/000026.png,4-ASK,0.44,low,mild,2.0,severe,0.15,8.0,1,8.04,train
27,000027.png,data/images/000027.png,4-ASK,4.61,low,mild,2.0,severe,0.15,8.0,1,5.95,train
28,000028.png,data/images/000028.png,4-ASK,1.33,low,mild,2.0,severe,0.15,8.0,0,,train
29,000029.png,data/images/000029.png,4-ASK,0.55,low,mild,2.0,severe,0.15,8.0,0,,train
30,000030.png,data/images/000030.png,4-ASK,0.16,low,severe,6.0,none,0.0,0.0,0,,train
31,000031.png,data/images/000031.png,4-ASK,3.54,low,severe,6.0,none,0.0,0.0,1,13.07,test
32,000032.png,data/images/000032.png,4-ASK,4.95,low,severe,6.0,none,0.0,0.0,0,,val
33,000033.png,data/images/000033.png,4-ASK,0.32,low,severe,6.0,none,0.0,0.0,0,,train
34,000034.png,data/images/000034.png,4-ASK,3.44,low,severe,6.0,none,0.0,0.0,1,7.93,train
35,000035.png,data/images/000035.png,4-ASK,2.93,low,severe,6.0,mild,0.05,2.0,0,,train
36,000036.png,data/images/000036.png,4-ASK,3.14,low,severe,6.0,mild,0.05,2.0,0,,test
37,000037.png,data/images/000037.png,4-ASK,2.06,low,severe,6.0,mild,0.05,2.0,0,,test
38,000038.png,data/images/000038.png,4-ASK,1.02,low,severe,6.0,mild,0.05,2.0,0,,train
39,000039.png,data/images/000039.png,4-ASK,0.95,low,severe,6.0,mild,0.05,2.0,0,,train
40,000040.png,data/images/000040.png,4-ASK,4.79,low,severe,6.0,severe,0.15,8.0,0,,train
41,000041.png,data/images/000041.png,4-ASK,4.75,low,severe,6.0,severe,0.15,8.0,0,,train
42,000042.png,data/images/000042.png,4-ASK,3.93,low,severe,6.0,severe,0.15,8.0,0,,test
43,000043.png,data/images/000043.png,4-ASK,2.7,low,severe,6.0,severe,0.15,8.0,0,,train
44,000044.png,data/images/000044.png,4-ASK,2.96,low,severe,6.0,severe,0.15,8.0,0,,test
45,000045.png,data/images/000045.png,4-ASK,9.6,low_mid,none,0.0,none,0.0,0.0,0,,ood_test
46,000046.png,data/images/000046.png,4-ASK,5.79,low_mid,none,0.0,none,0.0,0.0,1,13.44,ood_test
47,000047.png,data/images/000047.png,4-ASK,7.89,low_mid,none,0.0,none,0.0,0.0,0,,ood_test
48,000048.png,data/images/000048.png,4-ASK,5.21,low_mid,none,0.0,none,0.0,0.0,0,,ood_test
49,000049.png,data/images/000049.png,4-ASK,6.18,low_mid,none,0.0,none,0.0,0.0,0,,ood_test
50,000050.png,data/images/000050.png,4-ASK,7.93,low_mid,none,0.0,mild,0.05,2.0,0,,ood_test
51,000051.png,data/images/000051.png,4-ASK,5.43,low_mid,none,0.0,mild,0.05,2.0,0,,ood_test
52,000052.png,data/images/000052.png,4-ASK,5.87,low_mid,none,0.0,mild,0.05,2.0,1,8.7,ood_test
53,000053.png,data/images/000053.png,4-ASK,7.73,low_mid,none,0.0,mild,0.05,2.0,1,12.43,ood_test
54,000054.png,data/images/000054.png,4-ASK,5.02,low_mid,none,0.0,mild,0.05,2.0,0,,ood_test
55,000055.png,data/images/000055.png,4-ASK,6.86,low_mid,none,0.0,severe,0.15,8.0,1,5.5,ood_test
56,000056.png,data/images/000056.png,4-ASK,7.69,low_mid,none,0.0,severe,0.15,8.0,0,,ood_test
57,000057.png,data/images/000057.png,4-ASK,6.14,low_mid,none,0.0,severe,0.15,8.0,0,,ood_test
58,000058.png,data/images/000058.png,4-ASK,8.06,low_mid,none,0.0,severe,0.15,8.0,1,10.31,ood_test
59,000059.png,data/images/000059.png,4-ASK,5.03,low_mid,none,0.0,severe,0.15,8.0,1,10.04,ood_test
60,000060.png,data/images/000060.png,4-ASK,8.54,low_mid,mild,2.0,none,0.0,0.0,1,10.38,ood_test
61,000061.png,data/images/000061.png,4-ASK,5.7,low_mid,mild,2.0,none,0.0,0.0,0,,ood_test
62,000062.png,data/images/000062.png,4-ASK,8.32,low_mid,mild,2.0,none,0.0,0.0,0,,ood_test
63,000063.png,data/images/000063.png,4-ASK,7.97,low_mid,mild,2.0,none,0.0,0.0,0,,ood_test
64,000064.png,data/images/000064.png,4-ASK,9.91,low_mid,mild,2.0,none,0.0,0.0,0,,ood_test
65,000065.png,data/images/000065.png,4-ASK,6.04,low_mid,mild,2.0,mild,0.05,2.0,0,,ood_test
66,000066.png,data/images/000066.png,4-ASK,7.36,low_mid,mild,2.0,mild,0.05,2.0,0,,ood_test
67,000067.png,data/images/000067.png,4-ASK,7.03,low_mid,mild,2.0,mild,0.05,2.0,0,,ood_test
68,000068.png,data/images/000068.png,4-ASK,8.77,low_mid,mild,2.0,mild,0.05,2.0,0,,ood_test
69,000069.png,data/images/000069.png,4-ASK,5.31,low_mid,mild,2.0,mild,0.05,2.0,0,,ood_test
70,000070.png,data/images/000070.png,4-ASK,9.39,low_mid,mild,2.0,severe,0.15,8.0,1,6.29,ood_test
71,000071.png,data/images/000071.png,4-ASK,9.75,low_mid,mild,2.0,severe,0.15,8.0,0,,ood_test
72,000072.png,data/images/000072.png,4-ASK,7.31,low_mid,mild,2.0,severe,0.15,8.0,0,,ood_test
73,000073.png,data/images/000073.png,4-ASK,5.35,low_mid,mild,2.0,severe,0.15,8.0,0,,ood_test
74,000074.png,data/images/000074.png,4-ASK,9.56,low_mid,mild,2.0,severe,0.15,8.0,1,11.72,ood_test
75,000075.png,data/images/000075.png,4-ASK,9.62,low_mid,severe,6.0,none,0.0,0.0,0,,ood_test
76,000076.png,data/images/000076.png,4-ASK,8.18,low_mid,severe,6.0,none,0.0,0.0,0,,ood_test
77,000077.png,data/images/000077.png,4-ASK,7.07,low_mid,severe,6.0,none,0.0,0.0,1,9.53,ood_test
78,000078.png,data/images/000078.png,4-ASK,7.15,low_mid,severe,6.0,none,0.0,0.0,1,11.53,ood_test
79,000079.png,data/images/000079.png,4-ASK,9.59,low_mid,severe,6.0,none,0.0,0.0,1,11.28,ood_test
80,000080.png,data/images/000080.png,4-ASK,5.44,low_mid,severe,6.0,mild,0.05,2.0,0,,ood_test
81,000081.png,data/images/000081.png,4-ASK,8.14,low_mid,severe,6.0,mild,0.05,2.0,0,,ood_test
82,000082.png,data/images/000082.png,4-ASK,7.65,low_mid,severe,6.0,mild,0.05,2.0,0,,ood_test
83,000083.png,data/images/000083.png,4-ASK,7.08,low_mid,severe,6.0,mild,0.05,2.0,0,,ood_test
84,000084.png,data/images/000084.png,4-ASK,9.26,low_mid,severe,6.0,mild,0.05,2.0,0,,ood_test
85,000085.png,data/images/000085.png,4-ASK,9.05,low_mid,severe,6.0,severe,0.15,8.0,0,,ood_test
86,000086.png,data/images/000086.png,4-ASK,8.15,low_mid,severe,6.0,severe,0.15,8.0,0,,ood_test
87,000087.png,data/images/000087.png,4-ASK,5.43,low_mid,severe,6.0,severe,0.15,8.0,0,,ood_test
88,000088.png,data/images/000088.png,4-ASK,6.32,low_mid,severe,6.0,severe,0.15,8.0,0,,ood_test
89,000089.png,data/images/000089.png,4-ASK,7.85,low_mid,severe,6.0,severe,0.15,8.0,0,,ood_test
90,000090.png,data/images/000090.png,4-ASK,12.3,mid,none,0.0,none,0.0,0.0,1,8.48,test
91,000091.png,data/images/000091.png,4-ASK,13.86,mid,none,0.0,none,0.0,0.0,0,,val
92,000092.png,data/images/000092.png,4-ASK,10.74,mid,none,0.0,none,0.0,0.0,0,,train
93,000093.png,data/images/000093.png,4-ASK,13.59,mid,none,0.0,none,0.0,0.0,0,,train
94,000094.png,data/images/000094.png,4-ASK,10.45,mid,none,0.0,none,0.0,0.0,0,,train
95,000095.png,data/images/000095.png,4-ASK,12.2,mid,none,0.0,mild,0.05,2.0,0,,train
96,000096.png,data/images/000096.png,4-ASK,13.79,mid,none,0.0,mild,0.05,2.0,1,6.84,train
97,000097.png,data/images/000097.png,4-ASK,10.94,mid,none,0.0,mild,0.05,2.0,1,10.17,train
98,000098.png,data/images/000098.png,4-ASK,11.99,mid,none,0.0,mild,0.05,2.0,0,,val
99,000099.png,data/images/000099.png,4-ASK,10.06,mid,none,0.0,mild,0.05,2.0,0,,train
100,000100.png,data/images/000100.png,4-ASK,11.77,mid,none,0.0,severe,0.15,8.0,0,,test
101,000101.png,data/images/000101.png,4-ASK,12.69,mid,none,0.0,severe,0.15,8.0,1,11.67,test
102,000102.png,data/images/000102.png,4-ASK,13.04,mid,none,0.0,severe,0.15,8.0,0,,train
103,000103.png,data/images/000103.png,4-ASK,14.77,mid,none,0.0,severe,0.15,8.0,0,,test
104,000104.png,data/images/000104.png,4-ASK,10.2,mid,none,0.0,severe,0.15,8.0,0,,train
105,000105.png,data/images/000105.png,4-ASK,14.85,mid,mild,2.0,none,0.0,0.0,0,,train
106,000106.png,data/images/000106.png,4-ASK,12.96,mid,mild,2.0,none,0.0,0.0,0,,val
107,000107.png,data/images/000107.png,4-ASK,12.98,mid,mild,2.0,none,0.0,0.0,0,,test
108,000108.png,data/images/000108.png,4-ASK,14.01,mid,mild,2.0,none,0.0,0.0,0,,train
109,000109.png,data/images/000109.png,4-ASK,11.99,mid,mild,2.0,none,0.0,0.0,0,,train
110,000110.png,data/images/000110.png,4-ASK,11.33,mid,mild,2.0,mild,0.05,2.0,0,,test
111,000111.png,data/images/000111.png,4-ASK,14.87,mid,mild,2.0,mild,0.05,2.0,0,,train
112,000112.png,data/images/000112.png,4-ASK,11.62,mid,mild,2.0,mild,0.05,2.0,1,10.25,train
113,000113.png,data/images/000113.png,4-ASK,14.56,mid,mild,2.0,mild,0.05,2.0,0,,train
114,000114.png,data/images/000114.png,4-ASK,14.23,mid,mild,2.0,mild,0.05,2.0,0,,train
115,000115.png,data/images/000115.png,4-ASK,14.81,mid,mild,2.0,severe,0.15,8.0,0,,train
116,000116.png,data/images/000116.png,4-ASK,13.06,mid,mild,2.0,severe,0.15,8.0,0,,test
117,000117.png,data/images/000117.png,4-ASK,15.0,mid,mild,2.0,severe,0.15,8.0,0,,train
118,000118.png,data/images/000118.png,4-ASK,12.27,mid,mild,2.0,severe,0.15,8.0,0,,val
119,000119.png,data/images/000119.png,4-ASK,11.34,mid,mild,2.0,severe,0.15,8.0,0,,train
120,000120.png,data/images/000120.png,4-ASK,11.28,mid,severe,6.0,none,0.0,0.0,0,,test
121,000121.png,data/images/000121.png,4-ASK,12.49,mid,severe,6.0,none,0.0,0.0,0,,train
122,000122.png,data/images/000122.png,4-ASK,10.93,mid,severe,6.0,none,0.0,0.0,0,,val
123,000123.png,data/images/000123.png,4-ASK,12.01,mid,severe,6.0,none,0.0,0.0,0,,train
124,000124.png,data/images/000124.png,4-ASK,14.98,mid,severe,6.0,none,0.0,0.0,0,,val
125,000125.png,data/images/000125.png,4-ASK,10.96,mid,severe,6.0,mild,0.05,2.0,0,,train
126,000126.png,data/images/000126.png,4-ASK,13.6,mid,severe,6.0,mild,0.05,2.0,0,,train
127,000127.png,data/images/000127.png,4-ASK,11.71,mid,severe,6.0,mild,0.05,2.0,0,,test
128,000128.png,data/images/000128.png,4-ASK,10.68,mid,severe,6.0,mild,0.05,2.0,1,11.46,train
129,000129.png,data/images/000129.png,4-ASK,12.68,mid,severe,6.0,mild,0.05,2.0,0,,train
130,000130.png,data/images/000130.png,4-ASK,13.22,mid,severe,6.0,severe,0.15,8.0,0,,train
131,000131.png,data/images/000131.png,4-ASK,14.34,mid,severe,6.0,severe,0.15,8.0,1,7.62,train
132,000132.png,data/images/000132.png,4-ASK,12.26,mid,severe,6.0,severe,0.15,8.0,0,,train
133,000133.png,data/images/000133.png,4-ASK,12.07,mid,severe,6.0,severe,0.15,8.0,0,,train
134,000134.png,data/images/000134.png,4-ASK,13.92,mid,severe,6.0,severe,0.15,8.0,1,9.42,train
135,000135.png,data/images/000135.png,4-ASK,19.87,high_mid,none,0.0,none,0.0,0.0,0,,train
136,000136.png,data/images/000136.png,4-ASK,15.01,high_mid,none,0.0,none,0.0,0.0,0,,train
137,000137.png,data/images/000137.png,4-ASK,19.74,high_mid,none,0.0,none,0.0,0.0,0,,train
138,000138.png,data/images/000138.png,4-ASK,18.09,high_mid,none,0.0,none,0.0,0.0,0,,train
139,000139.png,data/images/000139.png,4-ASK,15.97,high_mid,none,0.0,none,0.0,0.0,1,10.11,test
140,000140.png,data/images/000140.png,4-ASK,16.48,high_mid,none,0.0,mild,0.05,2.0,0,,train
141,000141.png,data/images/000141.png,4-ASK,17.26,high_mid,none,0.0,mild,0.05,2.0,0,,train
142,000142.png,data/images/000142.png,4-ASK,19.33,high_mid,none,0.0,mild,0.05,2.0,0,,train
143,000143.png,data/images/000143.png,4-ASK,16.34,high_mid,none,0.0,mild,0.05,2.0,0,,train
144,000144.png,data/images/000144.png,4-ASK,16.92,high_mid,none,0.0,mild,0.05,2.0,1,13.39,train
145,000145.png,data/images/000145.png,4-ASK,17.17,high_mid,none,0.0,severe,0.15,8.0,0,,val
146,000146.png,data/images/000146.png,4-ASK,17.36,high_mid,none,0.0,severe,0.15,8.0,0,,train
147,000147.png,data/images/000147.png,4-ASK,19.19,high_mid,none,0.0,severe,0.15,8.0,0,,train
148,000148.png,data/images/000148.png,4-ASK,17.78,high_mid,none,0.0,severe,0.15,8.0,0,,train
149,000149.png,data/images/000149.png,4-ASK,17.5,high_mid,none,0.0,severe,0.15,8.0,0,,test
150,000150.png,data/images/000150.png,4-ASK,16.94,high_mid,mild,2.0,none,0.0,0.0,1,5.52,train
151,000151.png,data/images/000151.png,4-ASK,19.8,high_mid,mild,2.0,none,0.0,0.0,0,,train
152,000152.png,data/images/000152.png,4-ASK,15.37,high_mid,mild,2.0,none,0.0,0.0,0,,train
153,000153.png,data/images/000153.png,4-ASK,18.03,high_mid,mild,2.0,none,0.0,0.0,0,,train
154,000154.png,data/images/000154.png,4-ASK,16.83,high_mid,mild,2.0,none,0.0,0.0,1,12.39,train
155,000155.png,data/images/000155.png,4-ASK,17.65,high_mid,mild,2.0,mild,0.05,2.0,0,,train
156,000156.png,data/images/000156.png,4-ASK,15.64,high_mid,mild,2.0,mild,0.05,2.0,1,14.85,train
157,000157.png,data/images/000157.png,4-ASK,18.75,high_mid,mild,2.0,mild,0.05,2.0,0,,train
158,000158.png,data/images/000158.png,4-ASK,19.33,high_mid,mild,2.0,mild,0.05,2.0,0,,train
159,000159.png,data/images/000159.png,4-ASK,15.85,high_mid,mild,2.0,mild,0.05,2.0,0,,train
160,000160.png,data/images/000160.png,4-ASK,16.96,high_mid,mild,2.0,severe,0.15,8.0,0,,train
161,000161.png,data/images/000161.png,4-ASK,18.72,high_mid,mild,2.0,severe,0.15,8.0,0,,train
162,000162.png,data/images/000162.png,4-ASK,16.95,high_mid,mild,2.0,severe,0.15,8.0,0,,train
163,000163.png,data/images/000163.png,4-ASK,19.59,high_mid,mild,2.0,severe,0.15,8.0,0,,val
164,000164.png,data/images/000164.png,4-ASK,16.0,high_mid,mild,2.0,severe,0.15,8.0,0,,train
165,000165.png,data/images/000165.png,4-ASK,17.63,high_mid,severe,6.0,none,0.0,0.0,0,,val
166,000166.png,data/images/000166.png,4-ASK,15.98,high_mid,severe,6.0,none,0.0,0.0,0,,train
167,000167.png,data/images/000167.png,4-ASK,18.33,high_mid,severe,6.0,none,0.0,0.0,0,,test
168,000168.png,data/images/000168.png,4-ASK,18.93,high_mid,severe,6.0,none,0.0,0.0,1,14.41,train
169,000169.png,data/images/000169.png,4-ASK,17.28,high_mid,severe,6.0,none,0.0,0.0,0,,train
170,000170.png,data/images/000170.png,4-ASK,16.84,high_mid,severe,6.0,mild,0.05,2.0,0,,train
171,000171.png,data/images/000171.png,4-ASK,17.02,high_mid,severe,6.0,mild,0.05,2.0,1,5.04,val
172,000172.png,data/images/000172.png,4-ASK,18.84,high_mid,severe,6.0,mild,0.05,2.0,1,8.06,train
173,000173.png,data/images/000173.png,4-ASK,16.15,high_mid,severe,6.0,mild,0.05,2.0,0,,val
174,000174.png,data/images/000174.png,4-ASK,18.15,high_mid,severe,6.0,mild,0.05,2.0,1,5.4,train
175,000175.png,data/images/000175.png,4-ASK,15.62,high_mid,severe,6.0,severe,0.15,8.0,0,,test
176,000176.png,data/images/000176.png,4-ASK,19.91,high_mid,severe,6.0,severe,0.15,8.0,0,,train
177,000177.png,data/images/000177.png,4-ASK,15.74,high_mid,severe,6.0,severe,0.15,8.0,0,,train
178,000178.png,data/images/000178.png,4-ASK,19.28,high_mid,severe,6.0,severe,0.15,8.0,0,,train
179,000179.png,data/images/000179.png,4-ASK,15.99,high_mid,severe,6.0,severe,0.15,8.0,1,6.44,val
180,000180.png,data/images/000180.png,4-ASK,25.43,high,none,0.0,none,0.0,0.0,0,,train
181,000181.png,data/images/000181.png,4-ASK,28.44,high,none,0.0,none,0.0,0.0,0,,val
182,000182.png,data/images/000182.png,4-ASK,22.75,high,none,0.0,none,0.0,0.0,0,,val
183,000183.png,data/images/000183.png,4-ASK,25.48,high,none,0.0,none,0.0,0.0,0,,train
184,000184.png,data/images/000184.png,4-ASK,29.09,high,none,0.0,none,0.0,0.0,0,,train
185,000185.png,data/images/000185.png,4-ASK,21.11,high,none,0.0,mild,0.05,2.0,0,,train
186,000186.png,data/images/000186.png,4-ASK,28.13,high,none,0.0,mild,0.05,2.0,0,,train
187,000187.png,data/images/000187.png,4-ASK,21.57,high,none,0.0,mild,0.05,2.0,0,,train
188,000188.png,data/images/000188.png,4-ASK,20.11,high,none,0.0,mild,0.05,2.0,0,,train
189,000189.png,data/images/000189.png,4-ASK,23.28,high,none,0.0,mild,0.05,2.0,0,,test
190,000190.png,data/images/000190.png,4-ASK,25.26,high,none,0.0,severe,0.15,8.0,0,,test
191,000191.png,data/images/000191.png,4-ASK,21.34,high,none,0.0,severe,0.15,8.0,1,12.71,train
192,000192.png,data/images/000192.png,4-ASK,26.55,high,none,0.0,severe,0.15,8.0,0,,train
193,000193.png,data/images/000193.png,4-ASK,29.3,high,none,0.0,severe,0.15,8.0,1,12.94,train
194,000194.png,data/images/000194.png,4-ASK,26.29,high,none,0.0,severe,0.15,8.0,0,,train
195,000195.png,data/images/000195.png,4-ASK,27.49,high,mild,2.0,none,0.0,0.0,0,,val
196,000196.png,data/images/000196.png,4-ASK,26.11,high,mild,2.0,none,0.0,0.0,1,7.35,train
197,000197.png,data/images/000197.png,4-ASK,28.76,high,mild,2.0,none,0.0,0.0,0,,train
198,000198.png,data/images/000198.png,4-ASK,27.75,high,mild,2.0,none,0.0,0.0,0,,train
199,000199.png,data/images/000199.png,4-ASK,23.51,high,mild,2.0,none,0.0,0.0,0,,train
200,000200.png,data/images/000200.png,4-ASK,21.74,high,mild,2.0,mild,0.05,2.0,0,,val
201,000201.png,data/images/000201.png,4-ASK,23.35,high,mild,2.0,mild,0.05,2.0,0,,val
202,000202.png,data/images/000202.png,4-ASK,21.56,high,mild,2.0,mild,0.05,2.0,0,,train
203,000203.png,data/images/000203.png,4-ASK,22.67,high,mild,2.0,mild,0.05,2.0,0,,train
204,000204.png,data/images/000204.png,4-ASK,20.2,high,mild,2.0,mild,0.05,2.0,0,,train
205,000205.png,data/images/000205.png,4-ASK,24.73,high,mild,2.0,severe,0.15,8.0,0,,train
206,000206.png,data/images/000206.png,4-ASK,27.97,high,mild,2.0,severe,0.15,8.0,0,,train
207,000207.png,data/images/000207.png,4-ASK,28.66,high,mild,2.0,severe,0.15,8.0,0,,train
208,000208.png,data/images/000208.png,4-ASK,22.47,high,mild,2.0,severe,0.15,8.0,0,,train
209,000209.png,data/images/000209.png,4-ASK,23.67,high,mild,2.0,severe,0.15,8.0,0,,train
210,000210.png,data/images/000210.png,4-ASK,20.22,high,severe,6.0,none,0.0,0.0,0,,train
211,000211.png,data/images/000211.png,4-ASK,26.05,high,severe,6.0,none,0.0,0.0,0,,val
212,000212.png,data/images/000212.png,4-ASK,22.35,high,severe,6.0,none,0.0,0.0,0,,val
213,000213.png,data/images/000213.png,4-ASK,20.88,high,severe,6.0,none,0.0,0.0,0,,test
214,000214.png,data/images/000214.png,4-ASK,24.97,high,severe,6.0,none,0.0,0.0,1,13.69,train
215,000215.png,data/images/000215.png,4-ASK,25.02,high,severe,6.0,mild,0.05,2.0,1,14.28,val
216,000216.png,data/images/000216.png,4-ASK,28.4,high,severe,6.0,mild,0.05,2.0,0,,val
217,000217.png,data/images/000217.png,4-ASK,22.18,high,severe,6.0,mild,0.05,2.0,0,,train
218,000218.png,data/images/000218.png,4-ASK,27.6,high,severe,6.0,mild,0.05,2.0,0,,train
219,000219.png,data/images/000219.png,4-ASK,28.49,high,severe,6.0,mild,0.05,2.0,0,,train
220,000220.png,data/images/000220.png,4-ASK,24.5,high,severe,6.0,severe,0.15,8.0,0,,train
221,000221.png,data/images/000221.png,4-ASK,26.93,high,severe,6.0,severe,0.15,8.0,1,12.54,test
222,000222.png,data/images/000222.png,4-ASK,22.95,high,severe,6.0,severe,0.15,8.0,0,,train
223,000223.png,data/images/000223.png,4-ASK,20.51,high,severe,6.0,severe,0.15,8.0,0,,train
224,000224.png,data/images/000224.png,4-ASK,22.39,high,severe,6.0,severe,0.15,8.0,0,,train
225,000225.png,data/images/000225.png,8-ASK,2.99,low,none,0.0,none,0.0,0.0,0,,train
226,000226.png,data/images/000226.png,8-ASK,4.14,low,none,0.0,none,0.0,0.0,0,,train
227,000227.png,data/images/000227.png,8-ASK,0.39,low,none,0.0,none,0.0,0.0,0,,train
228,000228.png,data/images/000228.png,8-ASK,4.49,low,none,0.0,none,0.0,0.0,0,,train
229,000229.png,data/images/000229.png,8-ASK,2.76,low,none,0.0,none,0.0,0.0,1,14.66,val
230,000230.png,data/images/000230.png,8-ASK,3.17,low,none,0.0,mild,0.05,2.0,0,,test
231,000231.png,data/images/000231.png,8-ASK,0.28,low,none,0.0,mild,0.05,2.0,0,,val
232,000232.png,data/images/000232.png,8-ASK,2.22,low,none,0.0,mild,0.05,2.0,0,,test
233,000233.png,data/images/000233.png,8-ASK,3.01,low,none,0.0,mild,0.05,2.0,0,,val
234,000234.png,data/images/000234.png,8-ASK,3.64,low,none,0.0,mild,0.05,2.0,0,,train
235,000235.png,data/images/000235.png,8-ASK,3.58,low,none,0.0,severe,0.15,8.0,0,,val
236,000236.png,data/images/000236.png,8-ASK,3.72,low,none,0.0,severe,0.15,8.0,1,12.72,train
237,000237.png,data/images/000237.png,8-ASK,3.42,low,none,0.0,severe,0.15,8.0,0,,test
238,000238.png,data/images/000238.png,8-ASK,4.48,low,none,0.0,severe,0.15,8.0,0,,train
239,000239.png,data/images/000239.png,8-ASK,4.1,low,none,0.0,severe,0.15,8.0,0,,train
240,000240.png,data/images/000240.png,8-ASK,1.32,low,mild,2.0,none,0.0,0.0,0,,train
241,000241.png,data/images/000241.png,8-ASK,3.43,low,mild,2.0,none,0.0,0.0,1,10.66,train
242,000242.png,data/images/000242.png,8-ASK,4.71,low,mild,2.0,none,0.0,0.0,0,,train
243,000243.png,data/images/000243.png,8-ASK,0.7,low,mild,2.0,none,0.0,0.0,0,,test
244,000244.png,data/images/000244.png,8-ASK,0.89,low,mild,2.0,none,0.0,0.0,0,,train
245,000245.png,data/images/000245.png,8-ASK,4.03,low,mild,2.0,mild,0.05,2.0,1,14.27,train
246,000246.png,data/images/000246.png,8-ASK,3.2,low,mild,2.0,mild,0.05,2.0,0,,test
247,000247.png,data/images/000247.png,8-ASK,1.13,low,mild,2.0,mild,0.05,2.0,0,,train
248,000248.png,data/images/000248.png,8-ASK,0.33,low,mild,2.0,mild,0.05,2.0,1,13.63,train
249,000249.png,data/images/000249.png,8-ASK,4.78,low,mild,2.0,mild,0.05,2.0,0,,train
250,000250.png,data/images/000250.png,8-ASK,3.08,low,mild,2.0,severe,0.15,8.0,0,,train
251,000251.png,data/images/000251.png,8-ASK,2.56,low,mild,2.0,severe,0.15,8.0,0,,train
252,000252.png,data/images/000252.png,8-ASK,1.75,low,mild,2.0,severe,0.15,8.0,1,13.31,test
253,000253.png,data/images/000253.png,8-ASK,0.07,low,mild,2.0,severe,0.15,8.0,0,,train
254,000254.png,data/images/000254.png,8-ASK,1.17,low,mild,2.0,severe,0.15,8.0,1,14.76,train
255,000255.png,data/images/000255.png,8-ASK,2.41,low,severe,6.0,none,0.0,0.0,0,,train
256,000256.png,data/images/000256.png,8-ASK,3.8,low,severe,6.0,none,0.0,0.0,1,8.64,train
257,000257.png,data/images/000257.png,8-ASK,4.75,low,severe,6.0,none,0.0,0.0,1,5.65,train
258,000258.png,data/images/000258.png,8-ASK,2.19,low,severe,6.0,none,0.0,0.0,0,,train
259,000259.png,data/images/000259.png,8-ASK,1.17,low,severe,6.0,none,0.0,0.0,0,,train
260,000260.png,data/images/000260.png,8-ASK,4.0,low,severe,6.0,mild,0.05,2.0,1,10.09,test
261,000261.png,data/images/000261.png,8-ASK,4.42,low,severe,6.0,mild,0.05,2.0,0,,val
262,000262.png,data/images/000262.png,8-ASK,4.28,low,severe,6.0,mild,0.05,2.0,0,,train
263,000263.png,data/images/000263.png,8-ASK,3.15,low,severe,6.0,mild,0.05,2.0,1,8.83,train
264,000264.png,data/images/000264.png,8-ASK,1.45,low,severe,6.0,mild,0.05,2.0,0,,train
265,000265.png,data/images/000265.png,8-ASK,2.04,low,severe,6.0,severe,0.15,8.0,0,,val
266,000266.png,data/images/000266.png,8-ASK,4.14,low,severe,6.0,severe,0.15,8.0,0,,train
267,000267.png,data/images/000267.png,8-ASK,2.27,low,severe,6.0,severe,0.15,8.0,0,,train
268,000268.png,data/images/000268.png,8-ASK,4.48,low,severe,6.0,severe,0.15,8.0,0,,test
269,000269.png,data/images/000269.png,8-ASK,2.29,low,severe,6.0,severe,0.15,8.0,0,,train
270,000270.png,data/images/000270.png,8-ASK,7.35,low_mid,none,0.0,none,0.0,0.0,1,13.92,ood_test
271,000271.png,data/images/000271.png,8-ASK,9.33,low_mid,none,0.0,none,0.0,0.0,0,,ood_test
272,000272.png,data/images/000272.png,8-ASK,6.93,low_mid,none,0.0,none,0.0,0.0,0,,ood_test
273,000273.png,data/images/000273.png,8-ASK,6.73,low_mid,none,0.0,none,0.0,0.0,0,,ood_test
274,000274.png,data/images/000274.png,8-ASK,9.06,low_mid,none,0.0,none,0.0,0.0,0,,ood_test
275,000275.png,data/images/000275.png,8-ASK,6.69,low_mid,none,0.0,mild,0.05,2.0,0,,ood_test
276,000276.png,data/images/000276.png,8-ASK,8.97,low_mid,none,0.0,mild,0.05,2.0,1,10.29,ood_test
277,000277.png,data/images/000277.png,8-ASK,5.45,low_mid,none,0.0,mild,0.05,2.0,0,,ood_test
278,000278.png,data/images/000278.png,8-ASK,5.16,low_mid,none,0.0,mild,0.05,2.0,0,,ood_test
279,000279.png,data/images/000279.png,8-ASK,9.43,low_mid,none,0.0,mild,0.05,2.0,1,14.69,ood_test
280,000280.png,data/images/000280.png,8-ASK,7.38,low_mid,none,0.0,severe,0.15,8.0,0,,ood_test
281,000281.png,data/images/000281.png,8-ASK,6.5,low_mid,none,0.0,severe,0.15,8.0,0,,ood_test
282,000282.png,data/images/000282.png,8-ASK,7.61,low_mid,none,0.0,severe,0.15,8.0,1,11.89,ood_test
283,000283.png,data/images/000283.png,8-ASK,5.99,low_mid,none,0.0,severe,0.15,8.0,1,13.57,ood_test
284,000284.png,data/images/000284.png,8-ASK,5.24,low_mid,none,0.0,severe,0.15,8.0,0,,ood_test
285,000285.png,data/images/000285.png,8-ASK,8.41,low_mid,mild,2.0,none,0.0,0.0,0,,ood_test
286,000286.png,data/images/000286.png,8-ASK,6.44,low_mid,mild,2.0,none,0.0,0.0,0,,ood_test
287,000287.png,data/images/000287.png,8-ASK,6.68,low_mid,mild,2.0,none,0.0,0.0,1,13.46,ood_test
288,000288.png,data/images/000288.png,8-ASK,9.7,low_mid,mild,2.0,none,0.0,0.0,0,,ood_test
289,000289.png,data/images/000289.png,8-ASK,6.19,low_mid,mild,2.0,none,0.0,0.0,0,,ood_test
290,000290.png,data/images/000290.png,8-ASK,5.06,low_mid,mild,2.0,mild,0.05,2.0,0,,ood_test
291,000291.png,data/images/000291.png,8-ASK,9.44,low_mid,mild,2.0,mild,0.05,2.0,1,11.06,ood_test
292,000292.png,data/images/000292.png,8-ASK,8.29,low_mid,mild,2.0,mild,0.05,2.0,0,,ood_test
293,000293.png,data/images/000293.png,8-ASK,6.23,low_mid,mild,2.0,mild,0.05,2.0,0,,ood_test
294,000294.png,data/images/000294.png,8-ASK,9.96,low_mid,mild,2.0,mild,0.05,2.0,0,,ood_test
295,000295.png,data/images/000295.png,8-ASK,7.51,low_mid,mild,2.0,severe,0.15,8.0,0,,ood_test
296,000296.png,data/images/000296.png,8-ASK,8.88,low_mid,mild,2.0,severe,0.15,8.0,0,,ood_test
297,000297.png,data/images/000297.png,8-ASK,9.1,low_mid,mild,2.0,severe,0.15,8.0,0,,ood_test
298,000298.png,data/images/000298.png,8-ASK,8.67,low_mid,mild,2.0,severe,0.15,8.0,0,,ood_test
299,000299.png,data/images/000299.png,8-ASK,7.31,low_mid,mild,2.0,severe,0.15,8.0,0,,ood_test
300,000300.png,data/images/000300.png,8-ASK,6.11,low_mid,severe,6.0,none,0.0,0.0,0,,ood_test
301,000301.png,data/images/000301.png,8-ASK,8.2,low_mid,severe,6.0,none,0.0,0.0,0,,ood_test
302,000302.png,data/images/000302.png,8-ASK,6.79,low_mid,severe,6.0,none,0.0,0.0,0,,ood_test
303,000303.png,data/images/000303.png,8-ASK,8.1,low_mid,severe,6.0,none,0.0,0.0,0,,ood_test
304,000304.png,data/images/000304.png,8-ASK,7.46,low_mid,severe,6.0,none,0.0,0.0,0,,ood_test
305,000305.png,data/images/000305.png,8-ASK,6.73,low_mid,severe,6.0,mild,0.05,2.0,0,,ood_test
306,000306.png,data/images/000306.png,8-ASK,9.69,low_mid,severe,6.0,mild,0.05,2.0,1,7.06,ood_test
307,000307.png,data/images/000307.png,8-ASK,8.33,low_mid,severe,6.0,mild,0.05,2.0,0,,ood_test
308,000308.png,data/images/000308.png,8-ASK,5.39,low_mid,severe,6.0,mild,0.05,2.0,1,14.35,ood_test
309,000309.png,data/images/000309.png,8-ASK,6.14,low_mid,severe,6.0,mild,0.05,2.0,1,12.07,ood_test
310,000310.png,data/images/000310.png,8-ASK,6.28,low_mid,severe,6.0,severe,0.15,8.0,0,,ood_test
311,000311.png,data/images/000311.png,8-ASK,9.85,low_mid,severe,6.0,severe,0.15,8.0,0,,ood_test
312,000312.png,data/images/000312.png,8-ASK,8.42,low_mid,severe,6.0,severe,0.15,8.0,1,11.21,ood_test
313,000313.png,data/images/000313.png,8-ASK,6.47,low_mid,severe,6.0,severe,0.15,8.0,0,,ood_test
314,000314.png,data/images/000314.png,8-ASK,6.14,low_mid,severe,6.0,severe,0.15,8.0,0,,ood_test
315,000315.png,data/images/000315.png,8-ASK,13.64,mid,none,0.0,none,0.0,0.0,1,9.59,train
316,000316.png,data/images/000316.png,8-ASK,12.88,mid,none,0.0,none,0.0,0.0,0,,test
317,000317.png,data/images/000317.png,8-ASK,14.59,mid,none,0.0,none,0.0,0.0,0,,test
318,000318.png,data/images/000318.png,8-ASK,10.09,mid,none,0.0,none,0.0,0.0,0,,val
319,000319.png,data/images/000319.png,8-ASK,13.01,mid,none,0.0,none,0.0,0.0,0,,train
320,000320.png,data/images/000320.png,8-ASK,12.93,mid,none,0.0,mild,0.05,2.0,1,14.02,val
321,000321.png,data/images/000321.png,8-ASK,13.14,mid,none,0.0,mild,0.05,2.0,0,,val
322,000322.png,data/images/000322.png,8-ASK,13.88,mid,none,0.0,mild,0.05,2.0,1,5.89,train
323,000323.png,data/images/000323.png,8-ASK,10.64,mid,none,0.0,mild,0.05,2.0,0,,train
324,000324.png,data/images/000324.png,8-ASK,12.53,mid,none,0.0,mild,0.05,2.0,1,6.69,train
325,000325.png,data/images/000325.png,8-ASK,14.65,mid,none,0.0,severe,0.15,8.0,1,12.78,test
326,000326.png,data/images/000326.png,8-ASK,13.87,mid,none,0.0,severe,0.15,8.0,1,9.84,train
327,000327.png,data/images/000327.png,8-ASK,12.83,mid,none,0.0,severe,0.15,8.0,0,,val
328,000328.png,data/images/000328.png,8-ASK,11.31,mid,none,0.0,severe,0.15,8.0,0,,train
329,000329.png,data/images/000329.png,8-ASK,14.77,mid,none,0.0,severe,0.15,8.0,0,,train
330,000330.png,data/images/000330.png,8-ASK,12.92,mid,mild,2.0,none,0.0,0.0,0,,test
331,000331.png,data/images/000331.png,8-ASK,11.48,mid,mild,2.0,none,0.0,0.0,0,,train
332,000332.png,data/images/000332.png,8-ASK,13.24,mid,mild,2.0,none,0.0,0.0,0,,test
333,000333.png,data/images/000333.png,8-ASK,11.71,mid,mild,2.0,none,0.0,0.0,0,,train
334,000334.png,data/images/000334.png,8-ASK,10.72,mid,mild,2.0,none,0.0,0.0,0,,train
335,000335.png,data/images/000335.png,8-ASK,14.02,mid,mild,2.0,mild,0.05,2.0,0,,train
336,000336.png,data/images/000336.png,8-ASK,10.21,mid,mild,2.0,mild,0.05,2.0,0,,train
337,000337.png,data/images/000337.png,8-ASK,14.64,mid,mild,2.0,mild,0.05,2.0,0,,train
338,000338.png,data/images/000338.png,8-ASK,13.59,mid,mild,2.0,mild,0.05,2.0,0,,test
339,000339.png,data/images/000339.png,8-ASK,14.82,mid,mild,2.0,mild,0.05,2.0,1,11.0,train
340,000340.png,data/images/000340.png,8-ASK,13.83,mid,mild,2.0,severe,0.15,8.0,0,,train
341,000341.png,data/images/000341.png,8-ASK,13.18,mid,mild,2.0,severe,0.15,8.0,0,,train
342,000342.png,data/images/000342.png,8-ASK,13.01,mid,mild,2.0,severe,0.15,8.0,0,,train
343,000343.png,data/images/000343.png,8-ASK,10.33,mid,mild,2.0,severe,0.15,8.0,0,,train
344,000344.png,data/images/000344.png,8-ASK,15.0,mid,mild,2.0,severe,0.15,8.0,0,,train
345,000345.png,data/images/000345.png,8-ASK,13.46,mid,severe,6.0,none,0.0,0.0,1,10.09,val
346,000346.png,data/images/000346.png,8-ASK,12.02,mid,severe,6.0,none,0.0,0.0,0,,test
347,000347.png,data/images/000347.png,8-ASK,10.96,mid,severe,6.0,none,0.0,0.0,0,,train
348,000348.png,data/images/000348.png,8-ASK,11.5,mid,severe,6.0,none,0.0,0.0,1,6.54,train
349,000349.png,data/images/000349.png,8-ASK,10.24,mid,severe,6.0,none,0.0,0.0,0,,test
350,000350.png,data/images/000350.png,8-ASK,13.29,mid,severe,6.0,mild,0.05,2.0,0,,test
351,000351.png,data/images/000351.png,8-ASK,10.99,mid,severe,6.0,mild,0.05,2.0,0,,train
352,000352.png,data/images/000352.png,8-ASK,12.55,mid,severe,6.0,mild,0.05,2.0,1,8.38,train
353,000353.png,data/images/000353.png,8-ASK,10.99,mid,severe,6.0,mild,0.05,2.0,0,,test
354,000354.png,data/images/000354.png,8-ASK,14.46,mid,severe,6.0,mild,0.05,2.0,0,,train
355,000355.png,data/images/000355.png,8-ASK,13.42,mid,severe,6.0,severe,0.15,8.0,0,,train
356,000356.png,data/images/000356.png,8-ASK,11.21,mid,severe,6.0,severe,0.15,8.0,0,,train
357,000357.png,data/images/000357.png,8-ASK,11.34,mid,severe,6.0,severe,0.15,8.0,0,,val
358,000358.png,data/images/000358.png,8-ASK,13.01,mid,severe,6.0,severe,0.15,8.0,0,,test
359,000359.png,data/images/000359.png,8-ASK,12.23,mid,severe,6.0,severe,0.15,8.0,0,,train
360,000360.png,data/images/000360.png,8-ASK,15.72,high_mid,none,0.0,none,0.0,0.0,1,11.3,train
361,000361.png,data/images/000361.png,8-ASK,17.62,high_mid,none,0.0,none,0.0,0.0,0,,train
362,000362.png,data/images/000362.png,8-ASK,15.68,high_mid,none,0.0,none,0.0,0.0,0,,train
363,000363.png,data/images/000363.png,8-ASK,17.89,high_mid,none,0.0,none,0.0,0.0,0,,test
364,000364.png,data/images/000364.png,8-ASK,16.91,high_mid,none,0.0,none,0.0,0.0,0,,test
365,000365.png,data/images/000365.png,8-ASK,15.88,high_mid,none,0.0,mild,0.05,2.0,0,,train
366,000366.png,data/images/000366.png,8-ASK,18.89,high_mid,none,0.0,mild,0.05,2.0,1,13.23,train
367,000367.png,data/images/000367.png,8-ASK,15.02,high_mid,none,0.0,mild,0.05,2.0,0,,train
368,000368.png,data/images/000368.png,8-ASK,19.39,high_mid,none,0.0,mild,0.05,2.0,0,,train
369,000369.png,data/images/000369.png,8-ASK,15.81,high_mid,none,0.0,mild,0.05,2.0,0,,train
370,000370.png,data/images/000370.png,8-ASK,17.25,high_mid,none,0.0,severe,0.15,8.0,1,5.9,train
371,000371.png,data/images/000371.png,8-ASK,18.62,high_mid,none,0.0,severe,0.15,8.0,0,,train
372,000372.png,data/images/000372.png,8-ASK,17.25,high_mid,none,0.0,severe,0.15,8.0,0,,train
373,000373.png,data/images/000373.png,8-ASK,15.99,high_mid,none,0.0,severe,0.15,8.0,1,13.04,train
374,000374.png,data/images/000374.png,8-ASK,19.17,high_mid,none,0.0,severe,0.15,8.0,0,,test
375,000375.png,data/images/000375.png,8-ASK,19.45,high_mid,mild,2.0,none,0.0,0.0,0,,train
376,000376.png,data/images/000376.png,8-ASK,16.13,high_mid,mild,2.0,none,0.0,0.0,0,,train
377,000377.png,data/images/000377.png,8-ASK,15.9,high_mid,mild,2.0,none,0.0,0.0,0,,val
378,000378.png,data/images/000378.png,8-ASK,16.83,high_mid,mild,2.0,none,0.0,0.0,1,13.71,train
379,000379.png,data/images/000379.png,8-ASK,18.53,high_mid,mild,2.0,none,0.0,0.0,0,,train
380,000380.png,data/images/000380.png,8-ASK,16.11,high_mid,mild,2.0,mild,0.05,2.0,0,,train
381,000381.png,data/images/000381.png,8-ASK,18.49,high_mid,mild,2.0,mild,0.05,2.0,0,,train
382,000382.png,data/images/000382.png,8-ASK,17.43,high_mid,mild,2.0,mild,0.05,2.0,0,,train
383,000383.png,data/images/000383.png,8-ASK,16.22,high_mid,mild,2.0,mild,0.05,2.0,1,13.23,test
384,000384.png,data/images/000384.png,8-ASK,16.95,high_mid,mild,2.0,mild,0.05,2.0,0,,test
385,000385.png,data/images/000385.png,8-ASK,15.22,high_mid,mild,2.0,severe,0.15,8.0,0,,train
386,000386.png,data/images/000386.png,8-ASK,17.08,high_mid,mild,2.0,severe,0.15,8.0,0,,test
387,000387.png,data/images/000387.png,8-ASK,15.56,high_mid,mild,2.0,severe,0.15,8.0,0,,train
388,000388.png,data/images/000388.png,8-ASK,17.5,high_mid,mild,2.0,severe,0.15,8.0,0,,test
389,000389.png,data/images/000389.png,8-ASK,19.64,high_mid,mild,2.0,severe,0.15,8.0,0,,val
390,000390.png,data/images/000390.png,8-ASK,16.03,high_mid,severe,6.0,none,0.0,0.0,0,,val
391,000391.png,data/images/000391.png,8-ASK,19.03,high_mid,severe,6.0,none,0.0,0.0,1,10.97,test
392,000392.png,data/images/000392.png,8-ASK,18.52,high_mid,severe,6.0,none,0.0,0.0,0,,train
393,000393.png,data/images/000393.png,8-ASK,15.28,high_mid,severe,6.0,none,0.0,0.0,0,,train
394,000394.png,data/images/000394.png,8-ASK,15.09,high_mid,severe,6.0,none,0.0,0.0,1,8.95,train
395,000395.png,data/images/000395.png,8-ASK,17.72,high_mid,severe,6.0,mild,0.05,2.0,0,,train
396,000396.png,data/images/000396.png,8-ASK,19.26,high_mid,severe,6.0,mild,0.05,2.0,0,,test
397,000397.png,data/images/000397.png,8-ASK,15.27,high_mid,severe,6.0,mild,0.05,2.0,0,,train
398,000398.png,data/images/000398.png,8-ASK,19.84,high_mid,severe,6.0,mild,0.05,2.0,0,,val
399,000399.png,data/images/000399.png,8-ASK,16.36,high_mid,severe,6.0,mild,0.05,2.0,0,,train
400,000400.png,data/images/000400.png,8-ASK,15.2,high_mid,severe,6.0,severe,0.15,8.0,1,9.89,train
401,000401.png,data/images/000401.png,8-ASK,19.5,high_mid,severe,6.0,severe,0.15,8.0,0,,train
402,000402.png,data/images/000402.png,8-ASK,15.33,high_mid,severe,6.0,severe,0.15,8.0,0,,train
403,000403.png,data/images/000403.png,8-ASK,19.41,high_mid,severe,6.0,severe,0.15,8.0,0,,test
404,000404.png,data/images/000404.png,8-ASK,15.16,high_mid,severe,6.0,severe,0.15,8.0,0,,train
405,000405.png,data/images/000405.png,8-ASK,29.42,high,none,0.0,none,0.0,0.0,0,,train
406,000406.png,data/images/000406.png,8-ASK,29.61,high,none,0.0,none,0.0,0.0,0,,train
407,000407.png,data/images/000407.png,8-ASK,22.42,high,none,0.0,none,0.0,0.0,0,,test
408,000408.png,data/images/000408.png,8-ASK,26.63,high,none,0.0,none,0.0,0.0,0,,train
409,000409.png,data/images/000409.png,8-ASK,20.12,high,none,0.0,none,0.0,0.0,0,,train
410,000410.png,data/images/000410.png,8-ASK,25.1,high,none,0.0,mild,0.05,2.0,1,12.29,train
411,000411.png,data/images/000411.png,8-ASK,28.1,high,none,0.0,mild,0.05,2.0,0,,train
412,000412.png,data/images/000412.png,8-ASK,27.38,high,none,0.0,mild,0.05,2.0,1,5.37,train
413,000413.png,data/images/000413.png,8-ASK,22.59,high,none,0.0,mild,0.05,2.0,0,,train
414,000414.png,data/images/000414.png,8-ASK,22.9,high,none,0.0,mild,0.05,2.0,0,,test
415,000415.png,data/images/000415.png,8-ASK,22.62,high,none,0.0,severe,0.15,8.0,0,,val
416,000416.png,data/images/000416.png,8-ASK,26.54,high,none,0.0,severe,0.15,8.0,0,,train
417,000417.png,data/images/000417.png,8-ASK,26.16,high,none,0.0,severe,0.15,8.0,1,11.03,train
418,000418.png,data/images/000418.png,8-ASK,27.51,high,none,0.0,severe,0.15,8.0,1,6.89,train
419,000419.png,data/images/000419.png,8-ASK,26.63,high,none,0.0,severe,0.15,8.0,0,,train
420,000420.png,data/images/000420.png,8-ASK,27.37,high,mild,2.0,none,0.0,0.0,0,,train
421,000421.png,data/images/000421.png,8-ASK,29.49,high,mild,2.0,none,0.0,0.0,0,,val
422,000422.png,data/images/000422.png,8-ASK,21.24,high,mild,2.0,none,0.0,0.0,0,,train
423,000423.png,data/images/000423.png,8-ASK,29.1,high,mild,2.0,none,0.0,0.0,0,,train
424,000424.png,data/images/000424.png,8-ASK,28.44,high,mild,2.0,none,0.0,0.0,1,14.53,train
425,000425.png,data/images/000425.png,8-ASK,22.51,high,mild,2.0,mild,0.05,2.0,1,13.02,val
426,000426.png,data/images/000426.png,8-ASK,21.56,high,mild,2.0,mild,0.05,2.0,0,,train
427,000427.png,data/images/000427.png,8-ASK,22.96,high,mild,2.0,mild,0.05,2.0,0,,train
428,000428.png,data/images/000428.png,8-ASK,22.45,high,mild,2.0,mild,0.05,2.0,0,,train
429,000429.png,data/images/000429.png,8-ASK,22.89,high,mild,2.0,mild,0.05,2.0,0,,val
430,000430.png,data/images/000430.png,8-ASK,24.44,high,mild,2.0,severe,0.15,8.0,0,,val
431,000431.png,data/images/000431.png,8-ASK,22.83,high,mild,2.0,severe,0.15,8.0,1,8.9,train
432,000432.png,data/images/000432.png,8-ASK,28.75,high,mild,2.0,severe,0.15,8.0,0,,val
433,000433.png,data/images/000433.png,8-ASK,29.69,high,mild,2.0,severe,0.15,8.0,0,,val
434,000434.png,data/images/000434.png,8-ASK,28.1,high,mild,2.0,severe,0.15,8.0,0,,train
435,000435.png,data/images/000435.png,8-ASK,20.85,high,severe,6.0,none,0.0,0.0,0,,train
436,000436.png,data/images/000436.png,8-ASK,22.96,high,severe,6.0,none,0.0,0.0,0,,train
437,000437.png,data/images/000437.png,8-ASK,23.68,high,severe,6.0,none,0.0,0.0,0,,val
438,000438.png,data/images/000438.png,8-ASK,22.3,high,severe,6.0,none,0.0,0.0,0,,train
439,000439.png,data/images/000439.png,8-ASK,20.47,high,severe,6.0,none,0.0,0.0,0,,train
440,000440.png,data/images/000440.png,8-ASK,26.61,high,severe,6.0,mild,0.05,2.0,0,,train
441,000441.png,data/images/000441.png,8-ASK,30.0,high,severe,6.0,mild,0.05,2.0,0,,train
442,000442.png,data/images/000442.png,8-ASK,22.37,high,severe,6.0,mild,0.05,2.0,0,,train
443,000443.png,data/images/000443.png,8-ASK,26.87,high,severe,6.0,mild,0.05,2.0,0,,test
444,000444.png,data/images/000444.png,8-ASK,28.82,high,severe,6.0,mild,0.05,2.0,0,,val
445,000445.png,data/images/000445.png,8-ASK,21.76,high,severe,6.0,severe,0.15,8.0,1,13.58,val
446,000446.png,data/images/000446.png,8-ASK,23.8,high,severe,6.0,severe,0.15,8.0,0,,val
447,000447.png,data/images/000447.png,8-ASK,26.27,high,severe,6.0,severe,0.15,8.0,0,,val
448,000448.png,data/images/000448.png,8-ASK,28.02,high,severe,6.0,severe,0.15,8.0,0,,train
449,000449.png,data/images/000449.png,8-ASK,22.0,high,severe,6.0,severe,0.15,8.0,0,,train
450,000450.png,data/images/000450.png,BPSK,3.11,low,none,0.0,none,0.0,0.0,0,,train
451,000451.png,data/images/000451.png,BPSK,1.85,low,none,0.0,none,0.0,0.0,0,,train
452,000452.png,data/images/000452.png,BPSK,0.79,low,none,0.0,none,0.0,0.0,0,,train
453,000453.png,data/images/000453.png,BPSK,1.51,low,none,0.0,none,0.0,0.0,1,13.03,val
454,000454.png,data/images/000454.png,BPSK,4.72,low,none,0.0,none,0.0,0.0,0,,train
455,000455.png,data/images/000455.png,BPSK,3.98,low,none,0.0,mild,0.05,2.0,0,,train
456,000456.png,data/images/000456.png,BPSK,3.84,low,none,0.0,mild,0.05,2.0,0,,val
457,000457.png,data/images/000457.png,BPSK,2.73,low,none,0.0,mild,0.05,2.0,0,,test
458,000458.png,data/images/000458.png,BPSK,2.72,low,none,0.0,mild,0.05,2.0,0,,train
459,000459.png,data/images/000459.png,BPSK,4.98,low,none,0.0,mild,0.05,2.0,0,,val
460,000460.png,data/images/000460.png,BPSK,2.63,low,none,0.0,severe,0.15,8.0,0,,train
461,000461.png,data/images/000461.png,BPSK,4.68,low,none,0.0,severe,0.15,8.0,0,,val
462,000462.png,data/images/000462.png,BPSK,0.66,low,none,0.0,severe,0.15,8.0,0,,train
463,000463.png,data/images/000463.png,BPSK,2.12,low,none,0.0,severe,0.15,8.0,1,9.64,train
464,000464.png,data/images/000464.png,BPSK,2.65,low,none,0.0,severe,0.15,8.0,0,,train
465,000465.png,data/images/000465.png,BPSK,2.51,low,mild,2.0,none,0.0,0.0,1,5.86,train
466,000466.png,data/images/000466.png,BPSK,4.39,low,mild,2.0,none,0.0,0.0,0,,train
467,000467.png,data/images/000467.png,BPSK,4.25,low,mild,2.0,none,0.0,0.0,1,10.87,train
468,000468.png,data/images/000468.png,BPSK,3.66,low,mild,2.0,none,0.0,0.0,0,,train
469,000469.png,data/images/000469.png,BPSK,0.7,low,mild,2.0,none,0.0,0.0,0,,test
470,000470.png,data/images/000470.png,BPSK,2.98,low,mild,2.0,mild,0.05,2.0,0,,test
471,000471.png,data/images/000471.png,BPSK,1.33,low,mild,2.0,mild,0.05,2.0,1,5.66,test
472,000472.png,data/images/000472.png,BPSK,4.87,low,mild,2.0,mild,0.05,2.0,1,6.06,train
473,000473.png,data/images/000473.png,BPSK,2.27,low,mild,2.0,mild,0.05,2.0,1,14.48,val
474,000474.png,data/images/000474.png,BPSK,4.61,low,mild,2.0,mild,0.05,2.0,1,11.95,val
475,000475.png,data/images/000475.png,BPSK,4.71,low,mild,2.0,severe,0.15,8.0,0,,test
476,000476.png,data/images/000476.png,BPSK,2.25,low,mild,2.0,severe,0.15,8.0,0,,test
477,000477.png,data/images/000477.png,BPSK,0.8,low,mild,2.0,severe,0.15,8.0,1,11.69,train
478,000478.png,data/images/000478.png,BPSK,3.1,low,mild,2.0,severe,0.15,8.0,0,,train
479,000479.png,data/images/000479.png,BPSK,2.33,low,mild,2.0,severe,0.15,8.0,0,,test
480,000480.png,data/images/000480.png,BPSK,2.07,low,severe,6.0,none,0.0,0.0,0,,val
481,000481.png,data/images/000481.png,BPSK,4.73,low,severe,6.0,none,0.0,0.0,0,,val
482,000482.png,data/images/000482.png,BPSK,3.74,low,severe,6.0,none,0.0,0.0,1,9.25,train
483,000483.png,data/images/000483.png,BPSK,2.69,low,severe,6.0,none,0.0,0.0,0,,train
484,000484.png,data/images/000484.png,BPSK,0.1,low,severe,6.0,none,0.0,0.0,1,5.84,test
485,000485.png,data/images/000485.png,BPSK,4.77,low,severe,6.0,mild,0.05,2.0,0,,train
486,000486.png,data/images/000486.png,BPSK,3.23,low,severe,6.0,mild,0.05,2.0,0,,train
487,000487.png,data/images/000487.png,BPSK,2.26,low,severe,6.0,mild,0.05,2.0,0,,val
488,000488.png,data/images/000488.png,BPSK,0.75,low,severe,6.0,mild,0.05,2.0,1,10.47,train
489,000489.png,data/images/000489.png,BPSK,4.26,low,severe,6.0,mild,0.05,2.0,0,,train
490,000490.png,data/images/000490.png,BPSK,4.49,low,severe,6.0,severe,0.15,8.0,0,,test
491,000491.png,data/images/000491.png,BPSK,2.42,low,severe,6.0,severe,0.15,8.0,0,,train
492,000492.png,data/images/000492.png,BPSK,3.09,low,severe,6.0,severe,0.15,8.0,0,,train
493,000493.png,data/images/000493.png,BPSK,4.53,low,severe,6.0,severe,0.15,8.0,0,,train
494,000494.png,data/images/000494.png,BPSK,4.29,low,severe,6.0,severe,0.15,8.0,0,,train
495,000495.png,data/images/000495.png,BPSK,6.73,low_mid,none,0.0,none,0.0,0.0,0,,ood_test
496,000496.png,data/images/000496.png,BPSK,9.96,low_mid,none,0.0,none,0.0,0.0,1,9.44,ood_test
497,000497.png,data/images/000497.png,BPSK,8.9,low_mid,none,0.0,none,0.0,0.0,0,,ood_test
498,000498.png,data/images/000498.png,BPSK,7.24,low_mid,none,0.0,none,0.0,0.0,1,6.74,ood_test
499,000499.png,data/images/000499.png,BPSK,6.62,low_mid,none,0.0,none,0.0,0.0,0,,ood_test
500,000500.png,data/images/000500.png,BPSK,9.07,low_mid,none,0.0,mild,0.05,2.0,0,,ood_test
501,000501.png,data/images/000501.png,BPSK,5.81,low_mid,none,0.0,mild,0.05,2.0,0,,ood_test
502,000502.png,data/images/000502.png,BPSK,6.18,low_mid,none,0.0,mild,0.05,2.0,0,,ood_test
503,000503.png,data/images/000503.png,BPSK,7.0,low_mid,none,0.0,mild,0.05,2.0,0,,ood_test
504,000504.png,data/images/000504.png,BPSK,7.33,low_mid,none,0.0,mild,0.05,2.0,0,,ood_test
505,000505.png,data/images/000505.png,BPSK,8.45,low_mid,none,0.0,severe,0.15,8.0,0,,ood_test
506,000506.png,data/images/000506.png,BPSK,8.61,low_mid,none,0.0,severe,0.15,8.0,0,,ood_test
507,000507.png,data/images/000507.png,BPSK,6.01,low_mid,none,0.0,severe,0.15,8.0,0,,ood_test
508,000508.png,data/images/000508.png,BPSK,5.25,low_mid,none,0.0,severe,0.15,8.0,1,8.18,ood_test
509,000509.png,data/images/000509.png,BPSK,9.11,low_mid,none,0.0,severe,0.15,8.0,0,,ood_test
510,000510.png,data/images/000510.png,BPSK,8.36,low_mid,mild,2.0,none,0.0,0.0,0,,ood_test
511,000511.png,data/images/000511.png,BPSK,9.8,low_mid,mild,2.0,none,0.0,0.0,0,,ood_test
512,000512.png,data/images/000512.png,BPSK,6.79,low_mid,mild,2.0,none,0.0,0.0,0,,ood_test
513,000513.png,data/images/000513.png,BPSK,9.53,low_mid,mild,2.0,none,0.0,0.0,0,,ood_test
514,000514.png,data/images/000514.png,BPSK,7.88,low_mid,mild,2.0,none,0.0,0.0,0,,ood_test
515,000515.png,data/images/000515.png,BPSK,5.67,low_mid,mild,2.0,mild,0.05,2.0,0,,ood_test
516,000516.png,data/images/000516.png,BPSK,9.73,low_mid,mild,2.0,mild,0.05,2.0,1,5.75,ood_test
517,000517.png,data/images/000517.png,BPSK,7.46,low_mid,mild,2.0,mild,0.05,2.0,0,,ood_test
518,000518.png,data/images/000518.png,BPSK,8.08,low_mid,mild,2.0,mild,0.05,2.0,1,14.13,ood_test
519,000519.png,data/images/000519.png,BPSK,8.11,low_mid,mild,2.0,mild,0.05,2.0,0,,ood_test
520,000520.png,data/images/000520.png,BPSK,5.79,low_mid,mild,2.0,severe,0.15,8.0,1,8.65,ood_test
521,000521.png,data/images/000521.png,BPSK,9.7,low_mid,mild,2.0,severe,0.15,8.0,0,,ood_test
522,000522.png,data/images/000522.png,BPSK,5.4,low_mid,mild,2.0,severe,0.15,8.0,0,,ood_test
523,000523.png,data/images/000523.png,BPSK,7.23,low_mid,mild,2.0,severe,0.15,8.0,0,,ood_test
524,000524.png,data/images/000524.png,BPSK,9.9,low_mid,mild,2.0,severe,0.15,8.0,0,,ood_test
525,000525.png,data/images/000525.png,BPSK,8.66,low_mid,severe,6.0,none,0.0,0.0,0,,ood_test
526,000526.png,data/images/000526.png,BPSK,5.82,low_mid,severe,6.0,none,0.0,0.0,0,,ood_test
527,000527.png,data/images/000527.png,BPSK,6.63,low_mid,severe,6.0,none,0.0,0.0,0,,ood_test
528,000528.png,data/images/000528.png,BPSK,5.02,low_mid,severe,6.0,none,0.0,0.0,0,,ood_test
529,000529.png,data/images/000529.png,BPSK,7.73,low_mid,severe,6.0,none,0.0,0.0,0,,ood_test
530,000530.png,data/images/000530.png,BPSK,9.02,low_mid,severe,6.0,mild,0.05,2.0,0,,ood_test
531,000531.png,data/images/000531.png,BPSK,8.47,low_mid,severe,6.0,mild,0.05,2.0,0,,ood_test
532,000532.png,data/images/000532.png,BPSK,6.69,low_mid,severe,6.0,mild,0.05,2.0,0,,ood_test
533,000533.png,data/images/000533.png,BPSK,8.24,low_mid,severe,6.0,mild,0.05,2.0,1,5.07,ood_test
534,000534.png,data/images/000534.png,BPSK,5.42,low_mid,severe,6.0,mild,0.05,2.0,1,13.97,ood_test
535,000535.png,data/images/000535.png,BPSK,7.24,low_mid,severe,6.0,severe,0.15,8.0,0,,ood_test
536,000536.png,data/images/000536.png,BPSK,9.78,low_mid,severe,6.0,severe,0.15,8.0,0,,ood_test
537,000537.png,data/images/000537.png,BPSK,8.39,low_mid,severe,6.0,severe,0.15,8.0,0,,ood_test
538,000538.png,data/images/000538.png,BPSK,6.84,low_mid,severe,6.0,severe,0.15,8.0,1,14.35,ood_test
539,000539.png,data/images/000539.png,BPSK,8.54,low_mid,severe,6.0,severe,0.15,8.0,0,,ood_test
540,000540.png,data/images/000540.png,BPSK,11.25,mid,none,0.0,none,0.0,0.0,0,,train
541,000541.png,data/images/000541.png,BPSK,10.92,mid,none,0.0,none,0.0,0.0,1,13.68,val
542,000542.png,data/images/000542.png,BPSK,10.9,mid,none,0.0,none,0.0,0.0,0,,train
543,000543.png,data/images/000543.png,BPSK,10.62,mid,none,0.0,none,0.0,0.0,0,,train
544,000544.png,data/images/000544.png,BPSK,14.47,mid,none,0.0,none,0.0,0.0,0,,test
545,000545.png,data/images/000545.png,BPSK,10.88,mid,none,0.0,mild,0.05,2.0,0,,train
546,000546.png,data/images/000546.png,BPSK,11.96,mid,none,0.0,mild,0.05,2.0,1,5.45,train
547,000547.png,data/images/000547.png,BPSK,14.38,mid,none,0.0,mild,0.05,2.0,1,11.39,test
548,000548.png,data/images/000548.png,BPSK,14.82,mid,none,0.0,mild,0.05,2.0,1,12.93,val
549,000549.png,data/images/000549.png,BPSK,11.1,mid,none,0.0,mild,0.05,2.0,1,10.5,train
550,000550.png,data/images/000550.png,BPSK,13.54,mid,none,0.0,severe,0.15,8.0,0,,train
551,000551.png,data/images/000551.png,BPSK,13.93,mid,none,0.0,severe,0.15,8.0,0,,test
552,000552.png,data/images/000552.png,BPSK,12.86,mid,none,0.0,severe,0.15,8.0,1,12.19,train
553,000553.png,data/images/000553.png,BPSK,10.42,mid,none,0.0,severe,0.15,8.0,0,,train
554,000554.png,data/images/000554.png,BPSK,12.24,mid,none,0.0,severe,0.15,8.0,0,,val
555,000555.png,data/images/000555.png,BPSK,10.55,mid,mild,2.0,none,0.0,0.0,0,,val
556,000556.png,data/images/000556.png,BPSK,12.92,mid,mild,2.0,none,0.0,0.0,0,,test
557,000557.png,data/images/000557.png,BPSK,11.56,mid,mild,2.0,none,0.0,0.0,0,,val
558,000558.png,data/images/000558.png,BPSK,14.01,mid,mild,2.0,none,0.0,0.0,1,7.28,val
559,000559.png,data/images/000559.png,BPSK,11.66,mid,mild,2.0,none,0.0,0.0,1,13.83,test
560,000560.png,data/images/000560.png,BPSK,11.21,mid,mild,2.0,mild,0.05,2.0,0,,train
561,000561.png,data/images/000561.png,BPSK,13.32,mid,mild,2.0,mild,0.05,2.0,0,,test
562,000562.png,data/images/000562.png,BPSK,11.23,mid,mild,2.0,mild,0.05,2.0,1,7.53,train
563,000563.png,data/images/000563.png,BPSK,14.45,mid,mild,2.0,mild,0.05,2.0,0,,test
564,000564.png,data/images/000564.png,BPSK,14.27,mid,mild,2.0,mild,0.05,2.0,1,13.07,train
565,000565.png,data/images/000565.png,BPSK,11.51,mid,mild,2.0,severe,0.15,8.0,0,,train
566,000566.png,data/images/000566.png,BPSK,13.08,mid,mild,2.0,severe,0.15,8.0,0,,test
567,000567.png,data/images/000567.png,BPSK,10.99,mid,mild,2.0,severe,0.15,8.0,0,,train
568,000568.png,data/images/000568.png,BPSK,11.09,mid,mild,2.0,severe,0.15,8.0,0,,train
569,000569.png,data/images/000569.png,BPSK,10.33,mid,mild,2.0,severe,0.15,8.0,0,,train
570,000570.png,data/images/000570.png,BPSK,14.91,mid,severe,6.0,none,0.0,0.0,0,,train
571,000571.png,data/images/000571.png,BPSK,10.25,mid,severe,6.0,none,0.0,0.0,0,,test
572,000572.png,data/images/000572.png,BPSK,10.31,mid,severe,6.0,none,0.0,0.0,1,13.1,train
573,000573.png,data/images/000573.png,BPSK,13.67,mid,severe,6.0,none,0.0,0.0,1,11.61,test
574,000574.png,data/images/000574.png,BPSK,10.39,mid,severe,6.0,none,0.0,0.0,1,5.81,train
575,000575.png,data/images/000575.png,BPSK,12.54,mid,severe,6.0,mild,0.05,2.0,0,,val
576,000576.png,data/images/000576.png,BPSK,12.94,mid,severe,6.0,mild,0.05,2.0,1,9.54,train
577,000577.png,data/images/000577.png,BPSK,13.64,mid,severe,6.0,mild,0.05,2.0,1,11.28,train
578,000578.png,data/images/000578.png,BPSK,10.82,mid,severe,6.0,mild,0.05,2.0,0,,train
579,000579.png,data/images/000579.png,BPSK,10.54,mid,severe,6.0,mild,0.05,2.0,0,,train
580,000580.png,data/images/000580.png,BPSK,11.23,mid,severe,6.0,severe,0.15,8.0,1,7.14,train
581,000581.png,data/images/000581.png,BPSK,11.91,mid,severe,6.0,severe,0.15,8.0,1,6.64,train
582,000582.png,data/images/000582.png,BPSK,10.94,mid,severe,6.0,severe,0.15,8.0,0,,train
583,000583.png,data/images/000583.png,BPSK,10.76,mid,severe,6.0,severe,0.15,8.0,0,,train
584,000584.png,data/images/000584.png,BPSK,11.6,mid,severe,6.0,severe,0.15,8.0,1,12.04,train
585,000585.png,data/images/000585.png,BPSK,17.43,high_mid,none,0.0,none,0.0,0.0,0,,train
586,000586.png,data/images/000586.png,BPSK,17.56,high_mid,none,0.0,none,0.0,0.0,0,,test
587,000587.png,data/images/000587.png,BPSK,19.07,high_mid,none,0.0,none,0.0,0.0,0,,train
588,000588.png,data/images/000588.png,BPSK,19.06,high_mid,none,0.0,none,0.0,0.0,0,,train
589,000589.png,data/images/000589.png,BPSK,18.45,high_mid,none,0.0,none,0.0,0.0,0,,train
590,000590.png,data/images/000590.png,BPSK,15.06,high_mid,none,0.0,mild,0.05,2.0,1,13.93,test
591,000591.png,data/images/000591.png,BPSK,15.88,high_mid,none,0.0,mild,0.05,2.0,0,,train
592,000592.png,data/images/000592.png,BPSK,17.38,high_mid,none,0.0,mild,0.05,2.0,0,,train
593,000593.png,data/images/000593.png,BPSK,17.51,high_mid,none,0.0,mild,0.05,2.0,1,5.54,train
594,000594.png,data/images/000594.png,BPSK,18.21,high_mid,none,0.0,mild,0.05,2.0,1,6.18,train
595,000595.png,data/images/000595.png,BPSK,16.84,high_mid,none,0.0,severe,0.15,8.0,1,5.26,val
596,000596.png,data/images/000596.png,BPSK,19.06,high_mid,none,0.0,severe,0.15,8.0,0,,train
597,000597.png,data/images/000597.png,BPSK,18.12,high_mid,none,0.0,severe,0.15,8.0,1,6.42,train
598,000598.png,data/images/000598.png,BPSK,17.07,high_mid,none,0.0,severe,0.15,8.0,1,8.46,train
599,000599.png,data/images/000599.png,BPSK,19.4,high_mid,none,0.0,severe,0.15,8.0,0,,train
600,000600.png,data/images/000600.png,BPSK,18.98,high_mid,mild,2.0,none,0.0,0.0,0,,test
601,000601.png,data/images/000601.png,BPSK,17.65,high_mid,mild,2.0,none,0.0,0.0,0,,train
602,000602.png,data/images/000602.png,BPSK,17.29,high_mid,mild,2.0,none,0.0,0.0,0,,train
603,000603.png,data/images/000603.png,BPSK,15.96,high_mid,mild,2.0,none,0.0,0.0,1,8.62,val
604,000604.png,data/images/000604.png,BPSK,18.28,high_mid,mild,2.0,none,0.0,0.0,1,13.76,test
605,000605.png,data/images/000605.png,BPSK,17.86,high_mid,mild,2.0,mild,0.05,2.0,0,,train
606,000606.png,data/images/000606.png,BPSK,16.41,high_mid,mild,2.0,mild,0.05,2.0,0,,test
607,000607.png,data/images/000607.png,BPSK,18.08,high_mid,mild,2.0,mild,0.05,2.0,0,,test
608,000608.png,data/images/000608.png,BPSK,15.06,high_mid,mild,2.0,mild,0.05,2.0,0,,train
609,000609.png,data/images/000609.png,BPSK,19.63,high_mid,mild,2.0,mild,0.05,2.0,0,,train
610,000610.png,data/images/000610.png,BPSK,18.4,high_mid,mild,2.0,severe,0.15,8.0,0,,test
611,000611.png,data/images/000611.png,BPSK,16.48,high_mid,mild,2.0,severe,0.15,8.0,0,,train
612,000612.png,data/images/000612.png,BPSK,19.64,high_mid,mild,2.0,severe,0.15,8.0,0,,train
613,000613.png,data/images/000613.png,BPSK,18.41,high_mid,mild,2.0,severe,0.15,8.0,0,,val
614,000614.png,data/images/000614.png,BPSK,15.89,high_mid,mild,2.0,severe,0.15,8.0,0,,test
615,000615.png,data/images/000615.png,BPSK,18.78,high_mid,severe,6.0,none,0.0,0.0,0,,train
616,000616.png,data/images/000616.png,BPSK,16.32,high_mid,severe,6.0,none,0.0,0.0,0,,test
617,000617.png,data/images/000617.png,BPSK,17.05,high_mid,severe,6.0,none,0.0,0.0,1,10.35,test
618,000618.png,data/images/000618.png,BPSK,15.86,high_mid,severe,6.0,none,0.0,0.0,0,,val
619,000619.png,data/images/000619.png,BPSK,16.58,high_mid,severe,6.0,none,0.0,0.0,0,,test
620,000620.png,data/images/000620.png,BPSK,19.92,high_mid,severe,6.0,mild,0.05,2.0,0,,train
621,000621.png,data/images/000621.png,BPSK,18.41,high_mid,severe,6.0,mild,0.05,2.0,0,,train
622,000622.png,data/images/000622.png,BPSK,17.16,high_mid,severe,6.0,mild,0.05,2.0,1,9.27,test
623,000623.png,data/images/000623.png,BPSK,15.44,high_mid,severe,6.0,mild,0.05,2.0,0,,train
624,000624.png,data/images/000624.png,BPSK,17.79,high_mid,severe,6.0,mild,0.05,2.0,0,,train
625,000625.png,data/images/000625.png,BPSK,18.97,high_mid,severe,6.0,severe,0.15,8.0,1,11.05,train
626,000626.png,data/images/000626.png,BPSK,18.33,high_mid,severe,6.0,severe,0.15,8.0,1,6.82,train
627,000627.png,data/images/000627.png,BPSK,15.69,high_mid,severe,6.0,severe,0.15,8.0,0,,train
628,000628.png,data/images/000628.png,BPSK,17.63,high_mid,severe,6.0,severe,0.15,8.0,0,,train
629,000629.png,data/images/000629.png,BPSK,19.53,high_mid,severe,6.0,severe,0.15,8.0,0,,train
630,000630.png,data/images/000630.png,BPSK,22.86,high,none,0.0,none,0.0,0.0,0,,train
631,000631.png,data/images/000631.png,BPSK,27.75,high,none,0.0,none,0.0,0.0,1,7.62,train
632,000632.png,data/images/000632.png,BPSK,28.49,high,none,0.0,none,0.0,0.0,0,,train
633,000633.png,data/images/000633.png,BPSK,24.92,high,none,0.0,none,0.0,0.0,1,11.96,train
634,000634.png,data/images/000634.png,BPSK,24.33,high,none,0.0,none,0.0,0.0,0,,train
635,000635.png,data/images/000635.png,BPSK,27.41,high,none,0.0,mild,0.05,2.0,0,,train
636,000636.png,data/images/000636.png,BPSK,28.9,high,none,0.0,mild,0.05,2.0,0,,train
637,000637.png,data/images/000637.png,BPSK,26.31,high,none,0.0,mild,0.05,2.0,1,6.57,train
638,000638.png,data/images/000638.png,BPSK,23.98,high,none,0.0,mild,0.05,2.0,0,,train
639,000639.png,data/images/000639.png,BPSK,24.47,high,none,0.0,mild,0.05,2.0,0,,train
640,000640.png,data/images/000640.png,BPSK,27.71,high,none,0.0,severe,0.15,8.0,0,,test
641,000641.png,data/images/000641.png,BPSK,20.22,high,none,0.0,severe,0.15,8.0,0,,train
642,000642.png,data/images/000642.png,BPSK,26.0,high,none,0.0,severe,0.15,8.0,0,,train
643,000643.png,data/images/000643.png,BPSK,20.56,high,none,0.0,severe,0.15,8.0,1,7.16,test
644,000644.png,data/images/000644.png,BPSK,23.47,high,none,0.0,severe,0.15,8.0,1,13.47,train
645,000645.png,data/images/000645.png,BPSK,23.63,high,mild,2.0,none,0.0,0.0,0,,train
646,000646.png,data/images/000646.png,BPSK,26.65,high,mild,2.0,none,0.0,0.0,1,9.04,val
647,000647.png,data/images/000647.png,BPSK,26.92,high,mild,2.0,none,0.0,0.0,0,,train
648,000648.png,data/images/000648.png,BPSK,29.1,high,mild,2.0,none,0.0,0.0,0,,train
649,000649.png,data/images/000649.png,BPSK,27.66,high,mild,2.0,none,0.0,0.0,0,,train
650,000650.png,data/images/000650.png,BPSK,27.27,high,mild,2.0,mild,0.05,2.0,0,,train
651,000651.png,data/images/000651.png,BPSK,27.5,high,mild,2.0,mild,0.05,2.0,1,12.48,test
652,000652.png,data/images/000652.png,BPSK,24.68,high,mild,2.0,mild,0.05,2.0,0,,train
653,000653.png,data/images/000653.png,BPSK,25.78,high,mild,2.0,mild,0.05,2.0,0,,train
654,000654.png,data/images/000654.png,BPSK,22.78,high,mild,2.0,mild,0.05,2.0,1,9.92,train
655,000655.png,data/images/000655.png,BPSK,23.99,high,mild,2.0,severe,0.15,8.0,0,,train
656,000656.png,data/images/000656.png,BPSK,25.99,high,mild,2.0,severe,0.15,8.0,0,,train
657,000657.png,data/images/000657.png,BPSK,28.86,high,mild,2.0,severe,0.15,8.0,0,,train
658,000658.png,data/images/000658.png,BPSK,24.44,high,mild,2.0,severe,0.15,8.0,0,,train
659,000659.png,data/images/000659.png,BPSK,27.99,high,mild,2.0,severe,0.15,8.0,0,,train
660,000660.png,data/images/000660.png,BPSK,24.21,high,severe,6.0,none,0.0,0.0,0,,train
661,000661.png,data/images/000661.png,BPSK,25.7,high,severe,6.0,none,0.0,0.0,0,,train
662,000662.png,data/images/000662.png,BPSK,23.57,high,severe,6.0,none,0.0,0.0,0,,train
663,000663.png,data/images/000663.png,BPSK,26.55,high,severe,6.0,none,0.0,0.0,0,,train
664,000664.png,data/images/000664.png,BPSK,27.69,high,severe,6.0,none,0.0,0.0,0,,train
665,000665.png,data/images/000665.png,BPSK,23.23,high,severe,6.0,mild,0.05,2.0,0,,train
666,000666.png,data/images/000666.png,BPSK,23.37,high,severe,6.0,mild,0.05,2.0,0,,train
667,000667.png,data/images/000667.png,BPSK,20.28,high,severe,6.0,mild,0.05,2.0,1,9.66,train
668,000668.png,data/images/000668.png,BPSK,23.67,high,severe,6.0,mild,0.05,2.0,1,10.99,train
669,000669.png,data/images/000669.png,BPSK,29.57,high,severe,6.0,mild,0.05,2.0,0,,train
670,000670.png,data/images/000670.png,BPSK,22.64,high,severe,6.0,severe,0.15,8.0,0,,train
671,000671.png,data/images/000671.png,BPSK,22.78,high,severe,6.0,severe,0.15,8.0,1,8.21,test
672,000672.png,data/images/000672.png,BPSK,20.92,high,severe,6.0,severe,0.15,8.0,1,14.47,test
673,000673.png,data/images/000673.png,BPSK,29.04,high,severe,6.0,severe,0.15,8.0,0,,test
674,000674.png,data/images/000674.png,BPSK,26.24,high,severe,6.0,severe,0.15,8.0,0,,train
675,000675.png,data/images/000675.png,QPSK,0.33,low,none,0.0,none,0.0,0.0,0,,train
676,000676.png,data/images/000676.png,QPSK,2.33,low,none,0.0,none,0.0,0.0,1,10.87,val
677,000677.png,data/images/000677.png,QPSK,3.13,low,none,0.0,none,0.0,0.0,0,,train
678,000678.png,data/images/000678.png,QPSK,0.77,low,none,0.0,none,0.0,0.0,1,6.75,train
679,000679.png,data/images/000679.png,QPSK,1.39,low,none,0.0,none,0.0,0.0,0,,test
680,000680.png,data/images/000680.png,QPSK,1.43,low,none,0.0,mild,0.05,2.0,1,12.0,train
681,000681.png,data/images/000681.png,QPSK,4.55,low,none,0.0,mild,0.05,2.0,0,,val
682,000682.png,data/images/000682.png,QPSK,3.35,low,none,0.0,mild,0.05,2.0,0,,train
683,000683.png,data/images/000683.png,QPSK,3.79,low,none,0.0,mild,0.05,2.0,0,,train
684,000684.png,data/images/000684.png,QPSK,1.81,low,none,0.0,mild,0.05,2.0,1,13.89,val
685,000685.png,data/images/000685.png,QPSK,2.29,low,none,0.0,severe,0.15,8.0,0,,test
686,000686.png,data/images/000686.png,QPSK,1.59,low,none,0.0,severe,0.15,8.0,0,,test
687,000687.png,data/images/000687.png,QPSK,4.64,low,none,0.0,severe,0.15,8.0,1,12.22,train
688,000688.png,data/images/000688.png,QPSK,3.93,low,none,0.0,severe,0.15,8.0,0,,test
689,000689.png,data/images/000689.png,QPSK,2.39,low,none,0.0,severe,0.15,8.0,0,,val
690,000690.png,data/images/000690.png,QPSK,1.87,low,mild,2.0,none,0.0,0.0,0,,val
691,000691.png,data/images/000691.png,QPSK,2.1,low,mild,2.0,none,0.0,0.0,0,,train
692,000692.png,data/images/000692.png,QPSK,3.36,low,mild,2.0,none,0.0,0.0,0,,train
693,000693.png,data/images/000693.png,QPSK,2.18,low,mild,2.0,none,0.0,0.0,0,,train
694,000694.png,data/images/000694.png,QPSK,4.36,low,mild,2.0,none,0.0,0.0,1,11.39,train
695,000695.png,data/images/000695.png,QPSK,4.02,low,mild,2.0,mild,0.05,2.0,0,,train
696,000696.png,data/images/000696.png,QPSK,0.09,low,mild,2.0,mild,0.05,2.0,1,8.67,train
697,000697.png,data/images/000697.png,QPSK,2.95,low,mild,2.0,mild,0.05,2.0,0,,val
698,000698.png,data/images/000698.png,QPSK,1.64,low,mild,2.0,mild,0.05,2.0,0,,train
699,000699.png,data/images/000699.png,QPSK,3.52,low,mild,2.0,mild,0.05,2.0,0,,test
700,000700.png,data/images/000700.png,QPSK,4.32,low,mild,2.0,severe,0.15,8.0,0,,val
701,000701.png,data/images/000701.png,QPSK,0.75,low,mild,2.0,severe,0.15,8.0,1,7.85,train
702,000702.png,data/images/000702.png,QPSK,1.2,low,mild,2.0,severe,0.15,8.0,0,,test
703,000703.png,data/images/000703.png,QPSK,1.37,low,mild,2.0,severe,0.15,8.0,0,,train
704,000704.png,data/images/000704.png,QPSK,4.68,low,mild,2.0,severe,0.15,8.0,0,,val
705,000705.png,data/images/000705.png,QPSK,2.23,low,severe,6.0,none,0.0,0.0,0,,train
706,000706.png,data/images/000706.png,QPSK,3.47,low,severe,6.0,none,0.0,0.0,0,,test
707,000707.png,data/images/000707.png,QPSK,3.8,low,severe,6.0,none,0.0,0.0,1,11.9,train
708,000708.png,data/images/000708.png,QPSK,3.05,low,severe,6.0,none,0.0,0.0,0,,test
709,000709.png,data/images/000709.png,QPSK,0.59,low,severe,6.0,none,0.0,0.0,0,,train
710,000710.png,data/images/000710.png,QPSK,3.06,low,severe,6.0,mild,0.05,2.0,1,11.0,train
711,000711.png,data/images/000711.png,QPSK,4.07,low,severe,6.0,mild,0.05,2.0,0,,train
712,000712.png,data/images/000712.png,QPSK,1.97,low,severe,6.0,mild,0.05,2.0,0,,val
713,000713.png,data/images/000713.png,QPSK,4.25,low,severe,6.0,mild,0.05,2.0,0,,train
714,000714.png,data/images/000714.png,QPSK,2.61,low,severe,6.0,mild,0.05,2.0,0,,train
715,000715.png,data/images/000715.png,QPSK,4.72,low,severe,6.0,severe,0.15,8.0,1,13.27,train
716,000716.png,data/images/000716.png,QPSK,3.6,low,severe,6.0,severe,0.15,8.0,0,,train
717,000717.png,data/images/000717.png,QPSK,0.93,low,severe,6.0,severe,0.15,8.0,0,,train
718,000718.png,data/images/000718.png,QPSK,3.9,low,severe,6.0,severe,0.15,8.0,0,,val
719,000719.png,data/images/000719.png,QPSK,4.67,low,severe,6.0,severe,0.15,8.0,0,,val
720,000720.png,data/images/000720.png,QPSK,5.96,low_mid,none,0.0,none,0.0,0.0,0,,ood_test
721,000721.png,data/images/000721.png,QPSK,9.02,low_mid,none,0.0,none,0.0,0.0,0,,ood_test
722,000722.png,data/images/000722.png,QPSK,5.86,low_mid,none,0.0,none,0.0,0.0,0,,ood_test
723,000723.png,data/images/000723.png,QPSK,7.73,low_mid,none,0.0,none,0.0,0.0,0,,ood_test
724,000724.png,data/images/000724.png,QPSK,7.24,low_mid,none,0.0,none,0.0,0.0,0,,ood_test
725,000725.png,data/images/000725.png,QPSK,8.62,low_mid,none,0.0,mild,0.05,2.0,0,,ood_test
726,000726.png,data/images/000726.png,QPSK,5.31,low_mid,none,0.0,mild,0.05,2.0,0,,ood_test
727,000727.png,data/images/000727.png,QPSK,7.88,low_mid,none,0.0,mild,0.05,2.0,1,5.54,ood_test
728,000728.png,data/images/000728.png,QPSK,5.97,low_mid,none,0.0,mild,0.05,2.0,0,,ood_test
729,000729.png,data/images/000729.png,QPSK,5.39,low_mid,none,0.0,mild,0.05,2.0,0,,ood_test
730,000730.png,data/images/000730.png,QPSK,5.61,low_mid,none,0.0,severe,0.15,8.0,0,,ood_test
731,000731.png,data/images/000731.png,QPSK,9.74,low_mid,none,0.0,severe,0.15,8.0,0,,ood_test
732,000732.png,data/images/000732.png,QPSK,5.29,low_mid,none,0.0,severe,0.15,8.0,0,,ood_test
733,000733.png,data/images/000733.png,QPSK,7.06,low_mid,none,0.0,severe,0.15,8.0,0,,ood_test
734,000734.png,data/images/000734.png,QPSK,5.24,low_mid,none,0.0,severe,0.15,8.0,1,7.16,ood_test
735,000735.png,data/images/000735.png,QPSK,8.15,low_mid,mild,2.0,none,0.0,0.0,0,,ood_test
736,000736.png,data/images/000736.png,QPSK,7.62,low_mid,mild,2.0,none,0.0,0.0,0,,ood_test
737,000737.png,data/images/000737.png,QPSK,5.37,low_mid,mild,2.0,none,0.0,0.0,1,11.91,ood_test
738,000738.png,data/images/000738.png,QPSK,6.14,low_mid,mild,2.0,none,0.0,0.0,0,,ood_test
739,000739.png,data/images/000739.png,QPSK,5.11,low_mid,mild,2.0,none,0.0,0.0,1,5.35,ood_test
740,000740.png,data/images/000740.png,QPSK,7.17,low_mid,mild,2.0,mild,0.05,2.0,0,,ood_test
741,000741.png,data/images/000741.png,QPSK,9.7,low_mid,mild,2.0,mild,0.05,2.0,1,10.16,ood_test
742,000742.png,data/images/000742.png,QPSK,7.36,low_mid,mild,2.0,mild,0.05,2.0,1,9.83,ood_test
743,000743.png,data/images/000743.png,QPSK,5.6,low_mid,mild,2.0,mild,0.05,2.0,0,,ood_test
744,000744.png,data/images/000744.png,QPSK,9.17,low_mid,mild,2.0,mild,0.05,2.0,1,7.3,ood_test
745,000745.png,data/images/000745.png,QPSK,7.97,low_mid,mild,2.0,severe,0.15,8.0,0,,ood_test
746,000746.png,data/images/000746.png,QPSK,6.73,low_mid,mild,2.0,severe,0.15,8.0,1,8.68,ood_test
747,000747.png,data/images/000747.png,QPSK,9.17,low_mid,mild,2.0,severe,0.15,8.0,0,,ood_test
748,000748.png,data/images/000748.png,QPSK,6.44,low_mid,mild,2.0,severe,0.15,8.0,1,10.07,ood_test
749,000749.png,data/images/000749.png,QPSK,7.51,low_mid,mild,2.0,severe,0.15,8.0,0,,ood_test
750,000750.png,data/images/000750.png,QPSK,7.16,low_mid,severe,6.0,none,0.0,0.0,0,,ood_test
751,000751.png,data/images/000751.png,QPSK,5.89,low_mid,severe,6.0,none,0.0,0.0,1,10.89,ood_test
752,000752.png,data/images/000752.png,QPSK,9.42,low_mid,severe,6.0,none,0.0,0.0,0,,ood_test
753,000753.png,data/images/000753.png,QPSK,9.83,low_mid,severe,6.0,none,0.0,0.0,1,6.68,ood_test
754,000754.png,data/images/000754.png,QPSK,7.77,low_mid,severe,6.0,none,0.0,0.0,0,,ood_test
755,000755.png,data/images/000755.png,QPSK,7.47,low_mid,severe,6.0,mild,0.05,2.0,0,,ood_test
756,000756.png,data/images/000756.png,QPSK,8.73,low_mid,severe,6.0,mild,0.05,2.0,0,,ood_test
757,000757.png,data/images/000757.png,QPSK,7.03,low_mid,severe,6.0,mild,0.05,2.0,0,,ood_test
758,000758.png,data/images/000758.png,QPSK,9.7,low_mid,severe,6.0,mild,0.05,2.0,0,,ood_test
759,000759.png,data/images/000759.png,QPSK,7.72,low_mid,severe,6.0,mild,0.05,2.0,0,,ood_test
760,000760.png,data/images/000760.png,QPSK,8.55,low_mid,severe,6.0,severe,0.15,8.0,0,,ood_test
761,000761.png,data/images/000761.png,QPSK,6.63,low_mid,severe,6.0,severe,0.15,8.0,0,,ood_test
762,000762.png,data/images/000762.png,QPSK,5.73,low_mid,severe,6.0,severe,0.15,8.0,0,,ood_test
763,000763.png,data/images/000763.png,QPSK,9.27,low_mid,severe,6.0,severe,0.15,8.0,0,,ood_test
764,000764.png,data/images/000764.png,QPSK,7.61,low_mid,severe,6.0,severe,0.15,8.0,0,,ood_test
765,000765.png,data/images/000765.png,QPSK,11.51,mid,none,0.0,none,0.0,0.0,0,,train
766,000766.png,data/images/000766.png,QPSK,11.58,mid,none,0.0,none,0.0,0.0,0,,train
767,000767.png,data/images/000767.png,QPSK,14.02,mid,none,0.0,none,0.0,0.0,0,,test
768,000768.png,data/images/000768.png,QPSK,12.71,mid,none,0.0,none,0.0,0.0,1,5.49,train
769,000769.png,data/images/000769.png,QPSK,11.38,mid,none,0.0,none,0.0,0.0,0,,train
770,000770.png,data/images/000770.png,QPSK,12.32,mid,none,0.0,mild,0.05,2.0,0,,test
771,000771.png,data/images/000771.png,QPSK,14.95,mid,none,0.0,mild,0.05,2.0,0,,train
772,000772.png,data/images/000772.png,QPSK,10.49,mid,none,0.0,mild,0.05,2.0,1,10.77,train
773,000773.png,data/images/000773.png,QPSK,10.02,mid,none,0.0,mild,0.05,2.0,0,,train
774,000774.png,data/images/000774.png,QPSK,13.02,mid,none,0.0,mild,0.05,2.0,0,,val
775,000775.png,data/images/000775.png,QPSK,10.49,mid,none,0.0,severe,0.15,8.0,1,7.98,train
776,000776.png,data/images/000776.png,QPSK,11.65,mid,none,0.0,severe,0.15,8.0,0,,val
777,000777.png,data/images/000777.png,QPSK,14.53,mid,none,0.0,severe,0.15,8.0,0,,val
778,000778.png,data/images/000778.png,QPSK,11.08,mid,none,0.0,severe,0.15,8.0,0,,train
779,000779.png,data/images/000779.png,QPSK,14.06,mid,none,0.0,severe,0.15,8.0,1,7.97,train
780,000780.png,data/images/000780.png,QPSK,14.54,mid,mild,2.0,none,0.0,0.0,0,,val
781,000781.png,data/images/000781.png,QPSK,12.26,mid,mild,2.0,none,0.0,0.0,0,,train
782,000782.png,data/images/000782.png,QPSK,13.74,mid,mild,2.0,none,0.0,0.0,0,,train
783,000783.png,data/images/000783.png,QPSK,11.92,mid,mild,2.0,none,0.0,0.0,0,,test
784,000784.png,data/images/000784.png,QPSK,14.24,mid,mild,2.0,none,0.0,0.0,0,,train
785,000785.png,data/images/000785.png,QPSK,13.37,mid,mild,2.0,mild,0.05,2.0,0,,train
786,000786.png,data/images/000786.png,QPSK,12.96,mid,mild,2.0,mild,0.05,2.0,0,,train
787,000787.png,data/images/000787.png,QPSK,14.99,mid,mild,2.0,mild,0.05,2.0,0,,train
788,000788.png,data/images/000788.png,QPSK,10.34,mid,mild,2.0,mild,0.05,2.0,0,,train
789,000789.png,data/images/000789.png,QPSK,12.81,mid,mild,2.0,mild,0.05,2.0,0,,train
790,000790.png,data/images/000790.png,QPSK,11.36,mid,mild,2.0,severe,0.15,8.0,0,,train
791,000791.png,data/images/000791.png,QPSK,14.18,mid,mild,2.0,severe,0.15,8.0,0,,train
792,000792.png,data/images/000792.png,QPSK,13.4,mid,mild,2.0,severe,0.15,8.0,0,,train
793,000793.png,data/images/000793.png,QPSK,10.84,mid,mild,2.0,severe,0.15,8.0,0,,train
794,000794.png,data/images/000794.png,QPSK,14.23,mid,mild,2.0,severe,0.15,8.0,0,,train
795,000795.png,data/images/000795.png,QPSK,12.88,mid,severe,6.0,none,0.0,0.0,0,,train
796,000796.png,data/images/000796.png,QPSK,13.19,mid,severe,6.0,none,0.0,0.0,0,,train
797,000797.png,data/images/000797.png,QPSK,11.29,mid,severe,6.0,none,0.0,0.0,0,,train
798,000798.png,data/images/000798.png,QPSK,12.08,mid,severe,6.0,none,0.0,0.0,0,,train
799,000799.png,data/images/000799.png,QPSK,10.94,mid,severe,6.0,none,0.0,0.0,0,,train
800,000800.png,data/images/000800.png,QPSK,11.86,mid,severe,6.0,mild,0.05,2.0,0,,train
801,000801.png,data/images/000801.png,QPSK,14.22,mid,severe,6.0,mild,0.05,2.0,0,,train
802,000802.png,data/images/000802.png,QPSK,13.04,mid,severe,6.0,mild,0.05,2.0,0,,test
803,000803.png,data/images/000803.png,QPSK,10.72,mid,severe,6.0,mild,0.05,2.0,0,,train
804,000804.png,data/images/000804.png,QPSK,10.97,mid,severe,6.0,mild,0.05,2.0,0,,val
805,000805.png,data/images/000805.png,QPSK,13.82,mid,severe,6.0,severe,0.15,8.0,0,,val
806,000806.png,data/images/000806.png,QPSK,11.97,mid,severe,6.0,severe,0.15,8.0,0,,train
807,000807.png,data/images/000807.png,QPSK,11.78,mid,severe,6.0,severe,0.15,8.0,0,,train
808,000808.png,data/images/000808.png,QPSK,14.98,mid,severe,6.0,severe,0.15,8.0,0,,train
809,000809.png,data/images/000809.png,QPSK,13.98,mid,severe,6.0,severe,0.15,8.0,0,,train
810,000810.png,data/images/000810.png,QPSK,15.05,high_mid,none,0.0,none,0.0,0.0,0,,test
811,000811.png,data/images/000811.png,QPSK,17.03,high_mid,none,0.0,none,0.0,0.0,0,,train
812,000812.png,data/images/000812.png,QPSK,18.72,high_mid,none,0.0,none,0.0,0.0,1,10.29,train
813,000813.png,data/images/000813.png,QPSK,17.68,high_mid,none,0.0,none,0.0,0.0,0,,train
814,000814.png,data/images/000814.png,QPSK,18.4,high_mid,none,0.0,none,0.0,0.0,1,12.51,val
815,000815.png,data/images/000815.png,QPSK,15.17,high_mid,none,0.0,mild,0.05,2.0,0,,train
816,000816.png,data/images/000816.png,QPSK,17.32,high_mid,none,0.0,mild,0.05,2.0,0,,train
817,000817.png,data/images/000817.png,QPSK,18.33,high_mid,none,0.0,mild,0.05,2.0,0,,train
818,000818.png,data/images/000818.png,QPSK,18.74,high_mid,none,0.0,mild,0.05,2.0,0,,test
819,000819.png,data/images/000819.png,QPSK,16.33,high_mid,none,0.0,mild,0.05,2.0,0,,train
820,000820.png,data/images/000820.png,QPSK,19.39,high_mid,none,0.0,severe,0.15,8.0,1,7.76,train
821,000821.png,data/images/000821.png,QPSK,18.71,high_mid,none,0.0,severe,0.15,8.0,1,11.28,train
822,000822.png,data/images/000822.png,QPSK,15.83,high_mid,none,0.0,severe,0.15,8.0,1,13.55,train
823,000823.png,data/images/000823.png,QPSK,15.35,high_mid,none,0.0,severe,0.15,8.0,0,,val
824,000824.png,data/images/000824.png,QPSK,16.54,high_mid,none,0.0,severe,0.15,8.0,0,,train
825,000825.png,data/images/000825.png,QPSK,16.23,high_mid,mild,2.0,none,0.0,0.0,0,,test
826,000826.png,data/images/000826.png,QPSK,17.85,high_mid,mild,2.0,none,0.0,0.0,0,,val
827,000827.png,data/images/000827.png,QPSK,16.53,high_mid,mild,2.0,none,0.0,0.0,1,12.43,train
828,000828.png,data/images/000828.png,QPSK,17.8,high_mid,mild,2.0,none,0.0,0.0,0,,val
829,000829.png,data/images/000829.png,QPSK,18.14,high_mid,mild,2.0,none,0.0,0.0,1,13.38,val
830,000830.png,data/images/000830.png,QPSK,16.2,high_mid,mild,2.0,mild,0.05,2.0,1,13.84,val
831,000831.png,data/images/000831.png,QPSK,18.37,high_mid,mild,2.0,mild,0.05,2.0,0,,train
832,000832.png,data/images/000832.png,QPSK,16.22,high_mid,mild,2.0,mild,0.05,2.0,0,,train
833,000833.png,data/images/000833.png,QPSK,16.99,high_mid,mild,2.0,mild,0.05,2.0,1,13.43,train
834,000834.png,data/images/000834.png,QPSK,19.94,high_mid,mild,2.0,mild,0.05,2.0,1,8.09,test
835,000835.png,data/images/000835.png,QPSK,15.48,high_mid,mild,2.0,severe,0.15,8.0,0,,train
836,000836.png,data/images/000836.png,QPSK,18.2,high_mid,mild,2.0,severe,0.15,8.0,0,,train
837,000837.png,data/images/000837.png,QPSK,17.59,high_mid,mild,2.0,severe,0.15,8.0,0,,test
838,000838.png,data/images/000838.png,QPSK,19.34,high_mid,mild,2.0,severe,0.15,8.0,0,,train
839,000839.png,data/images/000839.png,QPSK,15.16,high_mid,mild,2.0,severe,0.15,8.0,0,,train
840,000840.png,data/images/000840.png,QPSK,18.76,high_mid,severe,6.0,none,0.0,0.0,0,,train
841,000841.png,data/images/000841.png,QPSK,16.26,high_mid,severe,6.0,none,0.0,0.0,0,,test
842,000842.png,data/images/000842.png,QPSK,16.97,high_mid,severe,6.0,none,0.0,0.0,0,,train
843,000843.png,data/images/000843.png,QPSK,17.96,high_mid,severe,6.0,none,0.0,0.0,1,13.58,train
844,000844.png,data/images/000844.png,QPSK,17.3,high_mid,severe,6.0,none,0.0,0.0,0,,train
845,000845.png,data/images/000845.png,QPSK,17.08,high_mid,severe,6.0,mild,0.05,2.0,1,6.89,train
846,000846.png,data/images/000846.png,QPSK,16.86,high_mid,severe,6.0,mild,0.05,2.0,1,9.03,train
847,000847.png,data/images/000847.png,QPSK,17.34,high_mid,severe,6.0,mild,0.05,2.0,1,14.76,val
848,000848.png,data/images/000848.png,QPSK,15.99,high_mid,severe,6.0,mild,0.05,2.0,0,,train
849,000849.png,data/images/000849.png,QPSK,18.19,high_mid,severe,6.0,mild,0.05,2.0,0,,train
850,000850.png,data/images/000850.png,QPSK,19.87,high_mid,severe,6.0,severe,0.15,8.0,0,,train
851,000851.png,data/images/000851.png,QPSK,15.14,high_mid,severe,6.0,severe,0.15,8.0,0,,train
852,000852.png,data/images/000852.png,QPSK,16.53,high_mid,severe,6.0,severe,0.15,8.0,0,,train
853,000853.png,data/images/000853.png,QPSK,17.8,high_mid,severe,6.0,severe,0.15,8.0,0,,train
854,000854.png,data/images/000854.png,QPSK,15.38,high_mid,severe,6.0,severe,0.15,8.0,0,,train
855,000855.png,data/images/000855.png,QPSK,21.8,high,none,0.0,none,0.0,0.0,0,,train
856,000856.png,data/images/000856.png,QPSK,29.36,high,none,0.0,none,0.0,0.0,0,,train
857,000857.png,data/images/000857.png,QPSK,20.79,high,none,0.0,none,0.0,0.0,0,,train
858,000858.png,data/images/000858.png,QPSK,27.67,high,none,0.0,none,0.0,0.0,1,6.5,train
859,000859.png,data/images/000859.png,QPSK,21.23,high,none,0.0,none,0.0,0.0,1,9.23,test
860,000860.png,data/images/000860.png,QPSK,25.3,high,none,0.0,mild,0.05,2.0,1,7.21,train
861,000861.png,data/images/000861.png,QPSK,20.02,high,none,0.0,mild,0.05,2.0,0,,test
862,000862.png,data/images/000862.png,QPSK,27.98,high,none,0.0,mild,0.05,2.0,0,,train
863,000863.png,data/images/000863.png,QPSK,26.32,high,none,0.0,mild,0.05,2.0,0,,train
864,000864.png,data/images/000864.png,QPSK,26.1,high,none,0.0,mild,0.05,2.0,0,,train
865,000865.png,data/images/000865.png,QPSK,20.98,high,none,0.0,severe,0.15,8.0,0,,test
866,000866.png,data/images/000866.png,QPSK,22.07,high,none,0.0,severe,0.15,8.0,0,,train
867,000867.png,data/images/000867.png,QPSK,28.91,high,none,0.0,severe,0.15,8.0,0,,val
868,000868.png,data/images/000868.png,QPSK,23.29,high,none,0.0,severe,0.15,8.0,0,,test
869,000869.png,data/images/000869.png,QPSK,27.81,high,none,0.0,severe,0.15,8.0,1,8.46,train
870,000870.png,data/images/000870.png,QPSK,29.91,high,mild,2.0,none,0.0,0.0,0,,test
871,000871.png,data/images/000871.png,QPSK,20.62,high,mild,2.0,none,0.0,0.0,0,,train
872,000872.png,data/images/000872.png,QPSK,24.2,high,mild,2.0,none,0.0,0.0,0,,train
873,000873.png,data/images/000873.png,QPSK,29.82,high,mild,2.0,none,0.0,0.0,0,,train
874,000874.png,data/images/000874.png,QPSK,26.63,high,mild,2.0,none,0.0,0.0,0,,train
875,000875.png,data/images/000875.png,QPSK,27.03,high,mild,2.0,mild,0.05,2.0,1,14.75,val
876,000876.png,data/images/000876.png,QPSK,22.82,high,mild,2.0,mild,0.05,2.0,0,,val
877,000877.png,data/images/000877.png,QPSK,20.99,high,mild,2.0,mild,0.05,2.0,1,13.3,test
878,000878.png,data/images/000878.png,QPSK,24.28,high,mild,2.0,mild,0.05,2.0,0,,train
879,000879.png,data/images/000879.png,QPSK,26.99,high,mild,2.0,mild,0.05,2.0,1,13.15,train
880,000880.png,data/images/000880.png,QPSK,29.16,high,mild,2.0,severe,0.15,8.0,1,10.06,train
881,000881.png,data/images/000881.png,QPSK,23.72,high,mild,2.0,severe,0.15,8.0,1,9.37,test
882,000882.png,data/images/000882.png,QPSK,27.17,high,mild,2.0,severe,0.15,8.0,0,,test
883,000883.png,data/images/000883.png,QPSK,25.73,high,mild,2.0,severe,0.15,8.0,0,,val
884,000884.png,data/images/000884.png,QPSK,21.04,high,mild,2.0,severe,0.15,8.0,0,,train
885,000885.png,data/images/000885.png,QPSK,28.05,high,severe,6.0,none,0.0,0.0,0,,train
886,000886.png,data/images/000886.png,QPSK,25.11,high,severe,6.0,none,0.0,0.0,0,,train
887,000887.png,data/images/000887.png,QPSK,24.06,high,severe,6.0,none,0.0,0.0,1,13.92,train
888,000888.png,data/images/000888.png,QPSK,28.9,high,severe,6.0,none,0.0,0.0,1,12.62,train
889,000889.png,data/images/000889.png,QPSK,20.94,high,severe,6.0,none,0.0,0.0,1,6.96,train
890,000890.png,data/images/000890.png,QPSK,22.88,high,severe,6.0,mild,0.05,2.0,0,,train
891,000891.png,data/images/000891.png,QPSK,25.79,high,severe,6.0,mild,0.05,2.0,1,5.94,test
892,000892.png,data/images/000892.png,QPSK,24.47,high,severe,6.0,mild,0.05,2.0,0,,train
893,000893.png,data/images/000893.png,QPSK,28.87,high,severe,6.0,mild,0.05,2.0,0,,test
894,000894.png,data/images/000894.png,QPSK,22.68,high,severe,6.0,mild,0.05,2.0,0,,train
895,000895.png,data/images/000895.png,QPSK,20.03,high,severe,6.0,severe,0.15,8.0,0,,test
896,000896.png,data/images/000896.png,QPSK,24.9,high,severe,6.0,severe,0.15,8.0,0,,train
897,000897.png,data/images/000897.png,QPSK,25.24,high,severe,6.0,severe,0.15,8.0,0,,test
898,000898.png,data/images/000898.png,QPSK,21.17,high,severe,6.0,severe,0.15,8.0,0,,train
899,000899.png,data/images/000899.png,QPSK,26.92,high,severe,6.0,severe,0.15,8.0,0,,test
900,000900.png,data/images/000900.png,4-HQAM,1.6,low,none,0.0,none,0.0,0.0,0,,train
901,000901.png,data/images/000901.png,4-HQAM,1.86,low,none,0.0,none,0.0,0.0,0,,train
902,000902.png,data/images/000902.png,4-HQAM,3.1,low,none,0.0,none,0.0,0.0,1,12.51,val
903,000903.png,data/images/000903.png,4-HQAM,0.49,low,none,0.0,none,0.0,0.0,0,,train
904,000904.png,data/images/000904.png,4-HQAM,3.76,low,none,0.0,none,0.0,0.0,0,,train
905,000905.png,data/images/000905.png,4-HQAM,2.26,low,none,0.0,mild,0.05,2.0,0,,train
906,000906.png,data/images/000906.png,4-HQAM,1.66,low,none,0.0,mild,0.05,2.0,1,13.61,train
907,000907.png,data/images/000907.png,4-HQAM,1.27,low,none,0.0,mild,0.05,2.0,0,,train
908,000908.png,data/images/000908.png,4-HQAM,3.64,low,none,0.0,mild,0.05,2.0,0,,train
909,000909.png,data/images/000909.png,4-HQAM,1.27,low,none,0.0,mild,0.05,2.0,1,8.84,train
910,000910.png,data/images/000910.png,4-HQAM,4.22,low,none,0.0,severe,0.15,8.0,0,,train
911,000911.png,data/images/000911.png,4-HQAM,3.45,low,none,0.0,severe,0.15,8.0,0,,train
912,000912.png,data/images/000912.png,4-HQAM,3.49,low,none,0.0,severe,0.15,8.0,0,,train
913,000913.png,data/images/000913.png,4-HQAM,1.82,low,none,0.0,severe,0.15,8.0,0,,train
914,000914.png,data/images/000914.png,4-HQAM,1.93,low,none,0.0,severe,0.15,8.0,0,,test
915,000915.png,data/images/000915.png,4-HQAM,0.31,low,mild,2.0,none,0.0,0.0,0,,test
916,000916.png,data/images/000916.png,4-HQAM,2.69,low,mild,2.0,none,0.0,0.0,1,6.58,val
917,000917.png,data/images/000917.png,4-HQAM,5.0,low,mild,2.0,none,0.0,0.0,1,6.09,train
918,000918.png,data/images/000918.png,4-HQAM,0.98,low,mild,2.0,none,0.0,0.0,0,,train
919,000919.png,data/images/000919.png,4-HQAM,1.53,low,mild,2.0,none,0.0,0.0,1,7.68,test
920,000920.png,data/images/000920.png,4-HQAM,1.05,low,mild,2.0,mild,0.05,2.0,1,6.73,train
921,000921.png,data/images/000921.png,4-HQAM,3.37,low,mild,2.0,mild,0.05,2.0,0,,train
922,000922.png,data/images/000922.png,4-HQAM,0.31,low,mild,2.0,mild,0.05,2.0,0,,test
923,000923.png,data/images/000923.png,4-HQAM,3.6,low,mild,2.0,mild,0.05,2.0,0,,train
924,000924.png,data/images/000924.png,4-HQAM,4.08,low,mild,2.0,mild,0.05,2.0,1,9.3,val
925,000925.png,data/images/000925.png,4-HQAM,4.03,low,mild,2.0,severe,0.15,8.0,1,9.1,val
926,000926.png,data/images/000926.png,4-HQAM,4.38,low,mild,2.0,severe,0.15,8.0,1,14.56,train
927,000927.png,data/images/000927.png,4-HQAM,0.15,low,mild,2.0,severe,0.15,8.0,1,6.04,test
928,000928.png,data/images/000928.png,4-HQAM,3.39,low,mild,2.0,severe,0.15,8.0,1,8.51,train
929,000929.png,data/images/000929.png,4-HQAM,4.7,low,mild,2.0,severe,0.15,8.0,0,,train
930,000930.png,data/images/000930.png,4-HQAM,1.96,low,severe,6.0,none,0.0,0.0,0,,train
931,000931.png,data/images/000931.png,4-HQAM,2.34,low,severe,6.0,none,0.0,0.0,0,,val
932,000932.png,data/images/000932.png,4-HQAM,1.25,low,severe,6.0,none,0.0,0.0,0,,train
933,000933.png,data/images/000933.png,4-HQAM,2.53,low,severe,6.0,none,0.0,0.0,1,11.8,train
934,000934.png,data/images/000934.png,4-HQAM,1.77,low,severe,6.0,none,0.0,0.0,0,,train
935,000935.png,data/images/000935.png,4-HQAM,1.02,low,severe,6.0,mild,0.05,2.0,0,,train
936,000936.png,data/images/000936.png,4-HQAM,2.12,low,severe,6.0,mild,0.05,2.0,1,8.9,val
937,000937.png,data/images/000937.png,4-HQAM,3.46,low,severe,6.0,mild,0.05,2.0,0,,train
938,000938.png,data/images/000938.png,4-HQAM,3.77,low,severe,6.0,mild,0.05,2.0,0,,train
939,000939.png,data/images/000939.png,4-HQAM,3.72,low,severe,6.0,mild,0.05,2.0,0,,test
940,000940.png,data/images/000940.png,4-HQAM,0.55,low,severe,6.0,severe,0.15,8.0,0,,train
941,000941.png,data/images/000941.png,4-HQAM,4.75,low,severe,6.0,severe,0.15,8.0,0,,train
942,000942.png,data/images/000942.png,4-HQAM,4.57,low,severe,6.0,severe,0.15,8.0,0,,train
943,000943.png,data/images/000943.png,4-HQAM,4.99,low,severe,6.0,severe,0.15,8.0,0,,train
944,000944.png,data/images/000944.png,4-HQAM,0.65,low,severe,6.0,severe,0.15,8.0,0,,train
945,000945.png,data/images/000945.png,4-HQAM,7.41,low_mid,none,0.0,none,0.0,0.0,1,13.34,ood_test
946,000946.png,data/images/000946.png,4-HQAM,9.31,low_mid,none,0.0,none,0.0,0.0,0,,ood_test
947,000947.png,data/images/000947.png,4-HQAM,5.01,low_mid,none,0.0,none,0.0,0.0,1,13.16,ood_test
948,000948.png,data/images/000948.png,4-HQAM,7.43,low_mid,none,0.0,none,0.0,0.0,1,11.22,ood_test
949,000949.png,data/images/000949.png,4-HQAM,9.55,low_mid,none,0.0,none,0.0,0.0,1,13.36,ood_test
950,000950.png,data/images/000950.png,4-HQAM,5.48,low_mid,none,0.0,mild,0.05,2.0,1,8.19,ood_test
951,000951.png,data/images/000951.png,4-HQAM,9.0,low_mid,none,0.0,mild,0.05,2.0,0,,ood_test
952,000952.png,data/images/000952.png,4-HQAM,6.86,low_mid,none,0.0,mild,0.05,2.0,0,,ood_test
953,000953.png,data/images/000953.png,4-HQAM,8.26,low_mid,none,0.0,mild,0.05,2.0,1,12.9,ood_test
954,000954.png,data/images/000954.png,4-HQAM,9.26,low_mid,none,0.0,mild,0.05,2.0,0,,ood_test
955,000955.png,data/images/000955.png,4-HQAM,5.67,low_mid,none,0.0,severe,0.15,8.0,0,,ood_test
956,000956.png,data/images/000956.png,4-HQAM,5.24,low_mid,none,0.0,severe,0.15,8.0,0,,ood_test
957,000957.png,data/images/000957.png,4-HQAM,9.4,low_mid,none,0.0,severe,0.15,8.0,1,5.32,ood_test
958,000958.png,data/images/000958.png,4-HQAM,7.54,low_mid,none,0.0,severe,0.15,8.0,1,14.98,ood_test
959,000959.png,data/images/000959.png,4-HQAM,6.84,low_mid,none,0.0,severe,0.15,8.0,0,,ood_test
960,000960.png,data/images/000960.png,4-HQAM,5.09,low_mid,mild,2.0,none,0.0,0.0,0,,ood_test
961,000961.png,data/images/000961.png,4-HQAM,5.87,low_mid,mild,2.0,none,0.0,0.0,0,,ood_test
962,000962.png,data/images/000962.png,4-HQAM,7.16,low_mid,mild,2.0,none,0.0,0.0,0,,ood_test
963,000963.png,data/images/000963.png,4-HQAM,5.07,low_mid,mild,2.0,none,0.0,0.0,0,,ood_test
964,000964.png,data/images/000964.png,4-HQAM,9.74,low_mid,mild,2.0,none,0.0,0.0,0,,ood_test
965,000965.png,data/images/000965.png,4-HQAM,6.42,low_mid,mild,2.0,mild,0.05,2.0,0,,ood_test
966,000966.png,data/images/000966.png,4-HQAM,9.53,low_mid,mild,2.0,mild,0.05,2.0,0,,ood_test
967,000967.png,data/images/000967.png,4-HQAM,8.67,low_mid,mild,2.0,mild,0.05,2.0,1,12.25,ood_test
968,000968.png,data/images/000968.png,4-HQAM,5.93,low_mid,mild,2.0,mild,0.05,2.0,0,,ood_test
969,000969.png,data/images/000969.png,4-HQAM,7.69,low_mid,mild,2.0,mild,0.05,2.0,0,,ood_test
970,000970.png,data/images/000970.png,4-HQAM,5.05,low_mid,mild,2.0,severe,0.15,8.0,0,,ood_test
971,000971.png,data/images/000971.png,4-HQAM,8.59,low_mid,mild,2.0,severe,0.15,8.0,0,,ood_test
972,000972.png,data/images/000972.png,4-HQAM,9.72,low_mid,mild,2.0,severe,0.15,8.0,0,,ood_test
973,000973.png,data/images/000973.png,4-HQAM,5.69,low_mid,mild,2.0,severe,0.15,8.0,0,,ood_test
974,000974.png,data/images/000974.png,4-HQAM,7.76,low_mid,mild,2.0,severe,0.15,8.0,0,,ood_test
975,000975.png,data/images/000975.png,4-HQAM,8.02,low_mid,severe,6.0,none,0.0,0.0,1,13.53,ood_test
976,000976.png,data/images/000976.png,4-HQAM,8.27,low_mid,severe,6.0,none,0.0,0.0,1,10.33,ood_test
977,000977.png,data/images/000977.png,4-HQAM,8.98,low_mid,severe,6.0,none,0.0,0.0,0,,ood_test
978,000978.png,data/images/000978.png,4-HQAM,6.53,low_mid,severe,6.0,none,0.0,0.0,0,,ood_test
979,000979.png,data/images/000979.png,4-HQAM,5.15,low_mid,severe,6.0,none,0.0,0.0,0,,ood_test
980,000980.png,data/images/000980.png,4-HQAM,6.64,low_mid,severe,6.0,mild,0.05,2.0,0,,ood_test
981,000981.png,data/images/000981.png,4-HQAM,5.21,low_mid,severe,6.0,mild,0.05,2.0,0,,ood_test
982,000982.png,data/images/000982.png,4-HQAM,5.91,low_mid,severe,6.0,mild,0.05,2.0,0,,ood_test
983,000983.png,data/images/000983.png,4-HQAM,8.68,low_mid,severe,6.0,mild,0.05,2.0,0,,ood_test
984,000984.png,data/images/000984.png,4-HQAM,8.85,low_mid,severe,6.0,mild,0.05,2.0,1,12.18,ood_test
985,000985.png,data/images/000985.png,4-HQAM,8.88,low_mid,severe,6.0,severe,0.15,8.0,1,11.63,ood_test
986,000986.png,data/images/000986.png,4-HQAM,5.6,low_mid,severe,6.0,severe,0.15,8.0,0,,ood_test
987,000987.png,data/images/000987.png,4-HQAM,5.87,low_mid,severe,6.0,severe,0.15,8.0,0,,ood_test
988,000988.png,data/images/000988.png,4-HQAM,6.47,low_mid,severe,6.0,severe,0.15,8.0,1,9.98,ood_test
989,000989.png,data/images/000989.png,4-HQAM,6.27,low_mid,severe,6.0,severe,0.15,8.0,0,,ood_test
990,000990.png,data/images/000990.png,4-HQAM,10.01,mid,none,0.0,none,0.0,0.0,1,9.97,test
991,000991.png,data/images/000991.png,4-HQAM,10.86,mid,none,0.0,none,0.0,0.0,0,,train
992,000992.png,data/images/000992.png,4-HQAM,11.49,mid,none,0.0,none,0.0,0.0,1,8.54,val
993,000993.png,data/images/000993.png,4-HQAM,10.84,mid,none,0.0,none,0.0,0.0,0,,train
994,000994.png,data/images/000994.png,4-HQAM,12.73,mid,none,0.0,none,0.0,0.0,0,,train
995,000995.png,data/images/000995.png,4-HQAM,13.0,mid,none,0.0,mild,0.05,2.0,0,,train
996,000996.png,data/images/000996.png,4-HQAM,14.48,mid,none,0.0,mild,0.05,2.0,0,,train
997,000997.png,data/images/000997.png,4-HQAM,11.05,mid,none,0.0,mild,0.05,2.0,1,10.06,test
998,000998.png,data/images/000998.png,4-HQAM,14.77,mid,none,0.0,mild,0.05,2.0,0,,train
999,000999.png,data/images/000999.png,4-HQAM,13.06,mid,none,0.0,mild,0.05,2.0,0,,train
1000,001000.png,data/images/001000.png,4-HQAM,14.78,mid,none,0.0,severe,0.15,8.0,0,,val
1001,001001.png,data/images/001001.png,4-HQAM,12.63,mid,none,0.0,severe,0.15,8.0,0,,test
1002,001002.png,data/images/001002.png,4-HQAM,14.58,mid,none,0.0,severe,0.15,8.0,0,,train
1003,001003.png,data/images/001003.png,4-HQAM,11.28,mid,none,0.0,severe,0.15,8.0,0,,val
1004,001004.png,data/images/001004.png,4-HQAM,11.97,mid,none,0.0,severe,0.15,8.0,0,,test
1005,001005.png,data/images/001005.png,4-HQAM,14.35,mid,mild,2.0,none,0.0,0.0,1,11.94,train
1006,001006.png,data/images/001006.png,4-HQAM,10.34,mid,mild,2.0,none,0.0,0.0,0,,train
1007,001007.png,data/images/001007.png,4-HQAM,12.38,mid,mild,2.0,none,0.0,0.0,0,,test
1008,001008.png,data/images/001008.png,4-HQAM,10.11,mid,mild,2.0,none,0.0,0.0,0,,train
1009,001009.png,data/images/001009.png,4-HQAM,11.67,mid,mild,2.0,none,0.0,0.0,0,,train
1010,001010.png,data/images/001010.png,4-HQAM,14.46,mid,mild,2.0,mild,0.05,2.0,0,,test
1011,001011.png,data/images/001011.png,4-HQAM,14.99,mid,mild,2.0,mild,0.05,2.0,1,6.96,train
1012,001012.png,data/images/001012.png,4-HQAM,14.46,mid,mild,2.0,mild,0.05,2.0,0,,train
1013,001013.png,data/images/001013.png,4-HQAM,14.42,mid,mild,2.0,mild,0.05,2.0,0,,train
1014,001014.png,data/images/001014.png,4-HQAM,10.45,mid,mild,2.0,mild,0.05,2.0,0,,train
1015,001015.png,data/images/001015.png,4-HQAM,12.6,mid,mild,2.0,severe,0.15,8.0,0,,train
1016,001016.png,data/images/001016.png,4-HQAM,11.14,mid,mild,2.0,severe,0.15,8.0,0,,train
1017,001017.png,data/images/001017.png,4-HQAM,12.7,mid,mild,2.0,severe,0.15,8.0,1,9.88,train
1018,001018.png,data/images/001018.png,4-HQAM,10.31,mid,mild,2.0,severe,0.15,8.0,1,12.17,val
1019,001019.png,data/images/001019.png,4-HQAM,14.49,mid,mild,2.0,severe,0.15,8.0,0,,train
1020,001020.png,data/images/001020.png,4-HQAM,13.42,mid,severe,6.0,none,0.0,0.0,0,,train
1021,001021.png,data/images/001021.png,4-HQAM,10.55,mid,severe,6.0,none,0.0,0.0,0,,test
1022,001022.png,data/images/001022.png,4-HQAM,10.23,mid,severe,6.0,none,0.0,0.0,0,,train
1023,001023.png,data/images/001023.png,4-HQAM,10.18,mid,severe,6.0,none,0.0,0.0,0,,train
1024,001024.png,data/images/001024.png,4-HQAM,13.36,mid,severe,6.0,none,0.0,0.0,1,12.36,train
1025,001025.png,data/images/001025.png,4-HQAM,10.04,mid,severe,6.0,mild,0.05,2.0,0,,train
1026,001026.png,data/images/001026.png,4-HQAM,13.29,mid,severe,6.0,mild,0.05,2.0,0,,train
1027,001027.png,data/images/001027.png,4-HQAM,12.08,mid,severe,6.0,mild,0.05,2.0,0,,test
1028,001028.png,data/images/001028.png,4-HQAM,13.47,mid,severe,6.0,mild,0.05,2.0,1,14.78,train
1029,001029.png,data/images/001029.png,4-HQAM,12.77,mid,severe,6.0,mild,0.05,2.0,0,,train
1030,001030.png,data/images/001030.png,4-HQAM,12.64,mid,severe,6.0,severe,0.15,8.0,0,,train
1031,001031.png,data/images/001031.png,4-HQAM,12.27,mid,severe,6.0,severe,0.15,8.0,0,,train
1032,001032.png,data/images/001032.png,4-HQAM,12.03,mid,severe,6.0,severe,0.15,8.0,1,13.48,train
1033,001033.png,data/images/001033.png,4-HQAM,13.85,mid,severe,6.0,severe,0.15,8.0,0,,train
1034,001034.png,data/images/001034.png,4-HQAM,11.54,mid,severe,6.0,severe,0.15,8.0,0,,train
1035,001035.png,data/images/001035.png,4-HQAM,15.22,high_mid,none,0.0,none,0.0,0.0,1,7.72,val
1036,001036.png,data/images/001036.png,4-HQAM,16.72,high_mid,none,0.0,none,0.0,0.0,0,,train
1037,001037.png,data/images/001037.png,4-HQAM,17.06,high_mid,none,0.0,none,0.0,0.0,0,,test
1038,001038.png,data/images/001038.png,4-HQAM,16.07,high_mid,none,0.0,none,0.0,0.0,1,11.68,train
1039,001039.png,data/images/001039.png,4-HQAM,18.25,high_mid,none,0.0,none,0.0,0.0,0,,train
1040,001040.png,data/images/001040.png,4-HQAM,17.1,high_mid,none,0.0,mild,0.05,2.0,0,,train
1041,001041.png,data/images/001041.png,4-HQAM,15.34,high_mid,none,0.0,mild,0.05,2.0,1,10.39,val
1042,001042.png,data/images/001042.png,4-HQAM,17.45,high_mid,none,0.0,mild,0.05,2.0,0,,train
1043,001043.png,data/images/001043.png,4-HQAM,18.28,high_mid,none,0.0,mild,0.05,2.0,1,11.39,val
1044,001044.png,data/images/001044.png,4-HQAM,15.79,high_mid,none,0.0,mild,0.05,2.0,0,,test
1045,001045.png,data/images/001045.png,4-HQAM,17.76,high_mid,none,0.0,severe,0.15,8.0,1,13.42,train
1046,001046.png,data/images/001046.png,4-HQAM,15.34,high_mid,none,0.0,severe,0.15,8.0,0,,train
1047,001047.png,data/images/001047.png,4-HQAM,18.86,high_mid,none,0.0,severe,0.15,8.0,0,,train
1048,001048.png,data/images/001048.png,4-HQAM,19.15,high_mid,none,0.0,severe,0.15,8.0,1,6.37,train
1049,001049.png,data/images/001049.png,4-HQAM,16.29,high_mid,none,0.0,severe,0.15,8.0,0,,train
1050,001050.png,data/images/001050.png,4-HQAM,16.65,high_mid,mild,2.0,none,0.0,0.0,0,,train
1051,001051.png,data/images/001051.png,4-HQAM,15.84,high_mid,mild,2.0,none,0.0,0.0,1,8.45,train
1052,001052.png,data/images/001052.png,4-HQAM,16.42,high_mid,mild,2.0,none,0.0,0.0,0,,train
1053,001053.png,data/images/001053.png,4-HQAM,15.81,high_mid,mild,2.0,none,0.0,0.0,1,14.85,train
1054,001054.png,data/images/001054.png,4-HQAM,15.6,high_mid,mild,2.0,none,0.0,0.0,0,,train
1055,001055.png,data/images/001055.png,4-HQAM,15.96,high_mid,mild,2.0,mild,0.05,2.0,0,,test
1056,001056.png,data/images/001056.png,4-HQAM,16.46,high_mid,mild,2.0,mild,0.05,2.0,1,9.62,train
1057,001057.png,data/images/001057.png,4-HQAM,16.04,high_mid,mild,2.0,mild,0.05,2.0,0,,train
1058,001058.png,data/images/001058.png,4-HQAM,16.7,high_mid,mild,2.0,mild,0.05,2.0,0,,train
1059,001059.png,data/images/001059.png,4-HQAM,15.16,high_mid,mild,2.0,mild,0.05,2.0,0,,test
1060,001060.png,data/images/001060.png,4-HQAM,19.15,high_mid,mild,2.0,severe,0.15,8.0,0,,test
1061,001061.png,data/images/001061.png,4-HQAM,17.81,high_mid,mild,2.0,severe,0.15,8.0,0,,val
1062,001062.png,data/images/001062.png,4-HQAM,19.11,high_mid,mild,2.0,severe,0.15,8.0,0,,test
1063,001063.png,data/images/001063.png,4-HQAM,19.26,high_mid,mild,2.0,severe,0.15,8.0,0,,train
1064,001064.png,data/images/001064.png,4-HQAM,17.95,high_mid,mild,2.0,severe,0.15,8.0,1,13.77,val
1065,001065.png,data/images/001065.png,4-HQAM,17.68,high_mid,severe,6.0,none,0.0,0.0,1,8.32,train
1066,001066.png,data/images/001066.png,4-HQAM,19.32,high_mid,severe,6.0,none,0.0,0.0,1,11.58,train
1067,001067.png,data/images/001067.png,4-HQAM,17.35,high_mid,severe,6.0,none,0.0,0.0,0,,train
1068,001068.png,data/images/001068.png,4-HQAM,17.33,high_mid,severe,6.0,none,0.0,0.0,1,5.47,train
1069,001069.png,data/images/001069.png,4-HQAM,17.19,high_mid,severe,6.0,none,0.0,0.0,0,,train
1070,001070.png,data/images/001070.png,4-HQAM,18.01,high_mid,severe,6.0,mild,0.05,2.0,0,,val
1071,001071.png,data/images/001071.png,4-HQAM,15.22,high_mid,severe,6.0,mild,0.05,2.0,0,,train
1072,001072.png,data/images/001072.png,4-HQAM,19.41,high_mid,severe,6.0,mild,0.05,2.0,0,,train
1073,001073.png,data/images/001073.png,4-HQAM,16.05,high_mid,severe,6.0,mild,0.05,2.0,1,9.88,test
1074,001074.png,data/images/001074.png,4-HQAM,15.08,high_mid,severe,6.0,mild,0.05,2.0,0,,train
1075,001075.png,data/images/001075.png,4-HQAM,16.08,high_mid,severe,6.0,severe,0.15,8.0,1,5.17,train
1076,001076.png,data/images/001076.png,4-HQAM,19.22,high_mid,severe,6.0,severe,0.15,8.0,0,,test
1077,001077.png,data/images/001077.png,4-HQAM,15.36,high_mid,severe,6.0,severe,0.15,8.0,0,,train
1078,001078.png,data/images/001078.png,4-HQAM,15.12,high_mid,severe,6.0,severe,0.15,8.0,1,10.52,train
1079,001079.png,data/images/001079.png,4-HQAM,15.76,high_mid,severe,6.0,severe,0.15,8.0,0,,test
1080,001080.png,data/images/001080.png,4-HQAM,25.96,high,none,0.0,none,0.0,0.0,1,7.36,train
1081,001081.png,data/images/001081.png,4-HQAM,27.04,high,none,0.0,none,0.0,0.0,0,,train
1082,001082.png,data/images/001082.png,4-HQAM,27.32,high,none,0.0,none,0.0,0.0,0,,val
1083,001083.png,data/images/001083.png,4-HQAM,22.33,high,none,0.0,none,0.0,0.0,0,,train
1084,001084.png,data/images/001084.png,4-HQAM,27.97,high,none,0.0,none,0.0,0.0,0,,train
1085,001085.png,data/images/001085.png,4-HQAM,27.94,high,none,0.0,mild,0.05,2.0,0,,train
1086,001086.png,data/images/001086.png,4-HQAM,23.81,high,none,0.0,mild,0.05,2.0,0,,val
1087,001087.png,data/images/001087.png,4-HQAM,26.24,high,none,0.0,mild,0.05,2.0,1,11.4,train
1088,001088.png,data/images/001088.png,4-HQAM,21.09,high,none,0.0,mild,0.05,2.0,0,,train
1089,001089.png,data/images/001089.png,4-HQAM,25.22,high,none,0.0,mild,0.05,2.0,0,,train
1090,001090.png,data/images/001090.png,4-HQAM,23.52,high,none,0.0,severe,0.15,8.0,1,14.77,train
1091,001091.png,data/images/001091.png,4-HQAM,23.31,high,none,0.0,severe,0.15,8.0,0,,val
1092,001092.png,data/images/001092.png,4-HQAM,26.93,high,none,0.0,severe,0.15,8.0,1,5.08,test
1093,001093.png,data/images/001093.png,4-HQAM,22.76,high,none,0.0,severe,0.15,8.0,0,,train
1094,001094.png,data/images/001094.png,4-HQAM,24.78,high,none,0.0,severe,0.15,8.0,0,,train
1095,001095.png,data/images/001095.png,4-HQAM,28.37,high,mild,2.0,none,0.0,0.0,0,,train
1096,001096.png,data/images/001096.png,4-HQAM,28.24,high,mild,2.0,none,0.0,0.0,0,,train
1097,001097.png,data/images/001097.png,4-HQAM,25.94,high,mild,2.0,none,0.0,0.0,0,,test
1098,001098.png,data/images/001098.png,4-HQAM,23.1,high,mild,2.0,none,0.0,0.0,1,14.83,train
1099,001099.png,data/images/001099.png,4-HQAM,21.16,high,mild,2.0,none,0.0,0.0,1,10.92,train
1100,001100.png,data/images/001100.png,4-HQAM,22.57,high,mild,2.0,mild,0.05,2.0,0,,train
1101,001101.png,data/images/001101.png,4-HQAM,25.46,high,mild,2.0,mild,0.05,2.0,0,,train
1102,001102.png,data/images/001102.png,4-HQAM,23.09,high,mild,2.0,mild,0.05,2.0,0,,train
1103,001103.png,data/images/001103.png,4-HQAM,27.54,high,mild,2.0,mild,0.05,2.0,1,7.83,train
1104,001104.png,data/images/001104.png,4-HQAM,29.71,high,mild,2.0,mild,0.05,2.0,1,10.74,train
1105,001105.png,data/images/001105.png,4-HQAM,28.35,high,mild,2.0,severe,0.15,8.0,0,,train
1106,001106.png,data/images/001106.png,4-HQAM,25.64,high,mild,2.0,severe,0.15,8.0,0,,train
1107,001107.png,data/images/001107.png,4-HQAM,22.09,high,mild,2.0,severe,0.15,8.0,0,,train
1108,001108.png,data/images/001108.png,4-HQAM,27.48,high,mild,2.0,severe,0.15,8.0,0,,train
1109,001109.png,data/images/001109.png,4-HQAM,22.56,high,mild,2.0,severe,0.15,8.0,0,,train
1110,001110.png,data/images/001110.png,4-HQAM,27.91,high,severe,6.0,none,0.0,0.0,1,10.97,val
1111,001111.png,data/images/001111.png,4-HQAM,20.2,high,severe,6.0,none,0.0,0.0,1,7.67,train
1112,001112.png,data/images/001112.png,4-HQAM,21.55,high,severe,6.0,none,0.0,0.0,0,,train
1113,001113.png,data/images/001113.png,4-HQAM,27.65,high,severe,6.0,none,0.0,0.0,0,,val
1114,001114.png,data/images/001114.png,4-HQAM,27.28,high,severe,6.0,none,0.0,0.0,0,,train
1115,001115.png,data/images/001115.png,4-HQAM,25.66,high,severe,6.0,mild,0.05,2.0,1,8.37,train
1116,001116.png,data/images/001116.png,4-HQAM,28.67,high,severe,6.0,mild,0.05,2.0,0,,train
1117,001117.png,data/images/001117.png,4-HQAM,24.41,high,severe,6.0,mild,0.05,2.0,0,,train
1118,001118.png,data/images/001118.png,4-HQAM,26.35,high,severe,6.0,mild,0.05,2.0,1,9.46,train
1119,001119.png,data/images/001119.png,4-HQAM,28.23,high,severe,6.0,mild,0.05,2.0,1,12.62,test
1120,001120.png,data/images/001120.png,4-HQAM,29.13,high,severe,6.0,severe,0.15,8.0,0,,train
1121,001121.png,data/images/001121.png,4-HQAM,27.67,high,severe,6.0,severe,0.15,8.0,0,,train
1122,001122.png,data/images/001122.png,4-HQAM,21.88,high,severe,6.0,severe,0.15,8.0,0,,test
1123,001123.png,data/images/001123.png,4-HQAM,21.33,high,severe,6.0,severe,0.15,8.0,0,,test
1124,001124.png,data/images/001124.png,4-HQAM,20.26,high,severe,6.0,severe,0.15,8.0,1,6.06,test
1125,001125.png,data/images/001125.png,16-HQAM,2.44,low,none,0.0,none,0.0,0.0,0,,train
1126,001126.png,data/images/001126.png,16-HQAM,2.64,low,none,0.0,none,0.0,0.0,0,,train
1127,001127.png,data/images/001127.png,16-HQAM,3.84,low,none,0.0,none,0.0,0.0,1,12.38,train
1128,001128.png,data/images/001128.png,16-HQAM,1.4,low,none,0.0,none,0.0,0.0,0,,train
1129,001129.png,data/images/001129.png,16-HQAM,0.66,low,none,0.0,none,0.0,0.0,0,,train
1130,001130.png,data/images/001130.png,16-HQAM,2.58,low,none,0.0,mild,0.05,2.0,0,,train
1131,001131.png,data/images/001131.png,16-HQAM,2.68,low,none,0.0,mild,0.05,2.0,0,,test
1132,001132.png,data/images/001132.png,16-HQAM,0.74,low,none,0.0,mild,0.05,2.0,0,,train
1133,001133.png,data/images/001133.png,16-HQAM,4.13,low,none,0.0,mild,0.05,2.0,0,,val
1134,001134.png,data/images/001134.png,16-HQAM,3.04,low,none,0.0,mild,0.05,2.0,0,,train
1135,001135.png,data/images/001135.png,16-HQAM,4.06,low,none,0.0,severe,0.15,8.0,0,,train
1136,001136.png,data/images/001136.png,16-HQAM,4.13,low,none,0.0,severe,0.15,8.0,0,,train
1137,001137.png,data/images/001137.png,16-HQAM,1.48,low,none,0.0,severe,0.15,8.0,0,,train
1138,001138.png,data/images/001138.png,16-HQAM,3.87,low,none,0.0,severe,0.15,8.0,0,,train
1139,001139.png,data/images/001139.png,16-HQAM,0.46,low,none,0.0,severe,0.15,8.0,0,,val
1140,001140.png,data/images/001140.png,16-HQAM,0.68,low,mild,2.0,none,0.0,0.0,0,,test
1141,001141.png,data/images/001141.png,16-HQAM,0.1,low,mild,2.0,none,0.0,0.0,1,12.69,train
1142,001142.png,data/images/001142.png,16-HQAM,1.8,low,mild,2.0,none,0.0,0.0,0,,train
1143,001143.png,data/images/001143.png,16-HQAM,4.95,low,mild,2.0,none,0.0,0.0,0,,train
1144,001144.png,data/images/001144.png,16-HQAM,3.26,low,mild,2.0,none,0.0,0.0,0,,val
1145,001145.png,data/images/001145.png,16-HQAM,3.79,low,mild,2.0,mild,0.05,2.0,0,,test
1146,001146.png,data/images/001146.png,16-HQAM,3.87,low,mild,2.0,mild,0.05,2.0,0,,train
1147,001147.png,data/images/001147.png,16-HQAM,1.51,low,mild,2.0,mild,0.05,2.0,0,,train
1148,001148.png,data/images/001148.png,16-HQAM,4.13,low,mild,2.0,mild,0.05,2.0,0,,train
1149,001149.png,data/images/001149.png,16-HQAM,2.76,low,mild,2.0,mild,0.05,2.0,0,,train
1150,001150.png,data/images/001150.png,16-HQAM,2.84,low,mild,2.0,severe,0.15,8.0,0,,val
1151,001151.png,data/images/001151.png,16-HQAM,1.64,low,mild,2.0,severe,0.15,8.0,0,,val
1152,001152.png,data/images/001152.png,16-HQAM,1.45,low,mild,2.0,severe,0.15,8.0,0,,train
1153,001153.png,data/images/001153.png,16-HQAM,3.93,low,mild,2.0,severe,0.15,8.0,0,,train
1154,001154.png,data/images/001154.png,16-HQAM,3.17,low,mild,2.0,severe,0.15,8.0,1,12.53,train
1155,001155.png,data/images/001155.png,16-HQAM,4.08,low,severe,6.0,none,0.0,0.0,0,,train
1156,001156.png,data/images/001156.png,16-HQAM,4.71,low,severe,6.0,none,0.0,0.0,0,,train
1157,001157.png,data/images/001157.png,16-HQAM,4.91,low,severe,6.0,none,0.0,0.0,0,,train
1158,001158.png,data/images/001158.png,16-HQAM,4.75,low,severe,6.0,none,0.0,0.0,0,,test
1159,001159.png,data/images/001159.png,16-HQAM,4.88,low,severe,6.0,none,0.0,0.0,1,11.57,val
1160,001160.png,data/images/001160.png,16-HQAM,3.47,low,severe,6.0,mild,0.05,2.0,0,,train
1161,001161.png,data/images/001161.png,16-HQAM,3.81,low,severe,6.0,mild,0.05,2.0,0,,train
1162,001162.png,data/images/001162.png,16-HQAM,1.32,low,severe,6.0,mild,0.05,2.0,0,,val
1163,001163.png,data/images/001163.png,16-HQAM,3.54,low,severe,6.0,mild,0.05,2.0,1,9.71,test
1164,001164.png,data/images/001164.png,16-HQAM,4.54,low,severe,6.0,mild,0.05,2.0,0,,train
1165,001165.png,data/images/001165.png,16-HQAM,3.68,low,severe,6.0,severe,0.15,8.0,1,7.9,train
1166,001166.png,data/images/001166.png,16-HQAM,3.22,low,severe,6.0,severe,0.15,8.0,0,,train
1167,001167.png,data/images/001167.png,16-HQAM,2.26,low,severe,6.0,severe,0.15,8.0,0,,train
1168,001168.png,data/images/001168.png,16-HQAM,2.17,low,severe,6.0,severe,0.15,8.0,1,11.19,train
1169,001169.png,data/images/001169.png,16-HQAM,2.58,low,severe,6.0,severe,0.15,8.0,0,,train
1170,001170.png,data/images/001170.png,16-HQAM,6.41,low_mid,none,0.0,none,0.0,0.0,0,,ood_test
1171,001171.png,data/images/001171.png,16-HQAM,8.11,low_mid,none,0.0,none,0.0,0.0,0,,ood_test
1172,001172.png,data/images/001172.png,16-HQAM,8.18,low_mid,none,0.0,none,0.0,0.0,1,6.64,ood_test
1173,001173.png,data/images/001173.png,16-HQAM,5.89,low_mid,none,0.0,none,0.0,0.0,0,,ood_test
1174,001174.png,data/images/001174.png,16-HQAM,6.13,low_mid,none,0.0,none,0.0,0.0,0,,ood_test
1175,001175.png,data/images/001175.png,16-HQAM,9.89,low_mid,none,0.0,mild,0.05,2.0,0,,ood_test
1176,001176.png,data/images/001176.png,16-HQAM,5.78,low_mid,none,0.0,mild,0.05,2.0,0,,ood_test
1177,001177.png,data/images/001177.png,16-HQAM,5.56,low_mid,none,0.0,mild,0.05,2.0,0,,ood_test
1178,001178.png,data/images/001178.png,16-HQAM,9.58,low_mid,none,0.0,mild,0.05,2.0,0,,ood_test
1179,001179.png,data/images/001179.png,16-HQAM,5.16,low_mid,none,0.0,mild,0.05,2.0,0,,ood_test
1180,001180.png,data/images/001180.png,16-HQAM,6.83,low_mid,none,0.0,severe,0.15,8.0,0,,ood_test
1181,001181.png,data/images/001181.png,16-HQAM,8.13,low_mid,none,0.0,severe,0.15,8.0,1,11.04,ood_test
1182,001182.png,data/images/001182.png,16-HQAM,9.74,low_mid,none,0.0,severe,0.15,8.0,0,,ood_test
1183,001183.png,data/images/001183.png,16-HQAM,7.13,low_mid,none,0.0,severe,0.15,8.0,0,,ood_test
1184,001184.png,data/images/001184.png,16-HQAM,8.9,low_mid,none,0.0,severe,0.15,8.0,1,6.53,ood_test
1185,001185.png,data/images/001185.png,16-HQAM,6.63,low_mid,mild,2.0,none,0.0,0.0,0,,ood_test
1186,001186.png,data/images/001186.png,16-HQAM,7.06,low_mid,mild,2.0,none,0.0,0.0,0,,ood_test
1187,001187.png,data/images/001187.png,16-HQAM,6.32,low_mid,mild,2.0,none,0.0,0.0,1,11.77,ood_test
1188,001188.png,data/images/001188.png,16-HQAM,9.55,low_mid,mild,2.0,none,0.0,0.0,0,,ood_test
1189,001189.png,data/images/001189.png,16-HQAM,7.7,low_mid,mild,2.0,none,0.0,0.0,1,11.99,ood_test
1190,001190.png,data/images/001190.png,16-HQAM,8.11,low_mid,mild,2.0,mild,0.05,2.0,0,,ood_test
1191,001191.png,data/images/001191.png,16-HQAM,6.08,low_mid,mild,2.0,mild,0.05,2.0,1,13.53,ood_test
1192,001192.png,data/images/001192.png,16-HQAM,8.59,low_mid,mild,2.0,mild,0.05,2.0,1,14.87,ood_test
1193,001193.png,data/images/001193.png,16-HQAM,9.32,low_mid,mild,2.0,mild,0.05,2.0,1,8.24,ood_test
1194,001194.png,data/images/001194.png,16-HQAM,6.36,low_mid,mild,2.0,mild,0.05,2.0,0,,ood_test
1195,001195.png,data/images/001195.png,16-HQAM,5.51,low_mid,mild,2.0,severe,0.15,8.0,0,,ood_test
1196,001196.png,data/images/001196.png,16-HQAM,7.14,low_mid,mild,2.0,severe,0.15,8.0,0,,ood_test
1197,001197.png,data/images/001197.png,16-HQAM,8.25,low_mid,mild,2.0,severe,0.15,8.0,0,,ood_test
1198,001198.png,data/images/001198.png,16-HQAM,5.48,low_mid,mild,2.0,severe,0.15,8.0,1,10.89,ood_test
1199,001199.png,data/images/001199.png,16-HQAM,9.11,low_mid,mild,2.0,severe,0.15,8.0,0,,ood_test
1200,001200.png,data/images/001200.png,16-HQAM,6.53,low_mid,severe,6.0,none,0.0,0.0,0,,ood_test
1201,001201.png,data/images/001201.png,16-HQAM,9.98,low_mid,severe,6.0,none,0.0,0.0,0,,ood_test
1202,001202.png,data/images/001202.png,16-HQAM,5.35,low_mid,severe,6.0,none,0.0,0.0,0,,ood_test
1203,001203.png,data/images/001203.png,16-HQAM,7.38,low_mid,severe,6.0,none,0.0,0.0,1,14.14,ood_test
1204,001204.png,data/images/001204.png,16-HQAM,6.55,low_mid,severe,6.0,none,0.0,0.0,0,,ood_test
1205,001205.png,data/images/001205.png,16-HQAM,6.67,low_mid,severe,6.0,mild,0.05,2.0,0,,ood_test
1206,001206.png,data/images/001206.png,16-HQAM,5.99,low_mid,severe,6.0,mild,0.05,2.0,0,,ood_test
1207,001207.png,data/images/001207.png,16-HQAM,6.84,low_mid,severe,6.0,mild,0.05,2.0,1,6.71,ood_test
1208,001208.png,data/images/001208.png,16-HQAM,7.14,low_mid,severe,6.0,mild,0.05,2.0,0,,ood_test
1209,001209.png,data/images/001209.png,16-HQAM,9.68,low_mid,severe,6.0,mild,0.05,2.0,0,,ood_test
1210,001210.png,data/images/001210.png,16-HQAM,8.02,low_mid,severe,6.0,severe,0.15,8.0,0,,ood_test
1211,001211.png,data/images/001211.png,16-HQAM,7.94,low_mid,severe,6.0,severe,0.15,8.0,0,,ood_test
1212,001212.png,data/images/001212.png,16-HQAM,6.93,low_mid,severe,6.0,severe,0.15,8.0,0,,ood_test
1213,001213.png,data/images/001213.png,16-HQAM,8.31,low_mid,severe,6.0,severe,0.15,8.0,0,,ood_test
1214,001214.png,data/images/001214.png,16-HQAM,5.59,low_mid,severe,6.0,severe,0.15,8.0,1,13.3,ood_test
1215,001215.png,data/images/001215.png,16-HQAM,14.08,mid,none,0.0,none,0.0,0.0,0,,train
1216,001216.png,data/images/001216.png,16-HQAM,14.43,mid,none,0.0,none,0.0,0.0,0,,train
1217,001217.png,data/images/001217.png,16-HQAM,10.8,mid,none,0.0,none,0.0,0.0,0,,train
1218,001218.png,data/images/001218.png,16-HQAM,14.8,mid,none,0.0,none,0.0,0.0,0,,train
1219,001219.png,data/images/001219.png,16-HQAM,13.26,mid,none,0.0,none,0.0,0.0,0,,train
1220,001220.png,data/images/001220.png,16-HQAM,14.18,mid,none,0.0,mild,0.05,2.0,0,,test
1221,001221.png,data/images/001221.png,16-HQAM,10.46,mid,none,0.0,mild,0.05,2.0,0,,train
1222,001222.png,data/images/001222.png,16-HQAM,14.65,mid,none,0.0,mild,0.05,2.0,0,,train
1223,001223.png,data/images/001223.png,16-HQAM,14.89,mid,none,0.0,mild,0.05,2.0,0,,train
1224,001224.png,data/images/001224.png,16-HQAM,10.89,mid,none,0.0,mild,0.05,2.0,0,,train
1225,001225.png,data/images/001225.png,16-HQAM,12.68,mid,none,0.0,severe,0.15,8.0,1,14.61,train
1226,001226.png,data/images/001226.png,16-HQAM,12.13,mid,none,0.0,severe,0.15,8.0,0,,train
1227,001227.png,data/images/001227.png,16-HQAM,10.18,mid,none,0.0,severe,0.15,8.0,0,,train
1228,001228.png,data/images/001228.png,16-HQAM,11.02,mid,none,0.0,severe,0.15,8.0,0,,val
1229,001229.png,data/images/001229.png,16-HQAM,13.5,mid,none,0.0,severe,0.15,8.0,0,,test
1230,001230.png,data/images/001230.png,16-HQAM,10.33,mid,mild,2.0,none,0.0,0.0,0,,train
1231,001231.png,data/images/001231.png,16-HQAM,13.79,mid,mild,2.0,none,0.0,0.0,0,,val
1232,001232.png,data/images/001232.png,16-HQAM,13.99,mid,mild,2.0,none,0.0,0.0,0,,test
1233,001233.png,data/images/001233.png,16-HQAM,12.94,mid,mild,2.0,none,0.0,0.0,0,,train
1234,001234.png,data/images/001234.png,16-HQAM,14.93,mid,mild,2.0,none,0.0,0.0,0,,test
1235,001235.png,data/images/001235.png,16-HQAM,12.7,mid,mild,2.0,mild,0.05,2.0,0,,train
1236,001236.png,data/images/001236.png,16-HQAM,13.98,mid,mild,2.0,mild,0.05,2.0,0,,train
1237,001237.png,data/images/001237.png,16-HQAM,11.91,mid,mild,2.0,mild,0.05,2.0,0,,train
1238,001238.png,data/images/001238.png,16-HQAM,13.26,mid,mild,2.0,mild,0.05,2.0,1,5.45,train
1239,001239.png,data/images/001239.png,16-HQAM,14.51,mid,mild,2.0,mild,0.05,2.0,0,,train
1240,001240.png,data/images/001240.png,16-HQAM,10.43,mid,mild,2.0,severe,0.15,8.0,1,6.21,val
1241,001241.png,data/images/001241.png,16-HQAM,13.91,mid,mild,2.0,severe,0.15,8.0,1,12.6,test
1242,001242.png,data/images/001242.png,16-HQAM,10.81,mid,mild,2.0,severe,0.15,8.0,0,,train
1243,001243.png,data/images/001243.png,16-HQAM,11.57,mid,mild,2.0,severe,0.15,8.0,0,,train
1244,001244.png,data/images/001244.png,16-HQAM,11.35,mid,mild,2.0,severe,0.15,8.0,1,13.4,train
1245,001245.png,data/images/001245.png,16-HQAM,11.86,mid,severe,6.0,none,0.0,0.0,1,11.89,train
1246,001246.png,data/images/001246.png,16-HQAM,12.27,mid,severe,6.0,none,0.0,0.0,0,,train
1247,001247.png,data/images/001247.png,16-HQAM,13.35,mid,severe,6.0,none,0.0,0.0,0,,train
1248,001248.png,data/images/001248.png,16-HQAM,14.21,mid,severe,6.0,none,0.0,0.0,0,,train
1249,001249.png,data/images/001249.png,16-HQAM,10.66,mid,severe,6.0,none,0.0,0.0,0,,test
1250,001250.png,data/images/001250.png,16-HQAM,12.76,mid,severe,6.0,mild,0.05,2.0,0,,train
1251,001251.png,data/images/001251.png,16-HQAM,10.49,mid,severe,6.0,mild,0.05,2.0,1,9.62,train
1252,001252.png,data/images/001252.png,16-HQAM,11.8,mid,severe,6.0,mild,0.05,2.0,1,7.01,train
1253,001253.png,data/images/001253.png,16-HQAM,14.98,mid,severe,6.0,mild,0.05,2.0,0,,train
1254,001254.png,data/images/001254.png,16-HQAM,10.4,mid,severe,6.0,mild,0.05,2.0,0,,train
1255,001255.png,data/images/001255.png,16-HQAM,11.08,mid,severe,6.0,severe,0.15,8.0,0,,train
1256,001256.png,data/images/001256.png,16-HQAM,14.5,mid,severe,6.0,severe,0.15,8.0,1,5.04,train
1257,001257.png,data/images/001257.png,16-HQAM,14.41,mid,severe,6.0,severe,0.15,8.0,0,,train
1258,001258.png,data/images/001258.png,16-HQAM,13.05,mid,severe,6.0,severe,0.15,8.0,0,,train
1259,001259.png,data/images/001259.png,16-HQAM,14.49,mid,severe,6.0,severe,0.15,8.0,0,,train
1260,001260.png,data/images/001260.png,16-HQAM,16.83,high_mid,none,0.0,none,0.0,0.0,0,,train
1261,001261.png,data/images/001261.png,16-HQAM,19.52,high_mid,none,0.0,none,0.0,0.0,1,7.13,train
1262,001262.png,data/images/001262.png,16-HQAM,17.55,high_mid,none,0.0,none,0.0,0.0,0,,train
1263,001263.png,data/images/001263.png,16-HQAM,18.03,high_mid,none,0.0,none,0.0,0.0,1,14.63,train
1264,001264.png,data/images/001264.png,16-HQAM,19.2,high_mid,none,0.0,none,0.0,0.0,1,14.35,train
1265,001265.png,data/images/001265.png,16-HQAM,17.58,high_mid,none,0.0,mild,0.05,2.0,1,9.16,train
1266,001266.png,data/images/001266.png,16-HQAM,15.63,high_mid,none,0.0,mild,0.05,2.0,0,,val
1267,001267.png,data/images/001267.png,16-HQAM,18.94,high_mid,none,0.0,mild,0.05,2.0,0,,test
1268,001268.png,data/images/001268.png,16-HQAM,16.83,high_mid,none,0.0,mild,0.05,2.0,0,,val
1269,001269.png,data/images/001269.png,16-HQAM,16.71,high_mid,none,0.0,mild,0.05,2.0,0,,test
1270,001270.png,data/images/001270.png,16-HQAM,18.63,high_mid,none,0.0,severe,0.15,8.0,1,5.97,val
1271,001271.png,data/images/001271.png,16-HQAM,19.99,high_mid,none,0.0,severe,0.15,8.0,0,,train
1272,001272.png,data/images/001272.png,16-HQAM,15.76,high_mid,none,0.0,severe,0.15,8.0,1,14.97,train
1273,001273.png,data/images/001273.png,16-HQAM,17.31,high_mid,none,0.0,severe,0.15,8.0,0,,train
1274,001274.png,data/images/001274.png,16-HQAM,15.29,high_mid,none,0.0,severe,0.15,8.0,0,,train
1275,001275.png,data/images/001275.png,16-HQAM,19.74,high_mid,mild,2.0,none,0.0,0.0,0,,train
1276,001276.png,data/images/001276.png,16-HQAM,17.39,high_mid,mild,2.0,none,0.0,0.0,0,,train
1277,001277.png,data/images/001277.png,16-HQAM,16.18,high_mid,mild,2.0,none,0.0,0.0,1,13.9,val
1278,001278.png,data/images/001278.png,16-HQAM,15.41,high_mid,mild,2.0,none,0.0,0.0,0,,test
1279,001279.png,data/images/001279.png,16-HQAM,18.45,high_mid,mild,2.0,none,0.0,0.0,0,,val
1280,001280.png,data/images/001280.png,16-HQAM,15.87,high_mid,mild,2.0,mild,0.05,2.0,0,,train
1281,001281.png,data/images/001281.png,16-HQAM,17.9,high_mid,mild,2.0,mild,0.05,2.0,0,,train
1282,001282.png,data/images/001282.png,16-HQAM,19.92,high_mid,mild,2.0,mild,0.05,2.0,0,,train
1283,001283.png,data/images/001283.png,16-HQAM,18.94,high_mid,mild,2.0,mild,0.05,2.0,0,,train
1284,001284.png,data/images/001284.png,16-HQAM,19.04,high_mid,mild,2.0,mild,0.05,2.0,1,7.74,train
1285,001285.png,data/images/001285.png,16-HQAM,15.7,high_mid,mild,2.0,severe,0.15,8.0,0,,test
1286,001286.png,data/images/001286.png,16-HQAM,16.7,high_mid,mild,2.0,severe,0.15,8.0,0,,val
1287,001287.png,data/images/001287.png,16-HQAM,18.17,high_mid,mild,2.0,severe,0.15,8.0,1,12.09,val
1288,001288.png,data/images/001288.png,16-HQAM,16.16,high_mid,mild,2.0,severe,0.15,8.0,1,7.35,train
1289,001289.png,data/images/001289.png,16-HQAM,18.17,high_mid,mild,2.0,severe,0.15,8.0,0,,train
1290,001290.png,data/images/001290.png,16-HQAM,19.56,high_mid,severe,6.0,none,0.0,0.0,0,,train
1291,001291.png,data/images/001291.png,16-HQAM,15.69,high_mid,severe,6.0,none,0.0,0.0,0,,train
1292,001292.png,data/images/001292.png,16-HQAM,18.16,high_mid,severe,6.0,none,0.0,0.0,0,,train
1293,001293.png,data/images/001293.png,16-HQAM,18.41,high_mid,severe,6.0,none,0.0,0.0,0,,train
1294,001294.png,data/images/001294.png,16-HQAM,19.2,high_mid,severe,6.0,none,0.0,0.0,0,,train
1295,001295.png,data/images/001295.png,16-HQAM,18.02,high_mid,severe,6.0,mild,0.05,2.0,0,,train
1296,001296.png,data/images/001296.png,16-HQAM,19.05,high_mid,severe,6.0,mild,0.05,2.0,0,,train
1297,001297.png,data/images/001297.png,16-HQAM,15.21,high_mid,severe,6.0,mild,0.05,2.0,0,,train
1298,001298.png,data/images/001298.png,16-HQAM,17.16,high_mid,severe,6.0,mild,0.05,2.0,0,,test
1299,001299.png,data/images/001299.png,16-HQAM,18.86,high_mid,severe,6.0,mild,0.05,2.0,0,,val
1300,001300.png,data/images/001300.png,16-HQAM,17.29,high_mid,severe,6.0,severe,0.15,8.0,0,,train
1301,001301.png,data/images/001301.png,16-HQAM,19.37,high_mid,severe,6.0,severe,0.15,8.0,0,,test
1302,001302.png,data/images/001302.png,16-HQAM,15.2,high_mid,severe,6.0,severe,0.15,8.0,1,12.14,train
1303,001303.png,data/images/001303.png,16-HQAM,16.25,high_mid,severe,6.0,severe,0.15,8.0,0,,test
1304,001304.png,data/images/001304.png,16-HQAM,15.15,high_mid,severe,6.0,severe,0.15,8.0,0,,train
1305,001305.png,data/images/001305.png,16-HQAM,25.16,high,none,0.0,none,0.0,0.0,1,11.97,val
1306,001306.png,data/images/001306.png,16-HQAM,25.18,high,none,0.0,none,0.0,0.0,0,,train
1307,001307.png,data/images/001307.png,16-HQAM,23.56,high,none,0.0,none,0.0,0.0,0,,train
1308,001308.png,data/images/001308.png,16-HQAM,22.89,high,none,0.0,none,0.0,0.0,0,,val
1309,001309.png,data/images/001309.png,16-HQAM,23.11,high,none,0.0,none,0.0,0.0,0,,test
1310,001310.png,data/images/001310.png,16-HQAM,27.35,high,none,0.0,mild,0.05,2.0,0,,train
1311,001311.png,data/images/001311.png,16-HQAM,22.62,high,none,0.0,mild,0.05,2.0,0,,train
1312,001312.png,data/images/001312.png,16-HQAM,28.08,high,none,0.0,mild,0.05,2.0,0,,train
1313,001313.png,data/images/001313.png,16-HQAM,26.07,high,none,0.0,mild,0.05,2.0,0,,train
1314,001314.png,data/images/001314.png,16-HQAM,20.91,high,none,0.0,mild,0.05,2.0,0,,train
1315,001315.png,data/images/001315.png,16-HQAM,29.01,high,none,0.0,severe,0.15,8.0,0,,val
1316,001316.png,data/images/001316.png,16-HQAM,29.91,high,none,0.0,severe,0.15,8.0,0,,train
1317,001317.png,data/images/001317.png,16-HQAM,29.14,high,none,0.0,severe,0.15,8.0,0,,train
1318,001318.png,data/images/001318.png,16-HQAM,24.57,high,none,0.0,severe,0.15,8.0,0,,train
1319,001319.png,data/images/001319.png,16-HQAM,20.17,high,none,0.0,severe,0.15,8.0,1,8.7,test
1320,001320.png,data/images/001320.png,16-HQAM,28.74,high,mild,2.0,none,0.0,0.0,0,,train
1321,001321.png,data/images/001321.png,16-HQAM,26.8,high,mild,2.0,none,0.0,0.0,0,,val
1322,001322.png,data/images/001322.png,16-HQAM,25.48,high,mild,2.0,none,0.0,0.0,0,,train
1323,001323.png,data/images/001323.png,16-HQAM,29.6,high,mild,2.0,none,0.0,0.0,1,9.35,train
1324,001324.png,data/images/001324.png,16-HQAM,24.55,high,mild,2.0,none,0.0,0.0,1,9.22,train
1325,001325.png,data/images/001325.png,16-HQAM,24.43,high,mild,2.0,mild,0.05,2.0,0,,train
1326,001326.png,data/images/001326.png,16-HQAM,23.79,high,mild,2.0,mild,0.05,2.0,0,,train
1327,001327.png,data/images/001327.png,16-HQAM,24.48,high,mild,2.0,mild,0.05,2.0,1,8.4,train
1328,001328.png,data/images/001328.png,16-HQAM,24.04,high,mild,2.0,mild,0.05,2.0,0,,train
1329,001329.png,data/images/001329.png,16-HQAM,22.42,high,mild,2.0,mild,0.05,2.0,0,,train
1330,001330.png,data/images/001330.png,16-HQAM,29.72,high,mild,2.0,severe,0.15,8.0,0,,train
1331,001331.png,data/images/001331.png,16-HQAM,29.13,high,mild,2.0,severe,0.15,8.0,0,,train
1332,001332.png,data/images/001332.png,16-HQAM,25.02,high,mild,2.0,severe,0.15,8.0,0,,test
1333,001333.png,data/images/001333.png,16-HQAM,20.01,high,mild,2.0,severe,0.15,8.0,0,,val
1334,001334.png,data/images/001334.png,16-HQAM,22.01,high,mild,2.0,severe,0.15,8.0,0,,train
1335,001335.png,data/images/001335.png,16-HQAM,25.36,high,severe,6.0,none,0.0,0.0,0,,train
1336,001336.png,data/images/001336.png,16-HQAM,27.85,high,severe,6.0,none,0.0,0.0,1,7.27,train
1337,001337.png,data/images/001337.png,16-HQAM,21.45,high,severe,6.0,none,0.0,0.0,0,,train
1338,001338.png,data/images/001338.png,16-HQAM,23.33,high,severe,6.0,none,0.0,0.0,0,,train
1339,001339.png,data/images/001339.png,16-HQAM,27.55,high,severe,6.0,none,0.0,0.0,0,,train
1340,001340.png,data/images/001340.png,16-HQAM,27.65,high,severe,6.0,mild,0.05,2.0,0,,val
1341,001341.png,data/images/001341.png,16-HQAM,24.59,high,severe,6.0,mild,0.05,2.0,0,,val
1342,001342.png,data/images/001342.png,16-HQAM,21.67,high,severe,6.0,mild,0.05,2.0,0,,train
1343,001343.png,data/images/001343.png,16-HQAM,27.93,high,severe,6.0,mild,0.05,2.0,0,,train
1344,001344.png,data/images/001344.png,16-HQAM,26.53,high,severe,6.0,mild,0.05,2.0,1,12.68,test
1345,001345.png,data/images/001345.png,16-HQAM,20.41,high,severe,6.0,severe,0.15,8.0,1,6.34,train
1346,001346.png,data/images/001346.png,16-HQAM,29.99,high,severe,6.0,severe,0.15,8.0,1,10.06,train
1347,001347.png,data/images/001347.png,16-HQAM,29.72,high,severe,6.0,severe,0.15,8.0,0,,train
1348,001348.png,data/images/001348.png,16-HQAM,25.9,high,severe,6.0,severe,0.15,8.0,1,7.67,train
1349,001349.png,data/images/001349.png,16-HQAM,25.6,high,severe,6.0,severe,0.15,8.0,1,5.38,val
1350,001350.png,data/images/001350.png,64-HQAM,2.87,low,none,0.0,none,0.0,0.0,1,13.64,train
1351,001351.png,data/images/001351.png,64-HQAM,0.79,low,none,0.0,none,0.0,0.0,0,,test
1352,001352.png,data/images/001352.png,64-HQAM,0.06,low,none,0.0,none,0.0,0.0,1,7.86,train
1353,001353.png,data/images/001353.png,64-HQAM,3.02,low,none,0.0,none,0.0,0.0,0,,test
1354,001354.png,data/images/001354.png,64-HQAM,0.33,low,none,0.0,none,0.0,0.0,1,5.63,train
1355,001355.png,data/images/001355.png,64-HQAM,2.42,low,none,0.0,mild,0.05,2.0,0,,train
1356,001356.png,data/images/001356.png,64-HQAM,0.72,low,none,0.0,mild,0.05,2.0,0,,train
1357,001357.png,data/images/001357.png,64-HQAM,3.37,low,none,0.0,mild,0.05,2.0,1,5.07,train
1358,001358.png,data/images/001358.png,64-HQAM,0.57,low,none,0.0,mild,0.05,2.0,0,,test
1359,001359.png,data/images/001359.png,64-HQAM,4.93,low,none,0.0,mild,0.05,2.0,0,,test
1360,001360.png,data/images/001360.png,64-HQAM,4.28,low,none,0.0,severe,0.15,8.0,0,,val
1361,001361.png,data/images/001361.png,64-HQAM,1.92,low,none,0.0,severe,0.15,8.0,1,7.43,train
1362,001362.png,data/images/001362.png,64-HQAM,3.97,low,none,0.0,severe,0.15,8.0,1,9.56,train
1363,001363.png,data/images/001363.png,64-HQAM,0.43,low,none,0.0,severe,0.15,8.0,1,7.58,train
1364,001364.png,data/images/001364.png,64-HQAM,3.95,low,none,0.0,severe,0.15,8.0,0,,train
1365,001365.png,data/images/001365.png,64-HQAM,2.27,low,mild,2.0,none,0.0,0.0,1,8.12,train
1366,001366.png,data/images/001366.png,64-HQAM,1.87,low,mild,2.0,none,0.0,0.0,0,,train
1367,001367.png,data/images/001367.png,64-HQAM,1.62,low,mild,2.0,none,0.0,0.0,0,,test
1368,001368.png,data/images/001368.png,64-HQAM,2.33,low,mild,2.0,none,0.0,0.0,0,,train
1369,001369.png,data/images/001369.png,64-HQAM,3.15,low,mild,2.0,none,0.0,0.0,0,,test
1370,001370.png,data/images/001370.png,64-HQAM,2.71,low,mild,2.0,mild,0.05,2.0,0,,train
1371,001371.png,data/images/001371.png,64-HQAM,0.66,low,mild,2.0,mild,0.05,2.0,1,8.84,test
1372,001372.png,data/images/001372.png,64-HQAM,0.06,low,mild,2.0,mild,0.05,2.0,0,,train
1373,001373.png,data/images/001373.png,64-HQAM,2.37,low,mild,2.0,mild,0.05,2.0,0,,train
1374,001374.png,data/images/001374.png,64-HQAM,3.94,low,mild,2.0,mild,0.05,2.0,1,9.04,val
1375,001375.png,data/images/001375.png,64-HQAM,3.21,low,mild,2.0,severe,0.15,8.0,1,9.69,train
1376,001376.png,data/images/001376.png,64-HQAM,4.88,low,mild,2.0,severe,0.15,8.0,0,,train
1377,001377.png,data/images/001377.png,64-HQAM,0.19,low,mild,2.0,severe,0.15,8.0,0,,train
1378,001378.png,data/images/001378.png,64-HQAM,1.53,low,mild,2.0,severe,0.15,8.0,0,,train
1379,001379.png,data/images/001379.png,64-HQAM,1.11,low,mild,2.0,severe,0.15,8.0,0,,train
1380,001380.png,data/images/001380.png,64-HQAM,4.07,low,severe,6.0,none,0.0,0.0,0,,val
1381,001381.png,data/images/001381.png,64-HQAM,2.78,low,severe,6.0,none,0.0,0.0,0,,val
1382,001382.png,data/images/001382.png,64-HQAM,2.81,low,severe,6.0,none,0.0,0.0,0,,train
1383,001383.png,data/images/001383.png,64-HQAM,4.51,low,severe,6.0,none,0.0,0.0,0,,val
1384,001384.png,data/images/001384.png,64-HQAM,0.7,low,severe,6.0,none,0.0,0.0,0,,train
1385,001385.png,data/images/001385.png,64-HQAM,2.43,low,severe,6.0,mild,0.05,2.0,0,,test
1386,001386.png,data/images/001386.png,64-HQAM,3.54,low,severe,6.0,mild,0.05,2.0,0,,train
1387,001387.png,data/images/001387.png,64-HQAM,2.38,low,severe,6.0,mild,0.05,2.0,0,,val
1388,001388.png,data/images/001388.png,64-HQAM,4.1,low,severe,6.0,mild,0.05,2.0,0,,train
1389,001389.png,data/images/001389.png,64-HQAM,0.6,low,severe,6.0,mild,0.05,2.0,0,,val
1390,001390.png,data/images/001390.png,64-HQAM,2.28,low,severe,6.0,severe,0.15,8.0,0,,train
1391,001391.png,data/images/001391.png,64-HQAM,3.19,low,severe,6.0,severe,0.15,8.0,0,,test
1392,001392.png,data/images/001392.png,64-HQAM,4.33,low,severe,6.0,severe,0.15,8.0,0,,train
1393,001393.png,data/images/001393.png,64-HQAM,1.65,low,severe,6.0,severe,0.15,8.0,0,,test
1394,001394.png,data/images/001394.png,64-HQAM,4.37,low,severe,6.0,severe,0.15,8.0,0,,train
1395,001395.png,data/images/001395.png,64-HQAM,6.1,low_mid,none,0.0,none,0.0,0.0,0,,ood_test
1396,001396.png,data/images/001396.png,64-HQAM,9.07,low_mid,none,0.0,none,0.0,0.0,0,,ood_test
1397,001397.png,data/images/001397.png,64-HQAM,9.98,low_mid,none,0.0,none,0.0,0.0,0,,ood_test
1398,001398.png,data/images/001398.png,64-HQAM,5.45,low_mid,none,0.0,none,0.0,0.0,0,,ood_test
1399,001399.png,data/images/001399.png,64-HQAM,5.9,low_mid,none,0.0,none,0.0,0.0,0,,ood_test
1400,001400.png,data/images/001400.png,64-HQAM,5.11,low_mid,none,0.0,mild,0.05,2.0,1,14.26,ood_test
1401,001401.png,data/images/001401.png,64-HQAM,8.58,low_mid,none,0.0,mild,0.05,2.0,1,12.09,ood_test
1402,001402.png,data/images/001402.png,64-HQAM,5.73,low_mid,none,0.0,mild,0.05,2.0,1,8.42,ood_test
1403,001403.png,data/images/001403.png,64-HQAM,6.82,low_mid,none,0.0,mild,0.05,2.0,0,,ood_test
1404,001404.png,data/images/001404.png,64-HQAM,9.43,low_mid,none,0.0,mild,0.05,2.0,0,,ood_test
1405,001405.png,data/images/001405.png,64-HQAM,6.03,low_mid,none,0.0,severe,0.15,8.0,0,,ood_test
1406,001406.png,data/images/001406.png,64-HQAM,8.11,low_mid,none,0.0,severe,0.15,8.0,0,,ood_test
1407,001407.png,data/images/001407.png,64-HQAM,5.08,low_mid,none,0.0,severe,0.15,8.0,0,,ood_test
1408,001408.png,data/images/001408.png,64-HQAM,8.66,low_mid,none,0.0,severe,0.15,8.0,0,,ood_test
1409,001409.png,data/images/001409.png,64-HQAM,9.82,low_mid,none,0.0,severe,0.15,8.0,0,,ood_test
1410,001410.png,data/images/001410.png,64-HQAM,5.04,low_mid,mild,2.0,none,0.0,0.0,0,,ood_test
1411,001411.png,data/images/001411.png,64-HQAM,9.73,low_mid,mild,2.0,none,0.0,0.0,1,6.63,ood_test
1412,001412.png,data/images/001412.png,64-HQAM,9.35,low_mid,mild,2.0,none,0.0,0.0,0,,ood_test
1413,001413.png,data/images/001413.png,64-HQAM,7.77,low_mid,mild,2.0,none,0.0,0.0,1,13.82,ood_test
1414,001414.png,data/images/001414.png,64-HQAM,6.96,low_mid,mild,2.0,none,0.0,0.0,0,,ood_test
1415,001415.png,data/images/001415.png,64-HQAM,8.65,low_mid,mild,2.0,mild,0.05,2.0,1,8.13,ood_test
1416,001416.png,data/images/001416.png,64-HQAM,8.52,low_mid,mild,2.0,mild,0.05,2.0,0,,ood_test
1417,001417.png,data/images/001417.png,64-HQAM,5.81,low_mid,mild,2.0,mild,0.05,2.0,0,,ood_test
1418,001418.png,data/images/001418.png,64-HQAM,9.24,low_mid,mild,2.0,mild,0.05,2.0,0,,ood_test
1419,001419.png,data/images/001419.png,64-HQAM,8.51,low_mid,mild,2.0,mild,0.05,2.0,0,,ood_test
1420,001420.png,data/images/001420.png,64-HQAM,9.01,low_mid,mild,2.0,severe,0.15,8.0,0,,ood_test
1421,001421.png,data/images/001421.png,64-HQAM,7.17,low_mid,mild,2.0,severe,0.15,8.0,0,,ood_test
1422,001422.png,data/images/001422.png,64-HQAM,8.21,low_mid,mild,2.0,severe,0.15,8.0,0,,ood_test
1423,001423.png,data/images/001423.png,64-HQAM,7.64,low_mid,mild,2.0,severe,0.15,8.0,0,,ood_test
1424,001424.png,data/images/001424.png,64-HQAM,8.45,low_mid,mild,2.0,severe,0.15,8.0,0,,ood_test
1425,001425.png,data/images/001425.png,64-HQAM,5.69,low_mid,severe,6.0,none,0.0,0.0,1,12.83,ood_test
1426,001426.png,data/images/001426.png,64-HQAM,6.39,low_mid,severe,6.0,none,0.0,0.0,0,,ood_test
1427,001427.png,data/images/001427.png,64-HQAM,5.48,low_mid,severe,6.0,none,0.0,0.0,1,12.56,ood_test
1428,001428.png,data/images/001428.png,64-HQAM,7.91,low_mid,severe,6.0,none,0.0,0.0,0,,ood_test
1429,001429.png,data/images/001429.png,64-HQAM,5.06,low_mid,severe,6.0,none,0.0,0.0,0,,ood_test
1430,001430.png,data/images/001430.png,64-HQAM,9.61,low_mid,severe,6.0,mild,0.05,2.0,0,,ood_test
1431,001431.png,data/images/001431.png,64-HQAM,8.28,low_mid,severe,6.0,mild,0.05,2.0,0,,ood_test
1432,001432.png,data/images/001432.png,64-HQAM,7.73,low_mid,severe,6.0,mild,0.05,2.0,0,,ood_test
1433,001433.png,data/images/001433.png,64-HQAM,8.22,low_mid,severe,6.0,mild,0.05,2.0,0,,ood_test
1434,001434.png,data/images/001434.png,64-HQAM,7.25,low_mid,severe,6.0,mild,0.05,2.0,0,,ood_test
1435,001435.png,data/images/001435.png,64-HQAM,7.39,low_mid,severe,6.0,severe,0.15,8.0,0,,ood_test
1436,001436.png,data/images/001436.png,64-HQAM,7.12,low_mid,severe,6.0,severe,0.15,8.0,0,,ood_test
1437,001437.png,data/images/001437.png,64-HQAM,6.99,low_mid,severe,6.0,severe,0.15,8.0,0,,ood_test
1438,001438.png,data/images/001438.png,64-HQAM,8.14,low_mid,severe,6.0,severe,0.15,8.0,0,,ood_test
1439,001439.png,data/images/001439.png,64-HQAM,6.96,low_mid,severe,6.0,severe,0.15,8.0,0,,ood_test
1440,001440.png,data/images/001440.png,64-HQAM,12.74,mid,none,0.0,none,0.0,0.0,0,,train
1441,001441.png,data/images/001441.png,64-HQAM,13.97,mid,none,0.0,none,0.0,0.0,0,,train
1442,001442.png,data/images/001442.png,64-HQAM,14.34,mid,none,0.0,none,0.0,0.0,0,,train
1443,001443.png,data/images/001443.png,64-HQAM,10.76,mid,none,0.0,none,0.0,0.0,0,,train
1444,001444.png,data/images/001444.png,64-HQAM,11.67,mid,none,0.0,none,0.0,0.0,0,,train
1445,001445.png,data/images/001445.png,64-HQAM,14.02,mid,none,0.0,mild,0.05,2.0,0,,test
1446,001446.png,data/images/001446.png,64-HQAM,13.31,mid,none,0.0,mild,0.05,2.0,0,,test
1447,001447.png,data/images/001447.png,64-HQAM,11.47,mid,none,0.0,mild,0.05,2.0,0,,train
1448,001448.png,data/images/001448.png,64-HQAM,11.65,mid,none,0.0,mild,0.05,2.0,1,14.47,train
1449,001449.png,data/images/001449.png,64-HQAM,11.34,mid,none,0.0,mild,0.05,2.0,0,,val
1450,001450.png,data/images/001450.png,64-HQAM,10.11,mid,none,0.0,severe,0.15,8.0,1,5.2,train
1451,001451.png,data/images/001451.png,64-HQAM,13.9,mid,none,0.0,severe,0.15,8.0,0,,train
1452,001452.png,data/images/001452.png,64-HQAM,10.69,mid,none,0.0,severe,0.15,8.0,1,8.15,test
1453,001453.png,data/images/001453.png,64-HQAM,11.01,mid,none,0.0,severe,0.15,8.0,0,,train
1454,001454.png,data/images/001454.png,64-HQAM,13.89,mid,none,0.0,severe,0.15,8.0,0,,train
1455,001455.png,data/images/001455.png,64-HQAM,13.86,mid,mild,2.0,none,0.0,0.0,0,,train
1456,001456.png,data/images/001456.png,64-HQAM,10.46,mid,mild,2.0,none,0.0,0.0,0,,val
1457,001457.png,data/images/001457.png,64-HQAM,12.52,mid,mild,2.0,none,0.0,0.0,0,,train
1458,001458.png,data/images/001458.png,64-HQAM,14.55,mid,mild,2.0,none,0.0,0.0,0,,train
1459,001459.png,data/images/001459.png,64-HQAM,12.38,mid,mild,2.0,none,0.0,0.0,0,,test
1460,001460.png,data/images/001460.png,64-HQAM,12.73,mid,mild,2.0,mild,0.05,2.0,0,,train
1461,001461.png,data/images/001461.png,64-HQAM,10.84,mid,mild,2.0,mild,0.05,2.0,0,,test
1462,001462.png,data/images/001462.png,64-HQAM,11.93,mid,mild,2.0,mild,0.05,2.0,0,,train
1463,001463.png,data/images/001463.png,64-HQAM,10.83,mid,mild,2.0,mild,0.05,2.0,0,,train
1464,001464.png,data/images/001464.png,64-HQAM,10.08,mid,mild,2.0,mild,0.05,2.0,1,9.83,train
1465,001465.png,data/images/001465.png,64-HQAM,14.18,mid,mild,2.0,severe,0.15,8.0,0,,train
1466,001466.png,data/images/001466.png,64-HQAM,14.5,mid,mild,2.0,severe,0.15,8.0,1,15.0,test
1467,001467.png,data/images/001467.png,64-HQAM,14.08,mid,mild,2.0,severe,0.15,8.0,0,,val
1468,001468.png,data/images/001468.png,64-HQAM,14.96,mid,mild,2.0,severe,0.15,8.0,1,13.92,train
1469,001469.png,data/images/001469.png,64-HQAM,10.78,mid,mild,2.0,severe,0.15,8.0,0,,train
1470,001470.png,data/images/001470.png,64-HQAM,13.95,mid,severe,6.0,none,0.0,0.0,0,,test
1471,001471.png,data/images/001471.png,64-HQAM,10.5,mid,severe,6.0,none,0.0,0.0,0,,val
1472,001472.png,data/images/001472.png,64-HQAM,13.52,mid,severe,6.0,none,0.0,0.0,0,,train
1473,001473.png,data/images/001473.png,64-HQAM,10.77,mid,severe,6.0,none,0.0,0.0,0,,val
1474,001474.png,data/images/001474.png,64-HQAM,11.83,mid,severe,6.0,none,0.0,0.0,0,,test
1475,001475.png,data/images/001475.png,64-HQAM,14.98,mid,severe,6.0,mild,0.05,2.0,0,,val
1476,001476.png,data/images/001476.png,64-HQAM,13.31,mid,severe,6.0,mild,0.05,2.0,1,8.24,train
1477,001477.png,data/images/001477.png,64-HQAM,13.57,mid,severe,6.0,mild,0.05,2.0,1,12.02,train
1478,001478.png,data/images/001478.png,64-HQAM,14.88,mid,severe,6.0,mild,0.05,2.0,0,,train
1479,001479.png,data/images/001479.png,64-HQAM,12.06,mid,severe,6.0,mild,0.05,2.0,0,,train
1480,001480.png,data/images/001480.png,64-HQAM,13.2,mid,severe,6.0,severe,0.15,8.0,0,,train
1481,001481.png,data/images/001481.png,64-HQAM,10.82,mid,severe,6.0,severe,0.15,8.0,0,,val
1482,001482.png,data/images/001482.png,64-HQAM,14.28,mid,severe,6.0,severe,0.15,8.0,0,,train
1483,001483.png,data/images/001483.png,64-HQAM,14.55,mid,severe,6.0,severe,0.15,8.0,0,,train
1484,001484.png,data/images/001484.png,64-HQAM,13.18,mid,severe,6.0,severe,0.15,8.0,0,,train
1485,001485.png,data/images/001485.png,64-HQAM,18.83,high_mid,none,0.0,none,0.0,0.0,1,12.27,train
1486,001486.png,data/images/001486.png,64-HQAM,16.39,high_mid,none,0.0,none,0.0,0.0,0,,train
1487,001487.png,data/images/001487.png,64-HQAM,17.91,high_mid,none,0.0,none,0.0,0.0,0,,test
1488,001488.png,data/images/001488.png,64-HQAM,17.39,high_mid,none,0.0,none,0.0,0.0,0,,train
1489,001489.png,data/images/001489.png,64-HQAM,18.77,high_mid,none,0.0,none,0.0,0.0,0,,test
1490,001490.png,data/images/001490.png,64-HQAM,17.69,high_mid,none,0.0,mild,0.05,2.0,0,,train
1491,001491.png,data/images/001491.png,64-HQAM,18.54,high_mid,none,0.0,mild,0.05,2.0,0,,test
1492,001492.png,data/images/001492.png,64-HQAM,15.8,high_mid,none,0.0,mild,0.05,2.0,0,,val
1493,001493.png,data/images/001493.png,64-HQAM,18.43,high_mid,none,0.0,mild,0.05,2.0,0,,train
1494,001494.png,data/images/001494.png,64-HQAM,15.44,high_mid,none,0.0,mild,0.05,2.0,0,,test
1495,001495.png,data/images/001495.png,64-HQAM,17.6,high_mid,none,0.0,severe,0.15,8.0,0,,train
1496,001496.png,data/images/001496.png,64-HQAM,17.36,high_mid,none,0.0,severe,0.15,8.0,0,,train
1497,001497.png,data/images/001497.png,64-HQAM,19.61,high_mid,none,0.0,severe,0.15,8.0,0,,train
1498,001498.png,data/images/001498.png,64-HQAM,16.51,high_mid,none,0.0,severe,0.15,8.0,1,11.73,train
1499,001499.png,data/images/001499.png,64-HQAM,16.07,high_mid,none,0.0,severe,0.15,8.0,0,,val
1500,001500.png,data/images/001500.png,64-HQAM,18.1,high_mid,mild,2.0,none,0.0,0.0,1,10.52,train
1501,001501.png,data/images/001501.png,64-HQAM,16.94,high_mid,mild,2.0,none,0.0,0.0,0,,train
1502,001502.png,data/images/001502.png,64-HQAM,18.19,high_mid,mild,2.0,none,0.0,0.0,0,,train
1503,001503.png,data/images/001503.png,64-HQAM,15.6,high_mid,mild,2.0,none,0.0,0.0,0,,val
1504,001504.png,data/images/001504.png,64-HQAM,18.11,high_mid,mild,2.0,none,0.0,0.0,0,,test
1505,001505.png,data/images/001505.png,64-HQAM,16.33,high_mid,mild,2.0,mild,0.05,2.0,1,12.02,train
1506,001506.png,data/images/001506.png,64-HQAM,15.17,high_mid,mild,2.0,mild,0.05,2.0,0,,train
1507,001507.png,data/images/001507.png,64-HQAM,16.02,high_mid,mild,2.0,mild,0.05,2.0,0,,train
1508,001508.png,data/images/001508.png,64-HQAM,19.89,high_mid,mild,2.0,mild,0.05,2.0,0,,train
1509,001509.png,data/images/001509.png,64-HQAM,15.62,high_mid,mild,2.0,mild,0.05,2.0,1,11.19,train
1510,001510.png,data/images/001510.png,64-HQAM,18.45,high_mid,mild,2.0,severe,0.15,8.0,0,,test
1511,001511.png,data/images/001511.png,64-HQAM,18.65,high_mid,mild,2.0,severe,0.15,8.0,0,,train
1512,001512.png,data/images/001512.png,64-HQAM,15.54,high_mid,mild,2.0,severe,0.15,8.0,0,,train
1513,001513.png,data/images/001513.png,64-HQAM,17.52,high_mid,mild,2.0,severe,0.15,8.0,0,,test
1514,001514.png,data/images/001514.png,64-HQAM,18.78,high_mid,mild,2.0,severe,0.15,8.0,0,,train
1515,001515.png,data/images/001515.png,64-HQAM,15.21,high_mid,severe,6.0,none,0.0,0.0,0,,train
1516,001516.png,data/images/001516.png,64-HQAM,15.09,high_mid,severe,6.0,none,0.0,0.0,0,,val
1517,001517.png,data/images/001517.png,64-HQAM,15.38,high_mid,severe,6.0,none,0.0,0.0,0,,train
1518,001518.png,data/images/001518.png,64-HQAM,17.74,high_mid,severe,6.0,none,0.0,0.0,0,,train
1519,001519.png,data/images/001519.png,64-HQAM,19.49,high_mid,severe,6.0,none,0.0,0.0,1,13.0,train
1520,001520.png,data/images/001520.png,64-HQAM,19.21,high_mid,severe,6.0,mild,0.05,2.0,0,,train
1521,001521.png,data/images/001521.png,64-HQAM,18.49,high_mid,severe,6.0,mild,0.05,2.0,1,5.78,train
1522,001522.png,data/images/001522.png,64-HQAM,16.48,high_mid,severe,6.0,mild,0.05,2.0,0,,test
1523,001523.png,data/images/001523.png,64-HQAM,19.31,high_mid,severe,6.0,mild,0.05,2.0,1,13.36,train
1524,001524.png,data/images/001524.png,64-HQAM,19.44,high_mid,severe,6.0,mild,0.05,2.0,1,10.39,val
1525,001525.png,data/images/001525.png,64-HQAM,18.43,high_mid,severe,6.0,severe,0.15,8.0,0,,train
1526,001526.png,data/images/001526.png,64-HQAM,19.04,high_mid,severe,6.0,severe,0.15,8.0,0,,train
1527,001527.png,data/images/001527.png,64-HQAM,15.52,high_mid,severe,6.0,severe,0.15,8.0,0,,train
1528,001528.png,data/images/001528.png,64-HQAM,17.38,high_mid,severe,6.0,severe,0.15,8.0,0,,train
1529,001529.png,data/images/001529.png,64-HQAM,19.71,high_mid,severe,6.0,severe,0.15,8.0,0,,train
1530,001530.png,data/images/001530.png,64-HQAM,23.22,high,none,0.0,none,0.0,0.0,1,13.9,train
1531,001531.png,data/images/001531.png,64-HQAM,29.18,high,none,0.0,none,0.0,0.0,0,,val
1532,001532.png,data/images/001532.png,64-HQAM,21.89,high,none,0.0,none,0.0,0.0,0,,train
1533,001533.png,data/images/001533.png,64-HQAM,26.54,high,none,0.0,none,0.0,0.0,0,,train
1534,001534.png,data/images/001534.png,64-HQAM,22.45,high,none,0.0,none,0.0,0.0,0,,test
1535,001535.png,data/images/001535.png,64-HQAM,20.48,high,none,0.0,mild,0.05,2.0,0,,train
1536,001536.png,data/images/001536.png,64-HQAM,21.93,high,none,0.0,mild,0.05,2.0,1,11.01,train
1537,001537.png,data/images/001537.png,64-HQAM,21.15,high,none,0.0,mild,0.05,2.0,0,,test
1538,001538.png,data/images/001538.png,64-HQAM,25.34,high,none,0.0,mild,0.05,2.0,1,9.68,train
1539,001539.png,data/images/001539.png,64-HQAM,21.15,high,none,0.0,mild,0.05,2.0,0,,train
1540,001540.png,data/images/001540.png,64-HQAM,21.82,high,none,0.0,severe,0.15,8.0,0,,train
1541,001541.png,data/images/001541.png,64-HQAM,29.3,high,none,0.0,severe,0.15,8.0,0,,val
1542,001542.png,data/images/001542.png,64-HQAM,29.41,high,none,0.0,severe,0.15,8.0,0,,train
1543,001543.png,data/images/001543.png,64-HQAM,20.79,high,none,0.0,severe,0.15,8.0,0,,train
1544,001544.png,data/images/001544.png,64-HQAM,24.94,high,none,0.0,severe,0.15,8.0,0,,train
1545,001545.png,data/images/001545.png,64-HQAM,23.3,high,mild,2.0,none,0.0,0.0,1,12.78,train
1546,001546.png,data/images/001546.png,64-HQAM,26.32,high,mild,2.0,none,0.0,0.0,0,,test
1547,001547.png,data/images/001547.png,64-HQAM,22.79,high,mild,2.0,none,0.0,0.0,1,6.67,train
1548,001548.png,data/images/001548.png,64-HQAM,23.31,high,mild,2.0,none,0.0,0.0,0,,val
1549,001549.png,data/images/001549.png,64-HQAM,24.12,high,mild,2.0,none,0.0,0.0,0,,train
1550,001550.png,data/images/001550.png,64-HQAM,22.24,high,mild,2.0,mild,0.05,2.0,0,,val
1551,001551.png,data/images/001551.png,64-HQAM,24.23,high,mild,2.0,mild,0.05,2.0,0,,train
1552,001552.png,data/images/001552.png,64-HQAM,20.25,high,mild,2.0,mild,0.05,2.0,0,,train
1553,001553.png,data/images/001553.png,64-HQAM,27.52,high,mild,2.0,mild,0.05,2.0,0,,test
1554,001554.png,data/images/001554.png,64-HQAM,22.07,high,mild,2.0,mild,0.05,2.0,0,,test
1555,001555.png,data/images/001555.png,64-HQAM,26.28,high,mild,2.0,severe,0.15,8.0,0,,train
1556,001556.png,data/images/001556.png,64-HQAM,29.42,high,mild,2.0,severe,0.15,8.0,0,,test
1557,001557.png,data/images/001557.png,64-HQAM,22.46,high,mild,2.0,severe,0.15,8.0,0,,val
1558,001558.png,data/images/001558.png,64-HQAM,23.3,high,mild,2.0,severe,0.15,8.0,1,9.96,train
1559,001559.png,data/images/001559.png,64-HQAM,28.12,high,mild,2.0,severe,0.15,8.0,0,,train
1560,001560.png,data/images/001560.png,64-HQAM,23.05,high,severe,6.0,none,0.0,0.0,0,,train
1561,001561.png,data/images/001561.png,64-HQAM,20.46,high,severe,6.0,none,0.0,0.0,1,14.02,val
1562,001562.png,data/images/001562.png,64-HQAM,20.2,high,severe,6.0,none,0.0,0.0,0,,train
1563,001563.png,data/images/001563.png,64-HQAM,28.65,high,severe,6.0,none,0.0,0.0,1,13.55,train
1564,001564.png,data/images/001564.png,64-HQAM,20.97,high,severe,6.0,none,0.0,0.0,0,,train
1565,001565.png,data/images/001565.png,64-HQAM,23.12,high,severe,6.0,mild,0.05,2.0,0,,test
1566,001566.png,data/images/001566.png,64-HQAM,29.74,high,severe,6.0,mild,0.05,2.0,0,,train
1567,001567.png,data/images/001567.png,64-HQAM,26.03,high,severe,6.0,mild,0.05,2.0,1,9.6,train
1568,001568.png,data/images/001568.png,64-HQAM,22.61,high,severe,6.0,mild,0.05,2.0,0,,train
1569,001569.png,data/images/001569.png,64-HQAM,26.12,high,severe,6.0,mild,0.05,2.0,1,11.45,train
1570,001570.png,data/images/001570.png,64-HQAM,26.33,high,severe,6.0,severe,0.15,8.0,0,,train
1571,001571.png,data/images/001571.png,64-HQAM,25.05,high,severe,6.0,severe,0.15,8.0,0,,train
1572,001572.png,data/images/001572.png,64-HQAM,20.54,high,severe,6.0,severe,0.15,8.0,0,,train
1573,001573.png,data/images/001573.png,64-HQAM,26.29,high,severe,6.0,severe,0.15,8.0,0,,train
1574,001574.png,data/images/001574.png,64-HQAM,26.08,high,severe,6.0,severe,0.15,8.0,0,,train
1575,001575.png,data/images/001575.png,16-QAM,2.33,low,none,0.0,none,0.0,0.0,0,,train
1576,001576.png,data/images/001576.png,16-QAM,1.27,low,none,0.0,none,0.0,0.0,1,9.48,train
1577,001577.png,data/images/001577.png,16-QAM,2.42,low,none,0.0,none,0.0,0.0,0,,train
1578,001578.png,data/images/001578.png,16-QAM,0.68,low,none,0.0,none,0.0,0.0,0,,train
1579,001579.png,data/images/001579.png,16-QAM,1.13,low,none,0.0,none,0.0,0.0,0,,train
1580,001580.png,data/images/001580.png,16-QAM,2.98,low,none,0.0,mild,0.05,2.0,0,,train
1581,001581.png,data/images/001581.png,16-QAM,2.95,low,none,0.0,mild,0.05,2.0,1,13.23,train
1582,001582.png,data/images/001582.png,16-QAM,1.06,low,none,0.0,mild,0.05,2.0,0,,train
1583,001583.png,data/images/001583.png,16-QAM,0.83,low,none,0.0,mild,0.05,2.0,0,,train
1584,001584.png,data/images/001584.png,16-QAM,4.26,low,none,0.0,mild,0.05,2.0,0,,test
1585,001585.png,data/images/001585.png,16-QAM,3.74,low,none,0.0,severe,0.15,8.0,0,,test
1586,001586.png,data/images/001586.png,16-QAM,2.47,low,none,0.0,severe,0.15,8.0,0,,val
1587,001587.png,data/images/001587.png,16-QAM,2.9,low,none,0.0,severe,0.15,8.0,1,13.46,train
1588,001588.png,data/images/001588.png,16-QAM,3.99,low,none,0.0,severe,0.15,8.0,0,,test
1589,001589.png,data/images/001589.png,16-QAM,1.3,low,none,0.0,severe,0.15,8.0,1,12.84,train
1590,001590.png,data/images/001590.png,16-QAM,3.46,low,mild,2.0,none,0.0,0.0,1,10.39,train
1591,001591.png,data/images/001591.png,16-QAM,3.86,low,mild,2.0,none,0.0,0.0,0,,train
1592,001592.png,data/images/001592.png,16-QAM,2.37,low,mild,2.0,none,0.0,0.0,0,,train
1593,001593.png,data/images/001593.png,16-QAM,1.11,low,mild,2.0,none,0.0,0.0,0,,train
1594,001594.png,data/images/001594.png,16-QAM,1.31,low,mild,2.0,none,0.0,0.0,0,,train
1595,001595.png,data/images/001595.png,16-QAM,2.36,low,mild,2.0,mild,0.05,2.0,0,,val
1596,001596.png,data/images/001596.png,16-QAM,1.5,low,mild,2.0,mild,0.05,2.0,1,13.19,train
1597,001597.png,data/images/001597.png,16-QAM,3.42,low,mild,2.0,mild,0.05,2.0,0,,train
1598,001598.png,data/images/001598.png,16-QAM,2.21,low,mild,2.0,mild,0.05,2.0,0,,train
1599,001599.png,data/images/001599.png,16-QAM,1.89,low,mild,2.0,mild,0.05,2.0,0,,train
1600,001600.png,data/images/001600.png,16-QAM,3.23,low,mild,2.0,severe,0.15,8.0,1,12.51,val
1601,001601.png,data/images/001601.png,16-QAM,4.32,low,mild,2.0,severe,0.15,8.0,1,6.64,train
1602,001602.png,data/images/001602.png,16-QAM,4.79,low,mild,2.0,severe,0.15,8.0,0,,train
1603,001603.png,data/images/001603.png,16-QAM,4.3,low,mild,2.0,severe,0.15,8.0,0,,train
1604,001604.png,data/images/001604.png,16-QAM,1.33,low,mild,2.0,severe,0.15,8.0,1,9.07,test
1605,001605.png,data/images/001605.png,16-QAM,3.45,low,severe,6.0,none,0.0,0.0,0,,train
1606,001606.png,data/images/001606.png,16-QAM,2.59,low,severe,6.0,none,0.0,0.0,1,9.46,train
1607,001607.png,data/images/001607.png,16-QAM,3.87,low,severe,6.0,none,0.0,0.0,0,,train
1608,001608.png,data/images/001608.png,16-QAM,1.49,low,severe,6.0,none,0.0,0.0,0,,train
1609,001609.png,data/images/001609.png,16-QAM,1.35,low,severe,6.0,none,0.0,0.0,0,,val
1610,001610.png,data/images/001610.png,16-QAM,3.93,low,severe,6.0,mild,0.05,2.0,0,,train
1611,001611.png,data/images/001611.png,16-QAM,0.33,low,severe,6.0,mild,0.05,2.0,0,,train
1612,001612.png,data/images/001612.png,16-QAM,0.98,low,severe,6.0,mild,0.05,2.0,0,,train
1613,001613.png,data/images/001613.png,16-QAM,2.18,low,severe,6.0,mild,0.05,2.0,0,,train
1614,001614.png,data/images/001614.png,16-QAM,0.17,low,severe,6.0,mild,0.05,2.0,1,6.22,train
1615,001615.png,data/images/001615.png,16-QAM,4.68,low,severe,6.0,severe,0.15,8.0,1,5.2,train
1616,001616.png,data/images/001616.png,16-QAM,4.94,low,severe,6.0,severe,0.15,8.0,0,,test
1617,001617.png,data/images/001617.png,16-QAM,2.38,low,severe,6.0,severe,0.15,8.0,0,,train
1618,001618.png,data/images/001618.png,16-QAM,1.78,low,severe,6.0,severe,0.15,8.0,0,,train
1619,001619.png,data/images/001619.png,16-QAM,2.65,low,severe,6.0,severe,0.15,8.0,0,,train
1620,001620.png,data/images/001620.png,16-QAM,5.9,low_mid,none,0.0,none,0.0,0.0,0,,ood_test
1621,001621.png,data/images/001621.png,16-QAM,5.7,low_mid,none,0.0,none,0.0,0.0,0,,ood_test
1622,001622.png,data/images/001622.png,16-QAM,6.97,low_mid,none,0.0,none,0.0,0.0,1,8.15,ood_test
1623,001623.png,data/images/001623.png,16-QAM,8.01,low_mid,none,0.0,none,0.0,0.0,0,,ood_test
1624,001624.png,data/images/001624.png,16-QAM,9.89,low_mid,none,0.0,none,0.0,0.0,1,7.93,ood_test
1625,001625.png,data/images/001625.png,16-QAM,9.29,low_mid,none,0.0,mild,0.05,2.0,0,,ood_test
1626,001626.png,data/images/001626.png,16-QAM,9.91,low_mid,none,0.0,mild,0.05,2.0,1,6.9,ood_test
1627,001627.png,data/images/001627.png,16-QAM,6.53,low_mid,none,0.0,mild,0.05,2.0,0,,ood_test
1628,001628.png,data/images/001628.png,16-QAM,5.4,low_mid,none,0.0,mild,0.05,2.0,0,,ood_test
1629,001629.png,data/images/001629.png,16-QAM,7.11,low_mid,none,0.0,mild,0.05,2.0,0,,ood_test
1630,001630.png,data/images/001630.png,16-QAM,6.71,low_mid,none,0.0,severe,0.15,8.0,0,,ood_test
1631,001631.png,data/images/001631.png,16-QAM,7.95,low_mid,none,0.0,severe,0.15,8.0,0,,ood_test
1632,001632.png,data/images/001632.png,16-QAM,9.41,low_mid,none,0.0,severe,0.15,8.0,0,,ood_test
1633,001633.png,data/images/001633.png,16-QAM,8.13,low_mid,none,0.0,severe,0.15,8.0,1,11.81,ood_test
1634,001634.png,data/images/001634.png,16-QAM,9.17,low_mid,none,0.0,severe,0.15,8.0,1,14.02,ood_test
1635,001635.png,data/images/001635.png,16-QAM,8.11,low_mid,mild,2.0,none,0.0,0.0,0,,ood_test
1636,001636.png,data/images/001636.png,16-QAM,6.13,low_mid,mild,2.0,none,0.0,0.0,1,12.66,ood_test
1637,001637.png,data/images/001637.png,16-QAM,8.72,low_mid,mild,2.0,none,0.0,0.0,0,,ood_test
1638,001638.png,data/images/001638.png,16-QAM,9.7,low_mid,mild,2.0,none,0.0,0.0,0,,ood_test
1639,001639.png,data/images/001639.png,16-QAM,8.53,low_mid,mild,2.0,none,0.0,0.0,0,,ood_test
1640,001640.png,data/images/001640.png,16-QAM,9.83,low_mid,mild,2.0,mild,0.05,2.0,1,13.0,ood_test
1641,001641.png,data/images/001641.png,16-QAM,6.32,low_mid,mild,2.0,mild,0.05,2.0,0,,ood_test
1642,001642.png,data/images/001642.png,16-QAM,5.28,low_mid,mild,2.0,mild,0.05,2.0,1,14.84,ood_test
1643,001643.png,data/images/001643.png,16-QAM,6.1,low_mid,mild,2.0,mild,0.05,2.0,0,,ood_test
1644,001644.png,data/images/001644.png,16-QAM,7.01,low_mid,mild,2.0,mild,0.05,2.0,0,,ood_test
1645,001645.png,data/images/001645.png,16-QAM,9.1,low_mid,mild,2.0,severe,0.15,8.0,0,,ood_test
1646,001646.png,data/images/001646.png,16-QAM,8.92,low_mid,mild,2.0,severe,0.15,8.0,1,5.43,ood_test
1647,001647.png,data/images/001647.png,16-QAM,6.87,low_mid,mild,2.0,severe,0.15,8.0,0,,ood_test
1648,001648.png,data/images/001648.png,16-QAM,6.42,low_mid,mild,2.0,severe,0.15,8.0,0,,ood_test
1649,001649.png,data/images/001649.png,16-QAM,7.14,low_mid,mild,2.0,severe,0.15,8.0,0,,ood_test
1650,001650.png,data/images/001650.png,16-QAM,6.83,low_mid,severe,6.0,none,0.0,0.0,1,7.81,ood_test
1651,001651.png,data/images/001651.png,16-QAM,9.99,low_mid,severe,6.0,none,0.0,0.0,1,13.02,ood_test
1652,001652.png,data/images/001652.png,16-QAM,9.74,low_mid,severe,6.0,none,0.0,0.0,0,,ood_test
1653,001653.png,data/images/001653.png,16-QAM,5.86,low_mid,severe,6.0,none,0.0,0.0,1,13.81,ood_test
1654,001654.png,data/images/001654.png,16-QAM,9.63,low_mid,severe,6.0,none,0.0,0.0,0,,ood_test
1655,001655.png,data/images/001655.png,16-QAM,8.95,low_mid,severe,6.0,mild,0.05,2.0,1,9.03,ood_test
1656,001656.png,data/images/001656.png,16-QAM,7.7,low_mid,severe,6.0,mild,0.05,2.0,1,8.4,ood_test
1657,001657.png,data/images/001657.png,16-QAM,9.23,low_mid,severe,6.0,mild,0.05,2.0,0,,ood_test
1658,001658.png,data/images/001658.png,16-QAM,5.92,low_mid,severe,6.0,mild,0.05,2.0,1,8.92,ood_test
1659,001659.png,data/images/001659.png,16-QAM,5.97,low_mid,severe,6.0,mild,0.05,2.0,0,,ood_test
1660,001660.png,data/images/001660.png,16-QAM,7.4,low_mid,severe,6.0,severe,0.15,8.0,0,,ood_test
1661,001661.png,data/images/001661.png,16-QAM,7.28,low_mid,severe,6.0,severe,0.15,8.0,0,,ood_test
1662,001662.png,data/images/001662.png,16-QAM,5.29,low_mid,severe,6.0,severe,0.15,8.0,1,12.52,ood_test
1663,001663.png,data/images/001663.png,16-QAM,8.63,low_mid,severe,6.0,severe,0.15,8.0,1,6.88,ood_test
1664,001664.png,data/images/001664.png,16-QAM,9.57,low_mid,severe,6.0,severe,0.15,8.0,0,,ood_test
1665,001665.png,data/images/001665.png,16-QAM,11.35,mid,none,0.0,none,0.0,0.0,1,6.3,train
1666,001666.png,data/images/001666.png,16-QAM,14.61,mid,none,0.0,none,0.0,0.0,0,,train
1667,001667.png,data/images/001667.png,16-QAM,13.98,mid,none,0.0,none,0.0,0.0,0,,train
1668,001668.png,data/images/001668.png,16-QAM,13.53,mid,none,0.0,none,0.0,0.0,1,13.85,val
1669,001669.png,data/images/001669.png,16-QAM,11.1,mid,none,0.0,none,0.0,0.0,1,5.11,train
1670,001670.png,data/images/001670.png,16-QAM,14.78,mid,none,0.0,mild,0.05,2.0,0,,val
1671,001671.png,data/images/001671.png,16-QAM,14.87,mid,none,0.0,mild,0.05,2.0,0,,val
1672,001672.png,data/images/001672.png,16-QAM,14.95,mid,none,0.0,mild,0.05,2.0,0,,test
1673,001673.png,data/images/001673.png,16-QAM,11.43,mid,none,0.0,mild,0.05,2.0,0,,val
1674,001674.png,data/images/001674.png,16-QAM,10.93,mid,none,0.0,mild,0.05,2.0,0,,val
1675,001675.png,data/images/001675.png,16-QAM,12.31,mid,none,0.0,severe,0.15,8.0,0,,val
1676,001676.png,data/images/001676.png,16-QAM,11.16,mid,none,0.0,severe,0.15,8.0,0,,train
1677,001677.png,data/images/001677.png,16-QAM,14.74,mid,none,0.0,severe,0.15,8.0,0,,train
1678,001678.png,data/images/001678.png,16-QAM,10.93,mid,none,0.0,severe,0.15,8.0,1,10.74,test
1679,001679.png,data/images/001679.png,16-QAM,10.58,mid,none,0.0,severe,0.15,8.0,1,11.56,train
1680,001680.png,data/images/001680.png,16-QAM,14.41,mid,mild,2.0,none,0.0,0.0,0,,train
1681,001681.png,data/images/001681.png,16-QAM,12.74,mid,mild,2.0,none,0.0,0.0,1,13.49,train
1682,001682.png,data/images/001682.png,16-QAM,13.49,mid,mild,2.0,none,0.0,0.0,0,,train
1683,001683.png,data/images/001683.png,16-QAM,10.74,mid,mild,2.0,none,0.0,0.0,0,,train
1684,001684.png,data/images/001684.png,16-QAM,10.53,mid,mild,2.0,none,0.0,0.0,0,,val
1685,001685.png,data/images/001685.png,16-QAM,14.67,mid,mild,2.0,mild,0.05,2.0,0,,train
1686,001686.png,data/images/001686.png,16-QAM,13.98,mid,mild,2.0,mild,0.05,2.0,1,12.3,val
1687,001687.png,data/images/001687.png,16-QAM,10.27,mid,mild,2.0,mild,0.05,2.0,0,,train
1688,001688.png,data/images/001688.png,16-QAM,11.01,mid,mild,2.0,mild,0.05,2.0,1,5.97,test
1689,001689.png,data/images/001689.png,16-QAM,10.58,mid,mild,2.0,mild,0.05,2.0,1,7.19,train
1690,001690.png,data/images/001690.png,16-QAM,13.11,mid,mild,2.0,severe,0.15,8.0,0,,val
1691,001691.png,data/images/001691.png,16-QAM,10.1,mid,mild,2.0,severe,0.15,8.0,1,8.58,train
1692,001692.png,data/images/001692.png,16-QAM,10.15,mid,mild,2.0,severe,0.15,8.0,1,13.35,train
1693,001693.png,data/images/001693.png,16-QAM,14.81,mid,mild,2.0,severe,0.15,8.0,0,,train
1694,001694.png,data/images/001694.png,16-QAM,12.67,mid,mild,2.0,severe,0.15,8.0,1,13.53,val
1695,001695.png,data/images/001695.png,16-QAM,10.07,mid,severe,6.0,none,0.0,0.0,0,,val
1696,001696.png,data/images/001696.png,16-QAM,12.39,mid,severe,6.0,none,0.0,0.0,0,,test
1697,001697.png,data/images/001697.png,16-QAM,10.94,mid,severe,6.0,none,0.0,0.0,0,,train
1698,001698.png,data/images/001698.png,16-QAM,14.69,mid,severe,6.0,none,0.0,0.0,0,,test
1699,001699.png,data/images/001699.png,16-QAM,12.99,mid,severe,6.0,none,0.0,0.0,0,,train
1700,001700.png,data/images/001700.png,16-QAM,14.96,mid,severe,6.0,mild,0.05,2.0,0,,train
1701,001701.png,data/images/001701.png,16-QAM,14.19,mid,severe,6.0,mild,0.05,2.0,0,,train
1702,001702.png,data/images/001702.png,16-QAM,14.83,mid,severe,6.0,mild,0.05,2.0,1,14.39,train
1703,001703.png,data/images/001703.png,16-QAM,13.82,mid,severe,6.0,mild,0.05,2.0,0,,test
1704,001704.png,data/images/001704.png,16-QAM,12.14,mid,severe,6.0,mild,0.05,2.0,0,,train
1705,001705.png,data/images/001705.png,16-QAM,12.57,mid,severe,6.0,severe,0.15,8.0,0,,train
1706,001706.png,data/images/001706.png,16-QAM,10.78,mid,severe,6.0,severe,0.15,8.0,0,,train
1707,001707.png,data/images/001707.png,16-QAM,14.54,mid,severe,6.0,severe,0.15,8.0,0,,train
1708,001708.png,data/images/001708.png,16-QAM,14.87,mid,severe,6.0,severe,0.15,8.0,0,,train
1709,001709.png,data/images/001709.png,16-QAM,13.32,mid,severe,6.0,severe,0.15,8.0,0,,train
1710,001710.png,data/images/001710.png,16-QAM,15.52,high_mid,none,0.0,none,0.0,0.0,1,12.79,test
1711,001711.png,data/images/001711.png,16-QAM,18.77,high_mid,none,0.0,none,0.0,0.0,0,,train
1712,001712.png,data/images/001712.png,16-QAM,17.52,high_mid,none,0.0,none,0.0,0.0,0,,test
1713,001713.png,data/images/001713.png,16-QAM,15.48,high_mid,none,0.0,none,0.0,0.0,0,,train
1714,001714.png,data/images/001714.png,16-QAM,18.9,high_mid,none,0.0,none,0.0,0.0,0,,train
1715,001715.png,data/images/001715.png,16-QAM,15.17,high_mid,none,0.0,mild,0.05,2.0,0,,train
1716,001716.png,data/images/001716.png,16-QAM,16.27,high_mid,none,0.0,mild,0.05,2.0,1,12.03,train
1717,001717.png,data/images/001717.png,16-QAM,17.81,high_mid,none,0.0,mild,0.05,2.0,1,9.31,train
1718,001718.png,data/images/001718.png,16-QAM,18.89,high_mid,none,0.0,mild,0.05,2.0,0,,val
1719,001719.png,data/images/001719.png,16-QAM,18.83,high_mid,none,0.0,mild,0.05,2.0,1,10.14,train
1720,001720.png,data/images/001720.png,16-QAM,15.53,high_mid,none,0.0,severe,0.15,8.0,1,9.23,train
1721,001721.png,data/images/001721.png,16-QAM,19.04,high_mid,none,0.0,severe,0.15,8.0,0,,train
1722,001722.png,data/images/001722.png,16-QAM,19.41,high_mid,none,0.0,severe,0.15,8.0,1,13.05,train
1723,001723.png,data/images/001723.png,16-QAM,19.63,high_mid,none,0.0,severe,0.15,8.0,0,,test
1724,001724.png,data/images/001724.png,16-QAM,17.22,high_mid,none,0.0,severe,0.15,8.0,0,,train
1725,001725.png,data/images/001725.png,16-QAM,17.31,high_mid,mild,2.0,none,0.0,0.0,0,,train
1726,001726.png,data/images/001726.png,16-QAM,16.94,high_mid,mild,2.0,none,0.0,0.0,0,,train
1727,001727.png,data/images/001727.png,16-QAM,16.76,high_mid,mild,2.0,none,0.0,0.0,0,,train
1728,001728.png,data/images/001728.png,16-QAM,18.72,high_mid,mild,2.0,none,0.0,0.0,1,7.04,train
1729,001729.png,data/images/001729.png,16-QAM,19.61,high_mid,mild,2.0,none,0.0,0.0,1,6.61,train
1730,001730.png,data/images/001730.png,16-QAM,19.38,high_mid,mild,2.0,mild,0.05,2.0,0,,test
1731,001731.png,data/images/001731.png,16-QAM,15.27,high_mid,mild,2.0,mild,0.05,2.0,0,,train
1732,001732.png,data/images/001732.png,16-QAM,16.26,high_mid,mild,2.0,mild,0.05,2.0,0,,test
1733,001733.png,data/images/001733.png,16-QAM,16.52,high_mid,mild,2.0,mild,0.05,2.0,0,,train
1734,001734.png,data/images/001734.png,16-QAM,19.23,high_mid,mild,2.0,mild,0.05,2.0,0,,train
1735,001735.png,data/images/001735.png,16-QAM,18.54,high_mid,mild,2.0,severe,0.15,8.0,0,,train
1736,001736.png,data/images/001736.png,16-QAM,15.68,high_mid,mild,2.0,severe,0.15,8.0,0,,train
1737,001737.png,data/images/001737.png,16-QAM,16.87,high_mid,mild,2.0,severe,0.15,8.0,0,,train
1738,001738.png,data/images/001738.png,16-QAM,18.22,high_mid,mild,2.0,severe,0.15,8.0,1,5.18,train
1739,001739.png,data/images/001739.png,16-QAM,18.74,high_mid,mild,2.0,severe,0.15,8.0,0,,test
1740,001740.png,data/images/001740.png,16-QAM,19.64,high_mid,severe,6.0,none,0.0,0.0,0,,train
1741,001741.png,data/images/001741.png,16-QAM,15.94,high_mid,severe,6.0,none,0.0,0.0,0,,val
1742,001742.png,data/images/001742.png,16-QAM,17.0,high_mid,severe,6.0,none,0.0,0.0,1,12.96,train
1743,001743.png,data/images/001743.png,16-QAM,17.71,high_mid,severe,6.0,none,0.0,0.0,1,12.51,val
1744,001744.png,data/images/001744.png,16-QAM,16.9,high_mid,severe,6.0,none,0.0,0.0,0,,val
1745,001745.png,data/images/001745.png,16-QAM,15.72,high_mid,severe,6.0,mild,0.05,2.0,0,,train
1746,001746.png,data/images/001746.png,16-QAM,18.75,high_mid,severe,6.0,mild,0.05,2.0,1,11.71,train
1747,001747.png,data/images/001747.png,16-QAM,19.77,high_mid,severe,6.0,mild,0.05,2.0,1,11.33,train
1748,001748.png,data/images/001748.png,16-QAM,16.68,high_mid,severe,6.0,mild,0.05,2.0,1,13.85,train
1749,001749.png,data/images/001749.png,16-QAM,19.23,high_mid,severe,6.0,mild,0.05,2.0,0,,train
1750,001750.png,data/images/001750.png,16-QAM,16.54,high_mid,severe,6.0,severe,0.15,8.0,1,11.04,train
1751,001751.png,data/images/001751.png,16-QAM,15.17,high_mid,severe,6.0,severe,0.15,8.0,0,,train
1752,001752.png,data/images/001752.png,16-QAM,19.29,high_mid,severe,6.0,severe,0.15,8.0,0,,train
1753,001753.png,data/images/001753.png,16-QAM,15.32,high_mid,severe,6.0,severe,0.15,8.0,1,13.29,train
1754,001754.png,data/images/001754.png,16-QAM,18.05,high_mid,severe,6.0,severe,0.15,8.0,1,13.72,train
1755,001755.png,data/images/001755.png,16-QAM,24.76,high,none,0.0,none,0.0,0.0,0,,train
1756,001756.png,data/images/001756.png,16-QAM,25.69,high,none,0.0,none,0.0,0.0,1,11.72,train
1757,001757.png,data/images/001757.png,16-QAM,25.6,high,none,0.0,none,0.0,0.0,0,,val
1758,001758.png,data/images/001758.png,16-QAM,27.82,high,none,0.0,none,0.0,0.0,0,,train
1759,001759.png,data/images/001759.png,16-QAM,27.14,high,none,0.0,none,0.0,0.0,0,,test
1760,001760.png,data/images/001760.png,16-QAM,25.33,high,none,0.0,mild,0.05,2.0,0,,train
1761,001761.png,data/images/001761.png,16-QAM,21.25,high,none,0.0,mild,0.05,2.0,1,11.22,train
1762,001762.png,data/images/001762.png,16-QAM,21.7,high,none,0.0,mild,0.05,2.0,0,,train
1763,001763.png,data/images/001763.png,16-QAM,29.05,high,none,0.0,mild,0.05,2.0,0,,val
1764,001764.png,data/images/001764.png,16-QAM,20.23,high,none,0.0,mild,0.05,2.0,0,,train
1765,001765.png,data/images/001765.png,16-QAM,23.23,high,none,0.0,severe,0.15,8.0,0,,test
1766,001766.png,data/images/001766.png,16-QAM,24.82,high,none,0.0,severe,0.15,8.0,1,12.54,train
1767,001767.png,data/images/001767.png,16-QAM,27.13,high,none,0.0,severe,0.15,8.0,0,,val
1768,001768.png,data/images/001768.png,16-QAM,27.14,high,none,0.0,severe,0.15,8.0,0,,train
1769,001769.png,data/images/001769.png,16-QAM,28.32,high,none,0.0,severe,0.15,8.0,1,6.48,train
1770,001770.png,data/images/001770.png,16-QAM,24.02,high,mild,2.0,none,0.0,0.0,1,7.55,train
1771,001771.png,data/images/001771.png,16-QAM,22.73,high,mild,2.0,none,0.0,0.0,0,,val
1772,001772.png,data/images/001772.png,16-QAM,24.07,high,mild,2.0,none,0.0,0.0,0,,train
1773,001773.png,data/images/001773.png,16-QAM,25.78,high,mild,2.0,none,0.0,0.0,0,,train
1774,001774.png,data/images/001774.png,16-QAM,25.87,high,mild,2.0,none,0.0,0.0,1,6.49,train
1775,001775.png,data/images/001775.png,16-QAM,28.76,high,mild,2.0,mild,0.05,2.0,0,,train
1776,001776.png,data/images/001776.png,16-QAM,20.55,high,mild,2.0,mild,0.05,2.0,0,,val
1777,001777.png,data/images/001777.png,16-QAM,21.01,high,mild,2.0,mild,0.05,2.0,0,,train
1778,001778.png,data/images/001778.png,16-QAM,28.23,high,mild,2.0,mild,0.05,2.0,0,,train
1779,001779.png,data/images/001779.png,16-QAM,25.32,high,mild,2.0,mild,0.05,2.0,1,14.18,train
1780,001780.png,data/images/001780.png,16-QAM,20.49,high,mild,2.0,severe,0.15,8.0,0,,train
1781,001781.png,data/images/001781.png,16-QAM,29.96,high,mild,2.0,severe,0.15,8.0,0,,train
1782,001782.png,data/images/001782.png,16-QAM,26.15,high,mild,2.0,severe,0.15,8.0,0,,train
1783,001783.png,data/images/001783.png,16-QAM,21.78,high,mild,2.0,severe,0.15,8.0,0,,test
1784,001784.png,data/images/001784.png,16-QAM,20.05,high,mild,2.0,severe,0.15,8.0,0,,train
1785,001785.png,data/images/001785.png,16-QAM,29.51,high,severe,6.0,none,0.0,0.0,0,,train
1786,001786.png,data/images/001786.png,16-QAM,21.34,high,severe,6.0,none,0.0,0.0,0,,train
1787,001787.png,data/images/001787.png,16-QAM,28.92,high,severe,6.0,none,0.0,0.0,0,,train
1788,001788.png,data/images/001788.png,16-QAM,25.57,high,severe,6.0,none,0.0,0.0,0,,test
1789,001789.png,data/images/001789.png,16-QAM,29.31,high,severe,6.0,none,0.0,0.0,0,,val
1790,001790.png,data/images/001790.png,16-QAM,23.02,high,severe,6.0,mild,0.05,2.0,0,,train
1791,001791.png,data/images/001791.png,16-QAM,28.24,high,severe,6.0,mild,0.05,2.0,0,,val
1792,001792.png,data/images/001792.png,16-QAM,26.8,high,severe,6.0,mild,0.05,2.0,0,,train
1793,001793.png,data/images/001793.png,16-QAM,21.82,high,severe,6.0,mild,0.05,2.0,0,,val
1794,001794.png,data/images/001794.png,16-QAM,27.65,high,severe,6.0,mild,0.05,2.0,0,,test
1795,001795.png,data/images/001795.png,16-QAM,22.61,high,severe,6.0,severe,0.15,8.0,0,,val
1796,001796.png,data/images/001796.png,16-QAM,26.11,high,severe,6.0,severe,0.15,8.0,1,12.59,train
1797,001797.png,data/images/001797.png,16-QAM,26.43,high,severe,6.0,severe,0.15,8.0,0,,train
1798,001798.png,data/images/001798.png,16-QAM,20.09,high,severe,6.0,severe,0.15,8.0,1,10.2,train
1799,001799.png,data/images/001799.png,16-QAM,20.94,high,severe,6.0,severe,0.15,8.0,0,,train
1800,001800.png,data/images/001800.png,32-QAM,3.75,low,none,0.0,none,0.0,0.0,0,,train
1801,001801.png,data/images/001801.png,32-QAM,1.71,low,none,0.0,none,0.0,0.0,1,5.68,val
1802,001802.png,data/images/001802.png,32-QAM,2.99,low,none,0.0,none,0.0,0.0,0,,val
1803,001803.png,data/images/001803.png,32-QAM,3.46,low,none,0.0,none,0.0,0.0,0,,train
1804,001804.png,data/images/001804.png,32-QAM,3.01,low,none,0.0,none,0.0,0.0,0,,train
1805,001805.png,data/images/001805.png,32-QAM,0.87,low,none,0.0,mild,0.05,2.0,1,9.01,test
1806,001806.png,data/images/001806.png,32-QAM,0.41,low,none,0.0,mild,0.05,2.0,0,,train
1807,001807.png,data/images/001807.png,32-QAM,1.24,low,none,0.0,mild,0.05,2.0,0,,train
1808,001808.png,data/images/001808.png,32-QAM,3.49,low,none,0.0,mild,0.05,2.0,0,,train
1809,001809.png,data/images/001809.png,32-QAM,4.82,low,none,0.0,mild,0.05,2.0,0,,test
1810,001810.png,data/images/001810.png,32-QAM,2.93,low,none,0.0,severe,0.15,8.0,1,11.29,train
1811,001811.png,data/images/001811.png,32-QAM,4.57,low,none,0.0,severe,0.15,8.0,0,,train
1812,001812.png,data/images/001812.png,32-QAM,0.41,low,none,0.0,severe,0.15,8.0,0,,train
1813,001813.png,data/images/001813.png,32-QAM,4.9,low,none,0.0,severe,0.15,8.0,0,,train
1814,001814.png,data/images/001814.png,32-QAM,4.86,low,none,0.0,severe,0.15,8.0,1,13.12,val
1815,001815.png,data/images/001815.png,32-QAM,0.81,low,mild,2.0,none,0.0,0.0,0,,train
1816,001816.png,data/images/001816.png,32-QAM,2.02,low,mild,2.0,none,0.0,0.0,0,,val
1817,001817.png,data/images/001817.png,32-QAM,3.4,low,mild,2.0,none,0.0,0.0,0,,val
1818,001818.png,data/images/001818.png,32-QAM,2.53,low,mild,2.0,none,0.0,0.0,0,,train
1819,001819.png,data/images/001819.png,32-QAM,2.3,low,mild,2.0,none,0.0,0.0,0,,test
1820,001820.png,data/images/001820.png,32-QAM,0.07,low,mild,2.0,mild,0.05,2.0,0,,test
1821,001821.png,data/images/001821.png,32-QAM,0.73,low,mild,2.0,mild,0.05,2.0,1,5.71,train
1822,001822.png,data/images/001822.png,32-QAM,1.09,low,mild,2.0,mild,0.05,2.0,0,,train
1823,001823.png,data/images/001823.png,32-QAM,2.52,low,mild,2.0,mild,0.05,2.0,1,12.66,train
1824,001824.png,data/images/001824.png,32-QAM,3.86,low,mild,2.0,mild,0.05,2.0,1,6.08,train
1825,001825.png,data/images/001825.png,32-QAM,1.1,low,mild,2.0,severe,0.15,8.0,0,,train
1826,001826.png,data/images/001826.png,32-QAM,0.54,low,mild,2.0,severe,0.15,8.0,0,,train
1827,001827.png,data/images/001827.png,32-QAM,0.55,low,mild,2.0,severe,0.15,8.0,1,14.33,val
1828,001828.png,data/images/001828.png,32-QAM,1.64,low,mild,2.0,severe,0.15,8.0,0,,train
1829,001829.png,data/images/001829.png,32-QAM,2.74,low,mild,2.0,severe,0.15,8.0,0,,train
1830,001830.png,data/images/001830.png,32-QAM,1.2,low,severe,6.0,none,0.0,0.0,0,,train
1831,001831.png,data/images/001831.png,32-QAM,1.98,low,severe,6.0,none,0.0,0.0,0,,train
1832,001832.png,data/images/001832.png,32-QAM,2.01,low,severe,6.0,none,0.0,0.0,0,,train
1833,001833.png,data/images/001833.png,32-QAM,1.86,low,severe,6.0,none,0.0,0.0,0,,train
1834,001834.png,data/images/001834.png,32-QAM,0.39,low,severe,6.0,none,0.0,0.0,0,,train
1835,001835.png,data/images/001835.png,32-QAM,3.97,low,severe,6.0,mild,0.05,2.0,0,,val
1836,001836.png,data/images/001836.png,32-QAM,2.1,low,severe,6.0,mild,0.05,2.0,0,,train
1837,001837.png,data/images/001837.png,32-QAM,3.92,low,severe,6.0,mild,0.05,2.0,0,,test
1838,001838.png,data/images/001838.png,32-QAM,4.75,low,severe,6.0,mild,0.05,2.0,0,,train
1839,001839.png,data/images/001839.png,32-QAM,2.27,low,severe,6.0,mild,0.05,2.0,0,,train
1840,001840.png,data/images/001840.png,32-QAM,4.47,low,severe,6.0,severe,0.15,8.0,0,,val
1841,001841.png,data/images/001841.png,32-QAM,3.09,low,severe,6.0,severe,0.15,8.0,0,,train
1842,001842.png,data/images/001842.png,32-QAM,1.44,low,severe,6.0,severe,0.15,8.0,0,,train
1843,001843.png,data/images/001843.png,32-QAM,3.68,low,severe,6.0,severe,0.15,8.0,0,,val
1844,001844.png,data/images/001844.png,32-QAM,1.18,low,severe,6.0,severe,0.15,8.0,0,,train
1845,001845.png,data/images/001845.png,32-QAM,5.51,low_mid,none,0.0,none,0.0,0.0,1,8.98,ood_test
1846,001846.png,data/images/001846.png,32-QAM,5.43,low_mid,none,0.0,none,0.0,0.0,0,,ood_test
1847,001847.png,data/images/001847.png,32-QAM,6.98,low_mid,none,0.0,none,0.0,0.0,0,,ood_test
1848,001848.png,data/images/001848.png,32-QAM,6.78,low_mid,none,0.0,none,0.0,0.0,0,,ood_test
1849,001849.png,data/images/001849.png,32-QAM,5.43,low_mid,none,0.0,none,0.0,0.0,0,,ood_test
1850,001850.png,data/images/001850.png,32-QAM,7.0,low_mid,none,0.0,mild,0.05,2.0,1,7.7,ood_test
1851,001851.png,data/images/001851.png,32-QAM,9.88,low_mid,none,0.0,mild,0.05,2.0,0,,ood_test
1852,001852.png,data/images/001852.png,32-QAM,8.13,low_mid,none,0.0,mild,0.05,2.0,1,14.83,ood_test
1853,001853.png,data/images/001853.png,32-QAM,5.67,low_mid,none,0.0,mild,0.05,2.0,0,,ood_test
1854,001854.png,data/images/001854.png,32-QAM,7.34,low_mid,none,0.0,mild,0.05,2.0,0,,ood_test
1855,001855.png,data/images/001855.png,32-QAM,9.67,low_mid,none,0.0,severe,0.15,8.0,0,,ood_test
1856,001856.png,data/images/001856.png,32-QAM,6.09,low_mid,none,0.0,severe,0.15,8.0,0,,ood_test
1857,001857.png,data/images/001857.png,32-QAM,9.37,low_mid,none,0.0,severe,0.15,8.0,0,,ood_test
1858,001858.png,data/images/001858.png,32-QAM,6.77,low_mid,none,0.0,severe,0.15,8.0,1,9.58,ood_test
1859,001859.png,data/images/001859.png,32-QAM,5.71,low_mid,none,0.0,severe,0.15,8.0,0,,ood_test
1860,001860.png,data/images/001860.png,32-QAM,7.6,low_mid,mild,2.0,none,0.0,0.0,1,13.71,ood_test
1861,001861.png,data/images/001861.png,32-QAM,7.36,low_mid,mild,2.0,none,0.0,0.0,0,,ood_test
1862,001862.png,data/images/001862.png,32-QAM,8.04,low_mid,mild,2.0,none,0.0,0.0,0,,ood_test
1863,001863.png,data/images/001863.png,32-QAM,8.48,low_mid,mild,2.0,none,0.0,0.0,0,,ood_test
1864,001864.png,data/images/001864.png,32-QAM,9.89,low_mid,mild,2.0,none,0.0,0.0,0,,ood_test
1865,001865.png,data/images/001865.png,32-QAM,6.26,low_mid,mild,2.0,mild,0.05,2.0,0,,ood_test
1866,001866.png,data/images/001866.png,32-QAM,5.32,low_mid,mild,2.0,mild,0.05,2.0,1,6.96,ood_test
1867,001867.png,data/images/001867.png,32-QAM,8.44,low_mid,mild,2.0,mild,0.05,2.0,0,,ood_test
1868,001868.png,data/images/001868.png,32-QAM,6.76,low_mid,mild,2.0,mild,0.05,2.0,0,,ood_test
1869,001869.png,data/images/001869.png,32-QAM,5.92,low_mid,mild,2.0,mild,0.05,2.0,1,7.53,ood_test
1870,001870.png,data/images/001870.png,32-QAM,9.91,low_mid,mild,2.0,severe,0.15,8.0,0,,ood_test
1871,001871.png,data/images/001871.png,32-QAM,7.64,low_mid,mild,2.0,severe,0.15,8.0,1,6.96,ood_test
1872,001872.png,data/images/001872.png,32-QAM,5.53,low_mid,mild,2.0,severe,0.15,8.0,0,,ood_test
1873,001873.png,data/images/001873.png,32-QAM,7.09,low_mid,mild,2.0,severe,0.15,8.0,0,,ood_test
1874,001874.png,data/images/001874.png,32-QAM,5.38,low_mid,mild,2.0,severe,0.15,8.0,1,8.99,ood_test
1875,001875.png,data/images/001875.png,32-QAM,5.82,low_mid,severe,6.0,none,0.0,0.0,1,13.7,ood_test
1876,001876.png,data/images/001876.png,32-QAM,9.54,low_mid,severe,6.0,none,0.0,0.0,0,,ood_test
1877,001877.png,data/images/001877.png,32-QAM,5.43,low_mid,severe,6.0,none,0.0,0.0,1,9.96,ood_test
1878,001878.png,data/images/001878.png,32-QAM,5.19,low_mid,severe,6.0,none,0.0,0.0,0,,ood_test
1879,001879.png,data/images/001879.png,32-QAM,8.89,low_mid,severe,6.0,none,0.0,0.0,1,7.27,ood_test
1880,001880.png,data/images/001880.png,32-QAM,7.56,low_mid,severe,6.0,mild,0.05,2.0,1,12.08,ood_test
1881,001881.png,data/images/001881.png,32-QAM,7.87,low_mid,severe,6.0,mild,0.05,2.0,0,,ood_test
1882,001882.png,data/images/001882.png,32-QAM,6.49,low_mid,severe,6.0,mild,0.05,2.0,0,,ood_test
1883,001883.png,data/images/001883.png,32-QAM,5.72,low_mid,severe,6.0,mild,0.05,2.0,0,,ood_test
1884,001884.png,data/images/001884.png,32-QAM,9.36,low_mid,severe,6.0,mild,0.05,2.0,0,,ood_test
1885,001885.png,data/images/001885.png,32-QAM,5.84,low_mid,severe,6.0,severe,0.15,8.0,0,,ood_test
1886,001886.png,data/images/001886.png,32-QAM,7.31,low_mid,severe,6.0,severe,0.15,8.0,1,13.84,ood_test
1887,001887.png,data/images/001887.png,32-QAM,8.1,low_mid,severe,6.0,severe,0.15,8.0,0,,ood_test
1888,001888.png,data/images/001888.png,32-QAM,7.08,low_mid,severe,6.0,severe,0.15,8.0,0,,ood_test
1889,001889.png,data/images/001889.png,32-QAM,9.44,low_mid,severe,6.0,severe,0.15,8.0,0,,ood_test
1890,001890.png,data/images/001890.png,32-QAM,10.67,mid,none,0.0,none,0.0,0.0,1,10.3,train
1891,001891.png,data/images/001891.png,32-QAM,10.75,mid,none,0.0,none,0.0,0.0,0,,test
1892,001892.png,data/images/001892.png,32-QAM,14.31,mid,none,0.0,none,0.0,0.0,0,,val
1893,001893.png,data/images/001893.png,32-QAM,11.88,mid,none,0.0,none,0.0,0.0,0,,train
1894,001894.png,data/images/001894.png,32-QAM,14.76,mid,none,0.0,none,0.0,0.0,0,,train
1895,001895.png,data/images/001895.png,32-QAM,12.67,mid,none,0.0,mild,0.05,2.0,0,,train
1896,001896.png,data/images/001896.png,32-QAM,13.79,mid,none,0.0,mild,0.05,2.0,0,,train
1897,001897.png,data/images/001897.png,32-QAM,10.77,mid,none,0.0,mild,0.05,2.0,0,,test
1898,001898.png,data/images/001898.png,32-QAM,13.57,mid,none,0.0,mild,0.05,2.0,1,11.13,train
1899,001899.png,data/images/001899.png,32-QAM,13.79,mid,none,0.0,mild,0.05,2.0,0,,test
1900,001900.png,data/images/001900.png,32-QAM,13.31,mid,none,0.0,severe,0.15,8.0,1,9.57,val
1901,001901.png,data/images/001901.png,32-QAM,13.72,mid,none,0.0,severe,0.15,8.0,0,,test
1902,001902.png,data/images/001902.png,32-QAM,13.53,mid,none,0.0,severe,0.15,8.0,0,,train
1903,001903.png,data/images/001903.png,32-QAM,14.53,mid,none,0.0,severe,0.15,8.0,1,7.6,train
1904,001904.png,data/images/001904.png,32-QAM,13.46,mid,none,0.0,severe,0.15,8.0,0,,train
1905,001905.png,data/images/001905.png,32-QAM,13.51,mid,mild,2.0,none,0.0,0.0,1,9.56,train
1906,001906.png,data/images/001906.png,32-QAM,13.81,mid,mild,2.0,none,0.0,0.0,0,,train
1907,001907.png,data/images/001907.png,32-QAM,12.34,mid,mild,2.0,none,0.0,0.0,0,,test
1908,001908.png,data/images/001908.png,32-QAM,10.34,mid,mild,2.0,none,0.0,0.0,0,,train
1909,001909.png,data/images/001909.png,32-QAM,14.35,mid,mild,2.0,none,0.0,0.0,0,,train
1910,001910.png,data/images/001910.png,32-QAM,12.28,mid,mild,2.0,mild,0.05,2.0,0,,train
1911,001911.png,data/images/001911.png,32-QAM,11.64,mid,mild,2.0,mild,0.05,2.0,1,5.3,train
1912,001912.png,data/images/001912.png,32-QAM,13.2,mid,mild,2.0,mild,0.05,2.0,0,,train
1913,001913.png,data/images/001913.png,32-QAM,14.87,mid,mild,2.0,mild,0.05,2.0,0,,train
1914,001914.png,data/images/001914.png,32-QAM,13.43,mid,mild,2.0,mild,0.05,2.0,1,5.88,test
1915,001915.png,data/images/001915.png,32-QAM,12.87,mid,mild,2.0,severe,0.15,8.0,0,,train
1916,001916.png,data/images/001916.png,32-QAM,11.96,mid,mild,2.0,severe,0.15,8.0,0,,test
1917,001917.png,data/images/001917.png,32-QAM,11.45,mid,mild,2.0,severe,0.15,8.0,0,,train
1918,001918.png,data/images/001918.png,32-QAM,10.48,mid,mild,2.0,severe,0.15,8.0,0,,train
1919,001919.png,data/images/001919.png,32-QAM,14.5,mid,mild,2.0,severe,0.15,8.0,0,,train
1920,001920.png,data/images/001920.png,32-QAM,10.15,mid,severe,6.0,none,0.0,0.0,1,13.52,train
1921,001921.png,data/images/001921.png,32-QAM,13.61,mid,severe,6.0,none,0.0,0.0,1,14.28,test
1922,001922.png,data/images/001922.png,32-QAM,10.67,mid,severe,6.0,none,0.0,0.0,1,9.87,train
1923,001923.png,data/images/001923.png,32-QAM,13.81,mid,severe,6.0,none,0.0,0.0,0,,train
1924,001924.png,data/images/001924.png,32-QAM,14.61,mid,severe,6.0,none,0.0,0.0,0,,train
1925,001925.png,data/images/001925.png,32-QAM,10.9,mid,severe,6.0,mild,0.05,2.0,0,,test
1926,001926.png,data/images/001926.png,32-QAM,14.16,mid,severe,6.0,mild,0.05,2.0,1,13.45,test
1927,001927.png,data/images/001927.png,32-QAM,10.97,mid,severe,6.0,mild,0.05,2.0,1,11.3,train
1928,001928.png,data/images/001928.png,32-QAM,11.06,mid,severe,6.0,mild,0.05,2.0,0,,test
1929,001929.png,data/images/001929.png,32-QAM,14.92,mid,severe,6.0,mild,0.05,2.0,0,,train
1930,001930.png,data/images/001930.png,32-QAM,11.66,mid,severe,6.0,severe,0.15,8.0,1,7.27,train
1931,001931.png,data/images/001931.png,32-QAM,11.36,mid,severe,6.0,severe,0.15,8.0,0,,train
1932,001932.png,data/images/001932.png,32-QAM,10.1,mid,severe,6.0,severe,0.15,8.0,0,,train
1933,001933.png,data/images/001933.png,32-QAM,14.74,mid,severe,6.0,severe,0.15,8.0,0,,train
1934,001934.png,data/images/001934.png,32-QAM,11.24,mid,severe,6.0,severe,0.15,8.0,0,,train
1935,001935.png,data/images/001935.png,32-QAM,19.62,high_mid,none,0.0,none,0.0,0.0,0,,val
1936,001936.png,data/images/001936.png,32-QAM,15.75,high_mid,none,0.0,none,0.0,0.0,0,,val
1937,001937.png,data/images/001937.png,32-QAM,17.4,high_mid,none,0.0,none,0.0,0.0,0,,train
1938,001938.png,data/images/001938.png,32-QAM,19.5,high_mid,none,0.0,none,0.0,0.0,0,,train
1939,001939.png,data/images/001939.png,32-QAM,16.19,high_mid,none,0.0,none,0.0,0.0,0,,train
1940,001940.png,data/images/001940.png,32-QAM,16.01,high_mid,none,0.0,mild,0.05,2.0,0,,test
1941,001941.png,data/images/001941.png,32-QAM,15.21,high_mid,none,0.0,mild,0.05,2.0,0,,train
1942,001942.png,data/images/001942.png,32-QAM,17.04,high_mid,none,0.0,mild,0.05,2.0,1,7.4,train
1943,001943.png,data/images/001943.png,32-QAM,16.27,high_mid,none,0.0,mild,0.05,2.0,0,,test
1944,001944.png,data/images/001944.png,32-QAM,18.7,high_mid,none,0.0,mild,0.05,2.0,0,,test
1945,001945.png,data/images/001945.png,32-QAM,16.72,high_mid,none,0.0,severe,0.15,8.0,0,,train
1946,001946.png,data/images/001946.png,32-QAM,19.8,high_mid,none,0.0,severe,0.15,8.0,1,10.26,train
1947,001947.png,data/images/001947.png,32-QAM,16.12,high_mid,none,0.0,severe,0.15,8.0,0,,train
1948,001948.png,data/images/001948.png,32-QAM,19.1,high_mid,none,0.0,severe,0.15,8.0,0,,train
1949,001949.png,data/images/001949.png,32-QAM,19.2,high_mid,none,0.0,severe,0.15,8.0,1,10.8,val
1950,001950.png,data/images/001950.png,32-QAM,16.13,high_mid,mild,2.0,none,0.0,0.0,0,,train
1951,001951.png,data/images/001951.png,32-QAM,18.62,high_mid,mild,2.0,none,0.0,0.0,0,,train
1952,001952.png,data/images/001952.png,32-QAM,18.69,high_mid,mild,2.0,none,0.0,0.0,0,,train
1953,001953.png,data/images/001953.png,32-QAM,19.75,high_mid,mild,2.0,none,0.0,0.0,0,,val
1954,001954.png,data/images/001954.png,32-QAM,18.6,high_mid,mild,2.0,none,0.0,0.0,0,,test
1955,001955.png,data/images/001955.png,32-QAM,18.4,high_mid,mild,2.0,mild,0.05,2.0,0,,train
1956,001956.png,data/images/001956.png,32-QAM,15.17,high_mid,mild,2.0,mild,0.05,2.0,1,5.4,val
1957,001957.png,data/images/001957.png,32-QAM,19.66,high_mid,mild,2.0,mild,0.05,2.0,0,,train
1958,001958.png,data/images/001958.png,32-QAM,16.84,high_mid,mild,2.0,mild,0.05,2.0,0,,train
1959,001959.png,data/images/001959.png,32-QAM,18.5,high_mid,mild,2.0,mild,0.05,2.0,0,,train
1960,001960.png,data/images/001960.png,32-QAM,16.91,high_mid,mild,2.0,severe,0.15,8.0,0,,train
1961,001961.png,data/images/001961.png,32-QAM,18.43,high_mid,mild,2.0,severe,0.15,8.0,1,13.89,train
1962,001962.png,data/images/001962.png,32-QAM,17.88,high_mid,mild,2.0,severe,0.15,8.0,0,,train
1963,001963.png,data/images/001963.png,32-QAM,16.74,high_mid,mild,2.0,severe,0.15,8.0,0,,train
1964,001964.png,data/images/001964.png,32-QAM,18.27,high_mid,mild,2.0,severe,0.15,8.0,0,,train
1965,001965.png,data/images/001965.png,32-QAM,17.46,high_mid,severe,6.0,none,0.0,0.0,1,12.97,test
1966,001966.png,data/images/001966.png,32-QAM,17.8,high_mid,severe,6.0,none,0.0,0.0,0,,train
1967,001967.png,data/images/001967.png,32-QAM,15.85,high_mid,severe,6.0,none,0.0,0.0,1,5.91,train
1968,001968.png,data/images/001968.png,32-QAM,16.85,high_mid,severe,6.0,none,0.0,0.0,0,,train
1969,001969.png,data/images/001969.png,32-QAM,16.68,high_mid,severe,6.0,none,0.0,0.0,0,,val
1970,001970.png,data/images/001970.png,32-QAM,16.98,high_mid,severe,6.0,mild,0.05,2.0,0,,train
1971,001971.png,data/images/001971.png,32-QAM,15.4,high_mid,severe,6.0,mild,0.05,2.0,0,,train
1972,001972.png,data/images/001972.png,32-QAM,18.28,high_mid,severe,6.0,mild,0.05,2.0,1,9.4,train
1973,001973.png,data/images/001973.png,32-QAM,19.64,high_mid,severe,6.0,mild,0.05,2.0,0,,train
1974,001974.png,data/images/001974.png,32-QAM,19.36,high_mid,severe,6.0,mild,0.05,2.0,0,,train
1975,001975.png,data/images/001975.png,32-QAM,15.59,high_mid,severe,6.0,severe,0.15,8.0,0,,train
1976,001976.png,data/images/001976.png,32-QAM,18.38,high_mid,severe,6.0,severe,0.15,8.0,0,,val
1977,001977.png,data/images/001977.png,32-QAM,19.6,high_mid,severe,6.0,severe,0.15,8.0,0,,train
1978,001978.png,data/images/001978.png,32-QAM,18.01,high_mid,severe,6.0,severe,0.15,8.0,0,,test
1979,001979.png,data/images/001979.png,32-QAM,18.76,high_mid,severe,6.0,severe,0.15,8.0,0,,train
1980,001980.png,data/images/001980.png,32-QAM,29.84,high,none,0.0,none,0.0,0.0,0,,train
1981,001981.png,data/images/001981.png,32-QAM,27.3,high,none,0.0,none,0.0,0.0,0,,train
1982,001982.png,data/images/001982.png,32-QAM,23.01,high,none,0.0,none,0.0,0.0,0,,train
1983,001983.png,data/images/001983.png,32-QAM,29.23,high,none,0.0,none,0.0,0.0,1,5.98,val
1984,001984.png,data/images/001984.png,32-QAM,20.05,high,none,0.0,none,0.0,0.0,0,,train
1985,001985.png,data/images/001985.png,32-QAM,27.13,high,none,0.0,mild,0.05,2.0,0,,train
1986,001986.png,data/images/001986.png,32-QAM,29.13,high,none,0.0,mild,0.05,2.0,0,,test
1987,001987.png,data/images/001987.png,32-QAM,21.42,high,none,0.0,mild,0.05,2.0,0,,test
1988,001988.png,data/images/001988.png,32-QAM,20.12,high,none,0.0,mild,0.05,2.0,0,,val
1989,001989.png,data/images/001989.png,32-QAM,22.15,high,none,0.0,mild,0.05,2.0,0,,test
1990,001990.png,data/images/001990.png,32-QAM,25.22,high,none,0.0,severe,0.15,8.0,1,5.94,train
1991,001991.png,data/images/001991.png,32-QAM,25.04,high,none,0.0,severe,0.15,8.0,0,,train
1992,001992.png,data/images/001992.png,32-QAM,22.42,high,none,0.0,severe,0.15,8.0,0,,train
1993,001993.png,data/images/001993.png,32-QAM,26.58,high,none,0.0,severe,0.15,8.0,0,,train
1994,001994.png,data/images/001994.png,32-QAM,29.72,high,none,0.0,severe,0.15,8.0,0,,train
1995,001995.png,data/images/001995.png,32-QAM,23.63,high,mild,2.0,none,0.0,0.0,1,13.92,train
1996,001996.png,data/images/001996.png,32-QAM,21.66,high,mild,2.0,none,0.0,0.0,0,,val
1997,001997.png,data/images/001997.png,32-QAM,25.24,high,mild,2.0,none,0.0,0.0,0,,train
1998,001998.png,data/images/001998.png,32-QAM,22.51,high,mild,2.0,none,0.0,0.0,0,,train
1999,001999.png,data/images/001999.png,32-QAM,29.17,high,mild,2.0,none,0.0,0.0,0,,train
2000,002000.png,data/images/002000.png,32-QAM,22.44,high,mild,2.0,mild,0.05,2.0,0,,train
2001,002001.png,data/images/002001.png,32-QAM,28.44,high,mild,2.0,mild,0.05,2.0,1,10.04,train
2002,002002.png,data/images/002002.png,32-QAM,21.56,high,mild,2.0,mild,0.05,2.0,0,,train
2003,002003.png,data/images/002003.png,32-QAM,20.75,high,mild,2.0,mild,0.05,2.0,1,7.46,train
2004,002004.png,data/images/002004.png,32-QAM,26.71,high,mild,2.0,mild,0.05,2.0,1,14.92,train
2005,002005.png,data/images/002005.png,32-QAM,29.52,high,mild,2.0,severe,0.15,8.0,1,5.38,test
2006,002006.png,data/images/002006.png,32-QAM,28.05,high,mild,2.0,severe,0.15,8.0,0,,val
2007,002007.png,data/images/002007.png,32-QAM,27.13,high,mild,2.0,severe,0.15,8.0,0,,val
2008,002008.png,data/images/002008.png,32-QAM,25.75,high,mild,2.0,severe,0.15,8.0,1,8.57,train
2009,002009.png,data/images/002009.png,32-QAM,22.81,high,mild,2.0,severe,0.15,8.0,0,,test
2010,002010.png,data/images/002010.png,32-QAM,25.83,high,severe,6.0,none,0.0,0.0,1,10.63,train
2011,002011.png,data/images/002011.png,32-QAM,20.73,high,severe,6.0,none,0.0,0.0,0,,val
2012,002012.png,data/images/002012.png,32-QAM,27.71,high,severe,6.0,none,0.0,0.0,0,,val
2013,002013.png,data/images/002013.png,32-QAM,20.14,high,severe,6.0,none,0.0,0.0,0,,test
2014,002014.png,data/images/002014.png,32-QAM,26.51,high,severe,6.0,none,0.0,0.0,0,,train
2015,002015.png,data/images/002015.png,32-QAM,24.56,high,severe,6.0,mild,0.05,2.0,0,,val
2016,002016.png,data/images/002016.png,32-QAM,28.05,high,severe,6.0,mild,0.05,2.0,1,14.99,train
2017,002017.png,data/images/002017.png,32-QAM,22.67,high,severe,6.0,mild,0.05,2.0,0,,train
2018,002018.png,data/images/002018.png,32-QAM,24.78,high,severe,6.0,mild,0.05,2.0,1,12.61,train
2019,002019.png,data/images/002019.png,32-QAM,23.23,high,severe,6.0,mild,0.05,2.0,1,11.24,val
2020,002020.png,data/images/002020.png,32-QAM,24.24,high,severe,6.0,severe,0.15,8.0,0,,train
2021,002021.png,data/images/002021.png,32-QAM,22.85,high,severe,6.0,severe,0.15,8.0,1,12.73,train
2022,002022.png,data/images/002022.png,32-QAM,21.74,high,severe,6.0,severe,0.15,8.0,0,,val
2023,002023.png,data/images/002023.png,32-QAM,29.73,high,severe,6.0,severe,0.15,8.0,0,,train
2024,002024.png,data/images/002024.png,32-QAM,26.02,high,severe,6.0,severe,0.15,8.0,0,,val
2025,002025.png,data/images/002025.png,64-QAM,1.89,low,none,0.0,none,0.0,0.0,0,,val
2026,002026.png,data/images/002026.png,64-QAM,2.85,low,none,0.0,none,0.0,0.0,0,,train
2027,002027.png,data/images/002027.png,64-QAM,1.55,low,none,0.0,none,0.0,0.0,0,,train
2028,002028.png,data/images/002028.png,64-QAM,4.82,low,none,0.0,none,0.0,0.0,0,,train
2029,002029.png,data/images/002029.png,64-QAM,3.31,low,none,0.0,none,0.0,0.0,0,,train
2030,002030.png,data/images/002030.png,64-QAM,1.71,low,none,0.0,mild,0.05,2.0,0,,train
2031,002031.png,data/images/002031.png,64-QAM,3.55,low,none,0.0,mild,0.05,2.0,1,9.23,val
2032,002032.png,data/images/002032.png,64-QAM,1.02,low,none,0.0,mild,0.05,2.0,0,,train
2033,002033.png,data/images/002033.png,64-QAM,3.38,low,none,0.0,mild,0.05,2.0,0,,val
2034,002034.png,data/images/002034.png,64-QAM,4.67,low,none,0.0,mild,0.05,2.0,0,,train
2035,002035.png,data/images/002035.png,64-QAM,0.16,low,none,0.0,severe,0.15,8.0,1,7.78,train
2036,002036.png,data/images/002036.png,64-QAM,4.23,low,none,0.0,severe,0.15,8.0,1,5.1,train
2037,002037.png,data/images/002037.png,64-QAM,4.79,low,none,0.0,severe,0.15,8.0,0,,train
2038,002038.png,data/images/002038.png,64-QAM,2.29,low,none,0.0,severe,0.15,8.0,0,,train
2039,002039.png,data/images/002039.png,64-QAM,4.93,low,none,0.0,severe,0.15,8.0,0,,train
2040,002040.png,data/images/002040.png,64-QAM,0.58,low,mild,2.0,none,0.0,0.0,1,14.54,train
2041,002041.png,data/images/002041.png,64-QAM,3.78,low,mild,2.0,none,0.0,0.0,0,,train
2042,002042.png,data/images/002042.png,64-QAM,0.3,low,mild,2.0,none,0.0,0.0,0,,train
2043,002043.png,data/images/002043.png,64-QAM,4.98,low,mild,2.0,none,0.0,0.0,0,,val
2044,002044.png,data/images/002044.png,64-QAM,4.67,low,mild,2.0,none,0.0,0.0,0,,train
2045,002045.png,data/images/002045.png,64-QAM,0.66,low,mild,2.0,mild,0.05,2.0,0,,val
2046,002046.png,data/images/002046.png,64-QAM,3.42,low,mild,2.0,mild,0.05,2.0,0,,train
2047,002047.png,data/images/002047.png,64-QAM,3.34,low,mild,2.0,mild,0.05,2.0,0,,train
2048,002048.png,data/images/002048.png,64-QAM,4.12,low,mild,2.0,mild,0.05,2.0,0,,val
2049,002049.png,data/images/002049.png,64-QAM,3.34,low,mild,2.0,mild,0.05,2.0,0,,train
2050,002050.png,data/images/002050.png,64-QAM,0.6,low,mild,2.0,severe,0.15,8.0,0,,train
2051,002051.png,data/images/002051.png,64-QAM,1.72,low,mild,2.0,severe,0.15,8.0,0,,train
2052,002052.png,data/images/002052.png,64-QAM,3.9,low,mild,2.0,severe,0.15,8.0,0,,train
2053,002053.png,data/images/002053.png,64-QAM,3.51,low,mild,2.0,severe,0.15,8.0,0,,val
2054,002054.png,data/images/002054.png,64-QAM,1.01,low,mild,2.0,severe,0.15,8.0,1,14.7,train
2055,002055.png,data/images/002055.png,64-QAM,1.41,low,severe,6.0,none,0.0,0.0,0,,test
2056,002056.png,data/images/002056.png,64-QAM,4.36,low,severe,6.0,none,0.0,0.0,1,13.21,train
2057,002057.png,data/images/002057.png,64-QAM,1.91,low,severe,6.0,none,0.0,0.0,0,,train
2058,002058.png,data/images/002058.png,64-QAM,2.75,low,severe,6.0,none,0.0,0.0,0,,train
2059,002059.png,data/images/002059.png,64-QAM,2.64,low,severe,6.0,none,0.0,0.0,1,13.37,train
2060,002060.png,data/images/002060.png,64-QAM,3.26,low,severe,6.0,mild,0.05,2.0,0,,train
2061,002061.png,data/images/002061.png,64-QAM,1.33,low,severe,6.0,mild,0.05,2.0,1,7.74,train
2062,002062.png,data/images/002062.png,64-QAM,3.94,low,severe,6.0,mild,0.05,2.0,0,,val
2063,002063.png,data/images/002063.png,64-QAM,4.36,low,severe,6.0,mild,0.05,2.0,0,,train
2064,002064.png,data/images/002064.png,64-QAM,2.54,low,severe,6.0,mild,0.05,2.0,0,,train
2065,002065.png,data/images/002065.png,64-QAM,0.19,low,severe,6.0,severe,0.15,8.0,1,14.15,train
2066,002066.png,data/images/002066.png,64-QAM,0.01,low,severe,6.0,severe,0.15,8.0,0,,val
2067,002067.png,data/images/002067.png,64-QAM,0.94,low,severe,6.0,severe,0.15,8.0,0,,test
2068,002068.png,data/images/002068.png,64-QAM,0.04,low,severe,6.0,severe,0.15,8.0,1,7.25,train
2069,002069.png,data/images/002069.png,64-QAM,3.84,low,severe,6.0,severe,0.15,8.0,0,,train
2070,002070.png,data/images/002070.png,64-QAM,7.87,low_mid,none,0.0,none,0.0,0.0,0,,ood_test
2071,002071.png,data/images/002071.png,64-QAM,9.94,low_mid,none,0.0,none,0.0,0.0,0,,ood_test
2072,002072.png,data/images/002072.png,64-QAM,6.59,low_mid,none,0.0,none,0.0,0.0,0,,ood_test
2073,002073.png,data/images/002073.png,64-QAM,5.56,low_mid,none,0.0,none,0.0,0.0,0,,ood_test
2074,002074.png,data/images/002074.png,64-QAM,9.56,low_mid,none,0.0,none,0.0,0.0,0,,ood_test
2075,002075.png,data/images/002075.png,64-QAM,5.84,low_mid,none,0.0,mild,0.05,2.0,0,,ood_test
2076,002076.png,data/images/002076.png,64-QAM,5.73,low_mid,none,0.0,mild,0.05,2.0,0,,ood_test
2077,002077.png,data/images/002077.png,64-QAM,9.35,low_mid,none,0.0,mild,0.05,2.0,0,,ood_test
2078,002078.png,data/images/002078.png,64-QAM,6.45,low_mid,none,0.0,mild,0.05,2.0,0,,ood_test
2079,002079.png,data/images/002079.png,64-QAM,9.84,low_mid,none,0.0,mild,0.05,2.0,0,,ood_test
2080,002080.png,data/images/002080.png,64-QAM,6.97,low_mid,none,0.0,severe,0.15,8.0,0,,ood_test
2081,002081.png,data/images/002081.png,64-QAM,5.37,low_mid,none,0.0,severe,0.15,8.0,1,9.37,ood_test
2082,002082.png,data/images/002082.png,64-QAM,6.77,low_mid,none,0.0,severe,0.15,8.0,1,7.34,ood_test
2083,002083.png,data/images/002083.png,64-QAM,6.53,low_mid,none,0.0,severe,0.15,8.0,0,,ood_test
2084,002084.png,data/images/002084.png,64-QAM,8.86,low_mid,none,0.0,severe,0.15,8.0,1,6.34,ood_test
2085,002085.png,data/images/002085.png,64-QAM,7.05,low_mid,mild,2.0,none,0.0,0.0,0,,ood_test
2086,002086.png,data/images/002086.png,64-QAM,6.32,low_mid,mild,2.0,none,0.0,0.0,0,,ood_test
2087,002087.png,data/images/002087.png,64-QAM,7.73,low_mid,mild,2.0,none,0.0,0.0,1,11.48,ood_test
2088,002088.png,data/images/002088.png,64-QAM,8.43,low_mid,mild,2.0,none,0.0,0.0,0,,ood_test
2089,002089.png,data/images/002089.png,64-QAM,8.68,low_mid,mild,2.0,none,0.0,0.0,0,,ood_test
2090,002090.png,data/images/002090.png,64-QAM,9.94,low_mid,mild,2.0,mild,0.05,2.0,0,,ood_test
2091,002091.png,data/images/002091.png,64-QAM,9.95,low_mid,mild,2.0,mild,0.05,2.0,0,,ood_test
2092,002092.png,data/images/002092.png,64-QAM,6.1,low_mid,mild,2.0,mild,0.05,2.0,0,,ood_test
2093,002093.png,data/images/002093.png,64-QAM,5.61,low_mid,mild,2.0,mild,0.05,2.0,0,,ood_test
2094,002094.png,data/images/002094.png,64-QAM,6.05,low_mid,mild,2.0,mild,0.05,2.0,0,,ood_test
2095,002095.png,data/images/002095.png,64-QAM,8.28,low_mid,mild,2.0,severe,0.15,8.0,0,,ood_test
2096,002096.png,data/images/002096.png,64-QAM,7.26,low_mid,mild,2.0,severe,0.15,8.0,0,,ood_test
2097,002097.png,data/images/002097.png,64-QAM,5.72,low_mid,mild,2.0,severe,0.15,8.0,0,,ood_test
2098,002098.png,data/images/002098.png,64-QAM,8.65,low_mid,mild,2.0,severe,0.15,8.0,0,,ood_test
2099,002099.png,data/images/002099.png,64-QAM,9.79,low_mid,mild,2.0,severe,0.15,8.0,0,,ood_test
2100,002100.png,data/images/002100.png,64-QAM,9.86,low_mid,severe,6.0,none,0.0,0.0,0,,ood_test
2101,002101.png,data/images/002101.png,64-QAM,8.3,low_mid,severe,6.0,none,0.0,0.0,0,,ood_test
2102,002102.png,data/images/002102.png,64-QAM,5.7,low_mid,severe,6.0,none,0.0,0.0,0,,ood_test
2103,002103.png,data/images/002103.png,64-QAM,6.86,low_mid,severe,6.0,none,0.0,0.0,0,,ood_test
2104,002104.png,data/images/002104.png,64-QAM,5.5,low_mid,severe,6.0,none,0.0,0.0,1,6.21,ood_test
2105,002105.png,data/images/002105.png,64-QAM,7.85,low_mid,severe,6.0,mild,0.05,2.0,1,7.65,ood_test
2106,002106.png,data/images/002106.png,64-QAM,9.74,low_mid,severe,6.0,mild,0.05,2.0,0,,ood_test
2107,002107.png,data/images/002107.png,64-QAM,5.52,low_mid,severe,6.0,mild,0.05,2.0,0,,ood_test
2108,002108.png,data/images/002108.png,64-QAM,6.51,low_mid,severe,6.0,mild,0.05,2.0,0,,ood_test
2109,002109.png,data/images/002109.png,64-QAM,6.57,low_mid,severe,6.0,mild,0.05,2.0,0,,ood_test
2110,002110.png,data/images/002110.png,64-QAM,6.74,low_mid,severe,6.0,severe,0.15,8.0,1,14.14,ood_test
2111,002111.png,data/images/002111.png,64-QAM,8.17,low_mid,severe,6.0,severe,0.15,8.0,0,,ood_test
2112,002112.png,data/images/002112.png,64-QAM,7.98,low_mid,severe,6.0,severe,0.15,8.0,0,,ood_test
2113,002113.png,data/images/002113.png,64-QAM,8.34,low_mid,severe,6.0,severe,0.15,8.0,0,,ood_test
2114,002114.png,data/images/002114.png,64-QAM,6.19,low_mid,severe,6.0,severe,0.15,8.0,0,,ood_test
2115,002115.png,data/images/002115.png,64-QAM,13.72,mid,none,0.0,none,0.0,0.0,0,,train
2116,002116.png,data/images/002116.png,64-QAM,12.41,mid,none,0.0,none,0.0,0.0,1,12.35,train
2117,002117.png,data/images/002117.png,64-QAM,10.84,mid,none,0.0,none,0.0,0.0,0,,val
2118,002118.png,data/images/002118.png,64-QAM,12.19,mid,none,0.0,none,0.0,0.0,0,,train
2119,002119.png,data/images/002119.png,64-QAM,13.72,mid,none,0.0,none,0.0,0.0,0,,val
2120,002120.png,data/images/002120.png,64-QAM,14.06,mid,none,0.0,mild,0.05,2.0,0,,test
2121,002121.png,data/images/002121.png,64-QAM,13.09,mid,none,0.0,mild,0.05,2.0,0,,train
2122,002122.png,data/images/002122.png,64-QAM,10.79,mid,none,0.0,mild,0.05,2.0,0,,train
2123,002123.png,data/images/002123.png,64-QAM,14.56,mid,none,0.0,mild,0.05,2.0,1,12.33,train
2124,002124.png,data/images/002124.png,64-QAM,11.06,mid,none,0.0,mild,0.05,2.0,1,13.29,val
2125,002125.png,data/images/002125.png,64-QAM,13.87,mid,none,0.0,severe,0.15,8.0,0,,train
2126,002126.png,data/images/002126.png,64-QAM,12.56,mid,none,0.0,severe,0.15,8.0,0,,train
2127,002127.png,data/images/002127.png,64-QAM,13.4,mid,none,0.0,severe,0.15,8.0,0,,train
2128,002128.png,data/images/002128.png,64-QAM,14.32,mid,none,0.0,severe,0.15,8.0,0,,train
2129,002129.png,data/images/002129.png,64-QAM,10.27,mid,none,0.0,severe,0.15,8.0,1,13.46,train
2130,002130.png,data/images/002130.png,64-QAM,13.56,mid,mild,2.0,none,0.0,0.0,0,,val
2131,002131.png,data/images/002131.png,64-QAM,12.54,mid,mild,2.0,none,0.0,0.0,1,13.56,train
2132,002132.png,data/images/002132.png,64-QAM,10.42,mid,mild,2.0,none,0.0,0.0,0,,train
2133,002133.png,data/images/002133.png,64-QAM,11.98,mid,mild,2.0,none,0.0,0.0,0,,train
2134,002134.png,data/images/002134.png,64-QAM,11.49,mid,mild,2.0,none,0.0,0.0,1,13.03,val
2135,002135.png,data/images/002135.png,64-QAM,10.08,mid,mild,2.0,mild,0.05,2.0,0,,train
2136,002136.png,data/images/002136.png,64-QAM,12.33,mid,mild,2.0,mild,0.05,2.0,0,,train
2137,002137.png,data/images/002137.png,64-QAM,13.33,mid,mild,2.0,mild,0.05,2.0,0,,train
2138,002138.png,data/images/002138.png,64-QAM,13.49,mid,mild,2.0,mild,0.05,2.0,0,,test
2139,002139.png,data/images/002139.png,64-QAM,11.77,mid,mild,2.0,mild,0.05,2.0,0,,train
2140,002140.png,data/images/002140.png,64-QAM,10.9,mid,mild,2.0,severe,0.15,8.0,1,14.59,test
2141,002141.png,data/images/002141.png,64-QAM,14.41,mid,mild,2.0,severe,0.15,8.0,1,12.1,val
2142,002142.png,data/images/002142.png,64-QAM,12.88,mid,mild,2.0,severe,0.15,8.0,0,,test
2143,002143.png,data/images/002143.png,64-QAM,10.92,mid,mild,2.0,severe,0.15,8.0,0,,train
2144,002144.png,data/images/002144.png,64-QAM,12.46,mid,mild,2.0,severe,0.15,8.0,1,11.68,test
2145,002145.png,data/images/002145.png,64-QAM,14.58,mid,severe,6.0,none,0.0,0.0,0,,train
2146,002146.png,data/images/002146.png,64-QAM,11.35,mid,severe,6.0,none,0.0,0.0,0,,test
2147,002147.png,data/images/002147.png,64-QAM,10.05,mid,severe,6.0,none,0.0,0.0,0,,test
2148,002148.png,data/images/002148.png,64-QAM,12.02,mid,severe,6.0,none,0.0,0.0,0,,test
2149,002149.png,data/images/002149.png,64-QAM,12.15,mid,severe,6.0,none,0.0,0.0,1,9.92,train
2150,002150.png,data/images/002150.png,64-QAM,11.88,mid,severe,6.0,mild,0.05,2.0,0,,train
2151,002151.png,data/images/002151.png,64-QAM,13.32,mid,severe,6.0,mild,0.05,2.0,0,,train
2152,002152.png,data/images/002152.png,64-QAM,11.12,mid,severe,6.0,mild,0.05,2.0,0,,train
2153,002153.png,data/images/002153.png,64-QAM,13.61,mid,severe,6.0,mild,0.05,2.0,0,,train
2154,002154.png,data/images/002154.png,64-QAM,12.9,mid,severe,6.0,mild,0.05,2.0,0,,train
2155,002155.png,data/images/002155.png,64-QAM,12.26,mid,severe,6.0,severe,0.15,8.0,1,10.83,train
2156,002156.png,data/images/002156.png,64-QAM,10.61,mid,severe,6.0,severe,0.15,8.0,1,14.15,train
2157,002157.png,data/images/002157.png,64-QAM,13.81,mid,severe,6.0,severe,0.15,8.0,0,,train
2158,002158.png,data/images/002158.png,64-QAM,12.17,mid,severe,6.0,severe,0.15,8.0,0,,train
2159,002159.png,data/images/002159.png,64-QAM,10.21,mid,severe,6.0,severe,0.15,8.0,1,7.16,val
2160,002160.png,data/images/002160.png,64-QAM,15.65,high_mid,none,0.0,none,0.0,0.0,0,,val
2161,002161.png,data/images/002161.png,64-QAM,15.84,high_mid,none,0.0,none,0.0,0.0,0,,train
2162,002162.png,data/images/002162.png,64-QAM,18.15,high_mid,none,0.0,none,0.0,0.0,0,,train
2163,002163.png,data/images/002163.png,64-QAM,18.36,high_mid,none,0.0,none,0.0,0.0,0,,val
2164,002164.png,data/images/002164.png,64-QAM,18.5,high_mid,none,0.0,none,0.0,0.0,0,,test
2165,002165.png,data/images/002165.png,64-QAM,19.23,high_mid,none,0.0,mild,0.05,2.0,1,7.27,val
2166,002166.png,data/images/002166.png,64-QAM,15.66,high_mid,none,0.0,mild,0.05,2.0,1,7.47,train
2167,002167.png,data/images/002167.png,64-QAM,17.01,high_mid,none,0.0,mild,0.05,2.0,1,8.56,train
2168,002168.png,data/images/002168.png,64-QAM,16.13,high_mid,none,0.0,mild,0.05,2.0,0,,train
2169,002169.png,data/images/002169.png,64-QAM,18.92,high_mid,none,0.0,mild,0.05,2.0,0,,train
2170,002170.png,data/images/002170.png,64-QAM,19.82,high_mid,none,0.0,severe,0.15,8.0,1,5.89,train
2171,002171.png,data/images/002171.png,64-QAM,17.37,high_mid,none,0.0,severe,0.15,8.0,0,,test
2172,002172.png,data/images/002172.png,64-QAM,16.38,high_mid,none,0.0,severe,0.15,8.0,0,,train
2173,002173.png,data/images/002173.png,64-QAM,19.16,high_mid,none,0.0,severe,0.15,8.0,0,,train
2174,002174.png,data/images/002174.png,64-QAM,15.81,high_mid,none,0.0,severe,0.15,8.0,0,,train
2175,002175.png,data/images/002175.png,64-QAM,18.69,high_mid,mild,2.0,none,0.0,0.0,0,,test
2176,002176.png,data/images/002176.png,64-QAM,18.88,high_mid,mild,2.0,none,0.0,0.0,0,,train
2177,002177.png,data/images/002177.png,64-QAM,16.34,high_mid,mild,2.0,none,0.0,0.0,0,,train
2178,002178.png,data/images/002178.png,64-QAM,15.65,high_mid,mild,2.0,none,0.0,0.0,0,,test
2179,002179.png,data/images/002179.png,64-QAM,15.14,high_mid,mild,2.0,none,0.0,0.0,0,,train
2180,002180.png,data/images/002180.png,64-QAM,18.57,high_mid,mild,2.0,mild,0.05,2.0,0,,train
2181,002181.png,data/images/002181.png,64-QAM,17.76,high_mid,mild,2.0,mild,0.05,2.0,0,,test
2182,002182.png,data/images/002182.png,64-QAM,15.52,high_mid,mild,2.0,mild,0.05,2.0,0,,test
2183,002183.png,data/images/002183.png,64-QAM,16.55,high_mid,mild,2.0,mild,0.05,2.0,0,,train
2184,002184.png,data/images/002184.png,64-QAM,19.62,high_mid,mild,2.0,mild,0.05,2.0,1,9.7,train
2185,002185.png,data/images/002185.png,64-QAM,18.04,high_mid,mild,2.0,severe,0.15,8.0,0,,val
2186,002186.png,data/images/002186.png,64-QAM,15.54,high_mid,mild,2.0,severe,0.15,8.0,0,,val
2187,002187.png,data/images/002187.png,64-QAM,15.9,high_mid,mild,2.0,severe,0.15,8.0,0,,train
2188,002188.png,data/images/002188.png,64-QAM,15.37,high_mid,mild,2.0,severe,0.15,8.0,0,,train
2189,002189.png,data/images/002189.png,64-QAM,15.51,high_mid,mild,2.0,severe,0.15,8.0,0,,train
2190,002190.png,data/images/002190.png,64-QAM,18.12,high_mid,severe,6.0,none,0.0,0.0,0,,train
2191,002191.png,data/images/002191.png,64-QAM,16.12,high_mid,severe,6.0,none,0.0,0.0,0,,val
2192,002192.png,data/images/002192.png,64-QAM,19.35,high_mid,severe,6.0,none,0.0,0.0,0,,test
2193,002193.png,data/images/002193.png,64-QAM,18.51,high_mid,severe,6.0,none,0.0,0.0,0,,val
2194,002194.png,data/images/002194.png,64-QAM,15.87,high_mid,severe,6.0,none,0.0,0.0,0,,train
2195,002195.png,data/images/002195.png,64-QAM,18.18,high_mid,severe,6.0,mild,0.05,2.0,1,8.87,train
2196,002196.png,data/images/002196.png,64-QAM,16.96,high_mid,severe,6.0,mild,0.05,2.0,1,12.65,train
2197,002197.png,data/images/002197.png,64-QAM,15.67,high_mid,severe,6.0,mild,0.05,2.0,0,,test
2198,002198.png,data/images/002198.png,64-QAM,17.73,high_mid,severe,6.0,mild,0.05,2.0,0,,train
2199,002199.png,data/images/002199.png,64-QAM,19.79,high_mid,severe,6.0,mild,0.05,2.0,0,,test
2200,002200.png,data/images/002200.png,64-QAM,17.62,high_mid,severe,6.0,severe,0.15,8.0,0,,test
2201,002201.png,data/images/002201.png,64-QAM,16.61,high_mid,severe,6.0,severe,0.15,8.0,0,,train
2202,002202.png,data/images/002202.png,64-QAM,15.23,high_mid,severe,6.0,severe,0.15,8.0,0,,train
2203,002203.png,data/images/002203.png,64-QAM,15.99,high_mid,severe,6.0,severe,0.15,8.0,0,,train
2204,002204.png,data/images/002204.png,64-QAM,15.36,high_mid,severe,6.0,severe,0.15,8.0,0,,train
2205,002205.png,data/images/002205.png,64-QAM,27.31,high,none,0.0,none,0.0,0.0,0,,val
2206,002206.png,data/images/002206.png,64-QAM,29.03,high,none,0.0,none,0.0,0.0,0,,val
2207,002207.png,data/images/002207.png,64-QAM,23.04,high,none,0.0,none,0.0,0.0,0,,val
2208,002208.png,data/images/002208.png,64-QAM,26.67,high,none,0.0,none,0.0,0.0,0,,train
2209,002209.png,data/images/002209.png,64-QAM,26.46,high,none,0.0,none,0.0,0.0,0,,train
2210,002210.png,data/images/002210.png,64-QAM,26.56,high,none,0.0,mild,0.05,2.0,0,,train
2211,002211.png,data/images/002211.png,64-QAM,28.01,high,none,0.0,mild,0.05,2.0,0,,train
2212,002212.png,data/images/002212.png,64-QAM,29.53,high,none,0.0,mild,0.05,2.0,0,,train
2213,002213.png,data/images/002213.png,64-QAM,23.11,high,none,0.0,mild,0.05,2.0,0,,val
2214,002214.png,data/images/002214.png,64-QAM,24.67,high,none,0.0,mild,0.05,2.0,0,,val
2215,002215.png,data/images/002215.png,64-QAM,26.95,high,none,0.0,severe,0.15,8.0,0,,val
2216,002216.png,data/images/002216.png,64-QAM,24.74,high,none,0.0,severe,0.15,8.0,1,12.49,train
2217,002217.png,data/images/002217.png,64-QAM,23.61,high,none,0.0,severe,0.15,8.0,0,,train
2218,002218.png,data/images/002218.png,64-QAM,26.19,high,none,0.0,severe,0.15,8.0,0,,train
2219,002219.png,data/images/002219.png,64-QAM,26.38,high,none,0.0,severe,0.15,8.0,0,,test
2220,002220.png,data/images/002220.png,64-QAM,29.68,high,mild,2.0,none,0.0,0.0,0,,train
2221,002221.png,data/images/002221.png,64-QAM,29.46,high,mild,2.0,none,0.0,0.0,1,9.9,train
2222,002222.png,data/images/002222.png,64-QAM,28.29,high,mild,2.0,none,0.0,0.0,0,,train
2223,002223.png,data/images/002223.png,64-QAM,29.25,high,mild,2.0,none,0.0,0.0,1,13.77,train
2224,002224.png,data/images/002224.png,64-QAM,23.08,high,mild,2.0,none,0.0,0.0,0,,train
2225,002225.png,data/images/002225.png,64-QAM,22.15,high,mild,2.0,mild,0.05,2.0,0,,train
2226,002226.png,data/images/002226.png,64-QAM,21.45,high,mild,2.0,mild,0.05,2.0,0,,train
2227,002227.png,data/images/002227.png,64-QAM,29.42,high,mild,2.0,mild,0.05,2.0,1,13.58,train
2228,002228.png,data/images/002228.png,64-QAM,28.17,high,mild,2.0,mild,0.05,2.0,1,9.06,test
2229,002229.png,data/images/002229.png,64-QAM,25.74,high,mild,2.0,mild,0.05,2.0,0,,val
2230,002230.png,data/images/002230.png,64-QAM,20.83,high,mild,2.0,severe,0.15,8.0,0,,test
2231,002231.png,data/images/002231.png,64-QAM,26.85,high,mild,2.0,severe,0.15,8.0,0,,train
2232,002232.png,data/images/002232.png,64-QAM,20.83,high,mild,2.0,severe,0.15,8.0,0,,train
2233,002233.png,data/images/002233.png,64-QAM,27.79,high,mild,2.0,severe,0.15,8.0,0,,test
2234,002234.png,data/images/002234.png,64-QAM,22.45,high,mild,2.0,severe,0.15,8.0,0,,train
2235,002235.png,data/images/002235.png,64-QAM,20.89,high,severe,6.0,none,0.0,0.0,0,,train
2236,002236.png,data/images/002236.png,64-QAM,29.72,high,severe,6.0,none,0.0,0.0,1,8.3,train
2237,002237.png,data/images/002237.png,64-QAM,28.33,high,severe,6.0,none,0.0,0.0,0,,train
2238,002238.png,data/images/002238.png,64-QAM,26.48,high,severe,6.0,none,0.0,0.0,0,,train
2239,002239.png,data/images/002239.png,64-QAM,21.94,high,severe,6.0,none,0.0,0.0,0,,train
2240,002240.png,data/images/002240.png,64-QAM,24.75,high,severe,6.0,mild,0.05,2.0,0,,train
2241,002241.png,data/images/002241.png,64-QAM,20.51,high,severe,6.0,mild,0.05,2.0,0,,train
2242,002242.png,data/images/002242.png,64-QAM,28.48,high,severe,6.0,mild,0.05,2.0,0,,test
2243,002243.png,data/images/002243.png,64-QAM,25.83,high,severe,6.0,mild,0.05,2.0,0,,train
2244,002244.png,data/images/002244.png,64-QAM,26.09,high,severe,6.0,mild,0.05,2.0,0,,test
2245,002245.png,data/images/002245.png,64-QAM,27.46,high,severe,6.0,severe,0.15,8.0,0,,test
2246,002246.png,data/images/002246.png,64-QAM,26.49,high,severe,6.0,severe,0.15,8.0,0,,train
2247,002247.png,data/images/002247.png,64-QAM,20.9,high,severe,6.0,severe,0.15,8.0,0,,train
2248,002248.png,data/images/002248.png,64-QAM,29.45,high,severe,6.0,severe,0.15,8.0,0,,train
2249,002249.png,data/images/002249.png,64-QAM,26.69,high,severe,6.0,severe,0.15,8.0,0,,train
2250,002250.png,data/images/002250.png,128-QAM,4.31,low,none,0.0,none,0.0,0.0,0,,train
2251,002251.png,data/images/002251.png,128-QAM,0.3,low,none,0.0,none,0.0,0.0,1,13.98,train
2252,002252.png,data/images/002252.png,128-QAM,4.25,low,none,0.0,none,0.0,0.0,0,,val
2253,002253.png,data/images/002253.png,128-QAM,3.73,low,none,0.0,none,0.0,0.0,0,,test
2254,002254.png,data/images/002254.png,128-QAM,2.03,low,none,0.0,none,0.0,0.0,0,,train
2255,002255.png,data/images/002255.png,128-QAM,0.29,low,none,0.0,mild,0.05,2.0,0,,train
2256,002256.png,data/images/002256.png,128-QAM,1.3,low,none,0.0,mild,0.05,2.0,1,13.67,train
2257,002257.png,data/images/002257.png,128-QAM,0.75,low,none,0.0,mild,0.05,2.0,0,,train
2258,002258.png,data/images/002258.png,128-QAM,0.11,low,none,0.0,mild,0.05,2.0,1,13.24,train
2259,002259.png,data/images/002259.png,128-QAM,0.91,low,none,0.0,mild,0.05,2.0,0,,train
2260,002260.png,data/images/002260.png,128-QAM,1.98,low,none,0.0,severe,0.15,8.0,1,6.14,train
2261,002261.png,data/images/002261.png,128-QAM,4.34,low,none,0.0,severe,0.15,8.0,0,,train
2262,002262.png,data/images/002262.png,128-QAM,1.47,low,none,0.0,severe,0.15,8.0,0,,train
2263,002263.png,data/images/002263.png,128-QAM,0.94,low,none,0.0,severe,0.15,8.0,1,5.19,val
2264,002264.png,data/images/002264.png,128-QAM,2.08,low,none,0.0,severe,0.15,8.0,1,7.59,train
2265,002265.png,data/images/002265.png,128-QAM,1.2,low,mild,2.0,none,0.0,0.0,1,11.22,val
2266,002266.png,data/images/002266.png,128-QAM,2.69,low,mild,2.0,none,0.0,0.0,0,,train
2267,002267.png,data/images/002267.png,128-QAM,0.62,low,mild,2.0,none,0.0,0.0,0,,test
2268,002268.png,data/images/002268.png,128-QAM,0.22,low,mild,2.0,none,0.0,0.0,0,,train
2269,002269.png,data/images/002269.png,128-QAM,4.33,low,mild,2.0,none,0.0,0.0,0,,train
2270,002270.png,data/images/002270.png,128-QAM,3.63,low,mild,2.0,mild,0.05,2.0,0,,train
2271,002271.png,data/images/002271.png,128-QAM,3.74,low,mild,2.0,mild,0.05,2.0,0,,train
2272,002272.png,data/images/002272.png,128-QAM,3.85,low,mild,2.0,mild,0.05,2.0,1,10.03,train
2273,002273.png,data/images/002273.png,128-QAM,1.05,low,mild,2.0,mild,0.05,2.0,1,6.25,train
2274,002274.png,data/images/002274.png,128-QAM,2.85,low,mild,2.0,mild,0.05,2.0,1,7.67,train
2275,002275.png,data/images/002275.png,128-QAM,4.41,low,mild,2.0,severe,0.15,8.0,1,13.35,val
2276,002276.png,data/images/002276.png,128-QAM,4.41,low,mild,2.0,severe,0.15,8.0,0,,train
2277,002277.png,data/images/002277.png,128-QAM,3.17,low,mild,2.0,severe,0.15,8.0,0,,train
2278,002278.png,data/images/002278.png,128-QAM,0.42,low,mild,2.0,severe,0.15,8.0,0,,train
2279,002279.png,data/images/002279.png,128-QAM,3.09,low,mild,2.0,severe,0.15,8.0,0,,train
2280,002280.png,data/images/002280.png,128-QAM,1.3,low,severe,6.0,none,0.0,0.0,0,,train
2281,002281.png,data/images/002281.png,128-QAM,1.97,low,severe,6.0,none,0.0,0.0,0,,train
2282,002282.png,data/images/002282.png,128-QAM,3.39,low,severe,6.0,none,0.0,0.0,0,,train
2283,002283.png,data/images/002283.png,128-QAM,1.06,low,severe,6.0,none,0.0,0.0,0,,test
2284,002284.png,data/images/002284.png,128-QAM,2.13,low,severe,6.0,none,0.0,0.0,0,,val
2285,002285.png,data/images/002285.png,128-QAM,1.53,low,severe,6.0,mild,0.05,2.0,0,,test
2286,002286.png,data/images/002286.png,128-QAM,3.82,low,severe,6.0,mild,0.05,2.0,0,,val
2287,002287.png,data/images/002287.png,128-QAM,1.0,low,severe,6.0,mild,0.05,2.0,0,,test
2288,002288.png,data/images/002288.png,128-QAM,4.57,low,severe,6.0,mild,0.05,2.0,0,,test
2289,002289.png,data/images/002289.png,128-QAM,4.72,low,severe,6.0,mild,0.05,2.0,1,11.58,train
2290,002290.png,data/images/002290.png,128-QAM,1.27,low,severe,6.0,severe,0.15,8.0,0,,train
2291,002291.png,data/images/002291.png,128-QAM,0.45,low,severe,6.0,severe,0.15,8.0,0,,val
2292,002292.png,data/images/002292.png,128-QAM,0.12,low,severe,6.0,severe,0.15,8.0,0,,train
2293,002293.png,data/images/002293.png,128-QAM,4.61,low,severe,6.0,severe,0.15,8.0,0,,train
2294,002294.png,data/images/002294.png,128-QAM,4.63,low,severe,6.0,severe,0.15,8.0,0,,train
2295,002295.png,data/images/002295.png,128-QAM,6.02,low_mid,none,0.0,none,0.0,0.0,1,12.22,ood_test
2296,002296.png,data/images/002296.png,128-QAM,7.43,low_mid,none,0.0,none,0.0,0.0,0,,ood_test
2297,002297.png,data/images/002297.png,128-QAM,9.57,low_mid,none,0.0,none,0.0,0.0,0,,ood_test
2298,002298.png,data/images/002298.png,128-QAM,7.15,low_mid,none,0.0,none,0.0,0.0,0,,ood_test
2299,002299.png,data/images/002299.png,128-QAM,7.2,low_mid,none,0.0,none,0.0,0.0,0,,ood_test
2300,002300.png,data/images/002300.png,128-QAM,8.38,low_mid,none,0.0,mild,0.05,2.0,0,,ood_test
2301,002301.png,data/images/002301.png,128-QAM,6.88,low_mid,none,0.0,mild,0.05,2.0,0,,ood_test
2302,002302.png,data/images/002302.png,128-QAM,6.44,low_mid,none,0.0,mild,0.05,2.0,1,11.36,ood_test
2303,002303.png,data/images/002303.png,128-QAM,9.15,low_mid,none,0.0,mild,0.05,2.0,1,13.47,ood_test
2304,002304.png,data/images/002304.png,128-QAM,9.11,low_mid,none,0.0,mild,0.05,2.0,1,14.93,ood_test
2305,002305.png,data/images/002305.png,128-QAM,8.89,low_mid,none,0.0,severe,0.15,8.0,0,,ood_test
2306,002306.png,data/images/002306.png,128-QAM,6.98,low_mid,none,0.0,severe,0.15,8.0,0,,ood_test
2307,002307.png,data/images/002307.png,128-QAM,9.68,low_mid,none,0.0,severe,0.15,8.0,0,,ood_test
2308,002308.png,data/images/002308.png,128-QAM,6.3,low_mid,none,0.0,severe,0.15,8.0,0,,ood_test
2309,002309.png,data/images/002309.png,128-QAM,8.26,low_mid,none,0.0,severe,0.15,8.0,0,,ood_test
2310,002310.png,data/images/002310.png,128-QAM,9.91,low_mid,mild,2.0,none,0.0,0.0,0,,ood_test
2311,002311.png,data/images/002311.png,128-QAM,5.01,low_mid,mild,2.0,none,0.0,0.0,0,,ood_test
2312,002312.png,data/images/002312.png,128-QAM,7.07,low_mid,mild,2.0,none,0.0,0.0,1,9.81,ood_test
2313,002313.png,data/images/002313.png,128-QAM,8.95,low_mid,mild,2.0,none,0.0,0.0,1,14.14,ood_test
2314,002314.png,data/images/002314.png,128-QAM,5.47,low_mid,mild,2.0,none,0.0,0.0,0,,ood_test
2315,002315.png,data/images/002315.png,128-QAM,6.4,low_mid,mild,2.0,mild,0.05,2.0,0,,ood_test
2316,002316.png,data/images/002316.png,128-QAM,8.09,low_mid,mild,2.0,mild,0.05,2.0,1,10.23,ood_test
2317,002317.png,data/images/002317.png,128-QAM,9.29,low_mid,mild,2.0,mild,0.05,2.0,0,,ood_test
2318,002318.png,data/images/002318.png,128-QAM,9.36,low_mid,mild,2.0,mild,0.05,2.0,1,9.91,ood_test
2319,002319.png,data/images/002319.png,128-QAM,5.48,low_mid,mild,2.0,mild,0.05,2.0,0,,ood_test
2320,002320.png,data/images/002320.png,128-QAM,5.22,low_mid,mild,2.0,severe,0.15,8.0,0,,ood_test
2321,002321.png,data/images/002321.png,128-QAM,5.05,low_mid,mild,2.0,severe,0.15,8.0,0,,ood_test
2322,002322.png,data/images/002322.png,128-QAM,8.12,low_mid,mild,2.0,severe,0.15,8.0,0,,ood_test
2323,002323.png,data/images/002323.png,128-QAM,7.21,low_mid,mild,2.0,severe,0.15,8.0,0,,ood_test
2324,002324.png,data/images/002324.png,128-QAM,7.45,low_mid,mild,2.0,severe,0.15,8.0,0,,ood_test
2325,002325.png,data/images/002325.png,128-QAM,8.69,low_mid,severe,6.0,none,0.0,0.0,0,,ood_test
2326,002326.png,data/images/002326.png,128-QAM,7.01,low_mid,severe,6.0,none,0.0,0.0,1,13.48,ood_test
2327,002327.png,data/images/002327.png,128-QAM,5.98,low_mid,severe,6.0,none,0.0,0.0,0,,ood_test
2328,002328.png,data/images/002328.png,128-QAM,6.5,low_mid,severe,6.0,none,0.0,0.0,1,8.25,ood_test
2329,002329.png,data/images/002329.png,128-QAM,7.6,low_mid,severe,6.0,none,0.0,0.0,0,,ood_test
2330,002330.png,data/images/002330.png,128-QAM,9.08,low_mid,severe,6.0,mild,0.05,2.0,0,,ood_test
2331,002331.png,data/images/002331.png,128-QAM,5.53,low_mid,severe,6.0,mild,0.05,2.0,1,7.51,ood_test
2332,002332.png,data/images/002332.png,128-QAM,9.2,low_mid,severe,6.0,mild,0.05,2.0,0,,ood_test
2333,002333.png,data/images/002333.png,128-QAM,7.8,low_mid,severe,6.0,mild,0.05,2.0,0,,ood_test
2334,002334.png,data/images/002334.png,128-QAM,8.37,low_mid,severe,6.0,mild,0.05,2.0,0,,ood_test
2335,002335.png,data/images/002335.png,128-QAM,6.79,low_mid,severe,6.0,severe,0.15,8.0,1,12.24,ood_test
2336,002336.png,data/images/002336.png,128-QAM,5.92,low_mid,severe,6.0,severe,0.15,8.0,0,,ood_test
2337,002337.png,data/images/002337.png,128-QAM,6.3,low_mid,severe,6.0,severe,0.15,8.0,0,,ood_test
2338,002338.png,data/images/002338.png,128-QAM,8.57,low_mid,severe,6.0,severe,0.15,8.0,1,6.25,ood_test
2339,002339.png,data/images/002339.png,128-QAM,6.91,low_mid,severe,6.0,severe,0.15,8.0,0,,ood_test
2340,002340.png,data/images/002340.png,128-QAM,10.1,mid,none,0.0,none,0.0,0.0,0,,train
2341,002341.png,data/images/002341.png,128-QAM,11.84,mid,none,0.0,none,0.0,0.0,0,,train
2342,002342.png,data/images/002342.png,128-QAM,14.01,mid,none,0.0,none,0.0,0.0,1,10.89,train
2343,002343.png,data/images/002343.png,128-QAM,14.98,mid,none,0.0,none,0.0,0.0,0,,train
2344,002344.png,data/images/002344.png,128-QAM,10.23,mid,none,0.0,none,0.0,0.0,0,,test
2345,002345.png,data/images/002345.png,128-QAM,14.71,mid,none,0.0,mild,0.05,2.0,1,8.79,train
2346,002346.png,data/images/002346.png,128-QAM,11.59,mid,none,0.0,mild,0.05,2.0,0,,train
2347,002347.png,data/images/002347.png,128-QAM,14.79,mid,none,0.0,mild,0.05,2.0,0,,train
2348,002348.png,data/images/002348.png,128-QAM,14.57,mid,none,0.0,mild,0.05,2.0,0,,test
2349,002349.png,data/images/002349.png,128-QAM,11.88,mid,none,0.0,mild,0.05,2.0,1,10.25,test
2350,002350.png,data/images/002350.png,128-QAM,11.64,mid,none,0.0,severe,0.15,8.0,0,,train
2351,002351.png,data/images/002351.png,128-QAM,11.97,mid,none,0.0,severe,0.15,8.0,0,,train
2352,002352.png,data/images/002352.png,128-QAM,11.43,mid,none,0.0,severe,0.15,8.0,0,,train
2353,002353.png,data/images/002353.png,128-QAM,10.08,mid,none,0.0,severe,0.15,8.0,1,13.48,train
2354,002354.png,data/images/002354.png,128-QAM,10.46,mid,none,0.0,severe,0.15,8.0,0,,train
2355,002355.png,data/images/002355.png,128-QAM,11.98,mid,mild,2.0,none,0.0,0.0,0,,train
2356,002356.png,data/images/002356.png,128-QAM,14.54,mid,mild,2.0,none,0.0,0.0,1,5.64,train
2357,002357.png,data/images/002357.png,128-QAM,14.45,mid,mild,2.0,none,0.0,0.0,0,,train
2358,002358.png,data/images/002358.png,128-QAM,11.81,mid,mild,2.0,none,0.0,0.0,0,,train
2359,002359.png,data/images/002359.png,128-QAM,12.8,mid,mild,2.0,none,0.0,0.0,1,10.19,train
2360,002360.png,data/images/002360.png,128-QAM,13.14,mid,mild,2.0,mild,0.05,2.0,1,11.16,train
2361,002361.png,data/images/002361.png,128-QAM,12.37,mid,mild,2.0,mild,0.05,2.0,0,,train
2362,002362.png,data/images/002362.png,128-QAM,10.67,mid,mild,2.0,mild,0.05,2.0,0,,train
2363,002363.png,data/images/002363.png,128-QAM,13.12,mid,mild,2.0,mild,0.05,2.0,1,9.46,train
2364,002364.png,data/images/002364.png,128-QAM,12.19,mid,mild,2.0,mild,0.05,2.0,0,,train
2365,002365.png,data/images/002365.png,128-QAM,14.62,mid,mild,2.0,severe,0.15,8.0,1,6.25,test
2366,002366.png,data/images/002366.png,128-QAM,11.15,mid,mild,2.0,severe,0.15,8.0,0,,test
2367,002367.png,data/images/002367.png,128-QAM,11.85,mid,mild,2.0,severe,0.15,8.0,0,,val
2368,002368.png,data/images/002368.png,128-QAM,13.74,mid,mild,2.0,severe,0.15,8.0,0,,val
2369,002369.png,data/images/002369.png,128-QAM,13.27,mid,mild,2.0,severe,0.15,8.0,0,,train
2370,002370.png,data/images/002370.png,128-QAM,13.61,mid,severe,6.0,none,0.0,0.0,0,,val
2371,002371.png,data/images/002371.png,128-QAM,11.5,mid,severe,6.0,none,0.0,0.0,0,,val
2372,002372.png,data/images/002372.png,128-QAM,14.63,mid,severe,6.0,none,0.0,0.0,0,,train
2373,002373.png,data/images/002373.png,128-QAM,12.41,mid,severe,6.0,none,0.0,0.0,0,,train
2374,002374.png,data/images/002374.png,128-QAM,11.85,mid,severe,6.0,none,0.0,0.0,0,,val
2375,002375.png,data/images/002375.png,128-QAM,13.26,mid,severe,6.0,mild,0.05,2.0,1,10.81,train
2376,002376.png,data/images/002376.png,128-QAM,13.43,mid,severe,6.0,mild,0.05,2.0,0,,val
2377,002377.png,data/images/002377.png,128-QAM,12.48,mid,severe,6.0,mild,0.05,2.0,0,,train
2378,002378.png,data/images/002378.png,128-QAM,14.63,mid,severe,6.0,mild,0.05,2.0,1,12.7,train
2379,002379.png,data/images/002379.png,128-QAM,13.78,mid,severe,6.0,mild,0.05,2.0,0,,train
2380,002380.png,data/images/002380.png,128-QAM,14.11,mid,severe,6.0,severe,0.15,8.0,0,,train
2381,002381.png,data/images/002381.png,128-QAM,10.05,mid,severe,6.0,severe,0.15,8.0,0,,test
2382,002382.png,data/images/002382.png,128-QAM,12.19,mid,severe,6.0,severe,0.15,8.0,0,,train
2383,002383.png,data/images/002383.png,128-QAM,10.63,mid,severe,6.0,severe,0.15,8.0,1,6.29,train
2384,002384.png,data/images/002384.png,128-QAM,13.23,mid,severe,6.0,severe,0.15,8.0,0,,train
2385,002385.png,data/images/002385.png,128-QAM,17.36,high_mid,none,0.0,none,0.0,0.0,0,,train
2386,002386.png,data/images/002386.png,128-QAM,19.81,high_mid,none,0.0,none,0.0,0.0,0,,train
2387,002387.png,data/images/002387.png,128-QAM,18.69,high_mid,none,0.0,none,0.0,0.0,0,,test
2388,002388.png,data/images/002388.png,128-QAM,18.22,high_mid,none,0.0,none,0.0,0.0,0,,train
2389,002389.png,data/images/002389.png,128-QAM,18.48,high_mid,none,0.0,none,0.0,0.0,0,,test
2390,002390.png,data/images/002390.png,128-QAM,15.27,high_mid,none,0.0,mild,0.05,2.0,1,9.96,train
2391,002391.png,data/images/002391.png,128-QAM,16.1,high_mid,none,0.0,mild,0.05,2.0,0,,train
2392,002392.png,data/images/002392.png,128-QAM,17.08,high_mid,none,0.0,mild,0.05,2.0,0,,val
2393,002393.png,data/images/002393.png,128-QAM,17.55,high_mid,none,0.0,mild,0.05,2.0,0,,train
2394,002394.png,data/images/002394.png,128-QAM,16.62,high_mid,none,0.0,mild,0.05,2.0,0,,train
2395,002395.png,data/images/002395.png,128-QAM,17.63,high_mid,none,0.0,severe,0.15,8.0,0,,test
2396,002396.png,data/images/002396.png,128-QAM,19.88,high_mid,none,0.0,severe,0.15,8.0,0,,train
2397,002397.png,data/images/002397.png,128-QAM,17.94,high_mid,none,0.0,severe,0.15,8.0,0,,train
2398,002398.png,data/images/002398.png,128-QAM,18.52,high_mid,none,0.0,severe,0.15,8.0,0,,test
2399,002399.png,data/images/002399.png,128-QAM,18.62,high_mid,none,0.0,severe,0.15,8.0,0,,test
2400,002400.png,data/images/002400.png,128-QAM,17.34,high_mid,mild,2.0,none,0.0,0.0,0,,train
2401,002401.png,data/images/002401.png,128-QAM,18.9,high_mid,mild,2.0,none,0.0,0.0,0,,train
2402,002402.png,data/images/002402.png,128-QAM,15.24,high_mid,mild,2.0,none,0.0,0.0,0,,train
2403,002403.png,data/images/002403.png,128-QAM,19.81,high_mid,mild,2.0,none,0.0,0.0,0,,train
2404,002404.png,data/images/002404.png,128-QAM,18.7,high_mid,mild,2.0,none,0.0,0.0,0,,train
2405,002405.png,data/images/002405.png,128-QAM,18.04,high_mid,mild,2.0,mild,0.05,2.0,0,,test
2406,002406.png,data/images/002406.png,128-QAM,18.93,high_mid,mild,2.0,mild,0.05,2.0,0,,val
2407,002407.png,data/images/002407.png,128-QAM,18.88,high_mid,mild,2.0,mild,0.05,2.0,0,,test
2408,002408.png,data/images/002408.png,128-QAM,19.83,high_mid,mild,2.0,mild,0.05,2.0,1,8.13,train
2409,002409.png,data/images/002409.png,128-QAM,15.95,high_mid,mild,2.0,mild,0.05,2.0,0,,train
2410,002410.png,data/images/002410.png,128-QAM,15.94,high_mid,mild,2.0,severe,0.15,8.0,0,,train
2411,002411.png,data/images/002411.png,128-QAM,18.18,high_mid,mild,2.0,severe,0.15,8.0,0,,train
2412,002412.png,data/images/002412.png,128-QAM,15.12,high_mid,mild,2.0,severe,0.15,8.0,0,,test
2413,002413.png,data/images/002413.png,128-QAM,15.48,high_mid,mild,2.0,severe,0.15,8.0,0,,test
2414,002414.png,data/images/002414.png,128-QAM,16.18,high_mid,mild,2.0,severe,0.15,8.0,0,,val
2415,002415.png,data/images/002415.png,128-QAM,16.04,high_mid,severe,6.0,none,0.0,0.0,0,,train
2416,002416.png,data/images/002416.png,128-QAM,17.35,high_mid,severe,6.0,none,0.0,0.0,1,7.93,train
2417,002417.png,data/images/002417.png,128-QAM,18.63,high_mid,severe,6.0,none,0.0,0.0,0,,train
2418,002418.png,data/images/002418.png,128-QAM,19.75,high_mid,severe,6.0,none,0.0,0.0,0,,train
2419,002419.png,data/images/002419.png,128-QAM,17.2,high_mid,severe,6.0,none,0.0,0.0,0,,train
2420,002420.png,data/images/002420.png,128-QAM,16.19,high_mid,severe,6.0,mild,0.05,2.0,0,,train
2421,002421.png,data/images/002421.png,128-QAM,18.17,high_mid,severe,6.0,mild,0.05,2.0,1,11.67,train
2422,002422.png,data/images/002422.png,128-QAM,15.29,high_mid,severe,6.0,mild,0.05,2.0,1,14.18,train
2423,002423.png,data/images/002423.png,128-QAM,16.62,high_mid,severe,6.0,mild,0.05,2.0,0,,train
2424,002424.png,data/images/002424.png,128-QAM,17.63,high_mid,severe,6.0,mild,0.05,2.0,0,,val
2425,002425.png,data/images/002425.png,128-QAM,15.92,high_mid,severe,6.0,severe,0.15,8.0,0,,test
2426,002426.png,data/images/002426.png,128-QAM,16.11,high_mid,severe,6.0,severe,0.15,8.0,0,,val
2427,002427.png,data/images/002427.png,128-QAM,15.37,high_mid,severe,6.0,severe,0.15,8.0,0,,train
2428,002428.png,data/images/002428.png,128-QAM,15.89,high_mid,severe,6.0,severe,0.15,8.0,0,,test
2429,002429.png,data/images/002429.png,128-QAM,18.1,high_mid,severe,6.0,severe,0.15,8.0,0,,train
2430,002430.png,data/images/002430.png,128-QAM,29.77,high,none,0.0,none,0.0,0.0,0,,train
2431,002431.png,data/images/002431.png,128-QAM,25.23,high,none,0.0,none,0.0,0.0,0,,train
2432,002432.png,data/images/002432.png,128-QAM,21.66,high,none,0.0,none,0.0,0.0,0,,test
2433,002433.png,data/images/002433.png,128-QAM,27.17,high,none,0.0,none,0.0,0.0,0,,test
2434,002434.png,data/images/002434.png,128-QAM,24.19,high,none,0.0,none,0.0,0.0,0,,train
2435,002435.png,data/images/002435.png,128-QAM,24.85,high,none,0.0,mild,0.05,2.0,0,,test
2436,002436.png,data/images/002436.png,128-QAM,26.53,high,none,0.0,mild,0.05,2.0,0,,test
2437,002437.png,data/images/002437.png,128-QAM,22.85,high,none,0.0,mild,0.05,2.0,0,,train
2438,002438.png,data/images/002438.png,128-QAM,26.39,high,none,0.0,mild,0.05,2.0,0,,train
2439,002439.png,data/images/002439.png,128-QAM,28.61,high,none,0.0,mild,0.05,2.0,0,,test
2440,002440.png,data/images/002440.png,128-QAM,29.89,high,none,0.0,severe,0.15,8.0,0,,train
2441,002441.png,data/images/002441.png,128-QAM,23.23,high,none,0.0,severe,0.15,8.0,0,,train
2442,002442.png,data/images/002442.png,128-QAM,23.85,high,none,0.0,severe,0.15,8.0,0,,train
2443,002443.png,data/images/002443.png,128-QAM,26.63,high,none,0.0,severe,0.15,8.0,1,14.99,train
2444,002444.png,data/images/002444.png,128-QAM,24.39,high,none,0.0,severe,0.15,8.0,0,,test
2445,002445.png,data/images/002445.png,128-QAM,20.94,high,mild,2.0,none,0.0,0.0,0,,train
2446,002446.png,data/images/002446.png,128-QAM,21.25,high,mild,2.0,none,0.0,0.0,0,,train
2447,002447.png,data/images/002447.png,128-QAM,25.14,high,mild,2.0,none,0.0,0.0,0,,val
2448,002448.png,data/images/002448.png,128-QAM,28.88,high,mild,2.0,none,0.0,0.0,0,,train
2449,002449.png,data/images/002449.png,128-QAM,28.97,high,mild,2.0,none,0.0,0.0,0,,train
2450,002450.png,data/images/002450.png,128-QAM,27.65,high,mild,2.0,mild,0.05,2.0,0,,train
2451,002451.png,data/images/002451.png,128-QAM,28.19,high,mild,2.0,mild,0.05,2.0,0,,val
2452,002452.png,data/images/002452.png,128-QAM,20.5,high,mild,2.0,mild,0.05,2.0,0,,train
2453,002453.png,data/images/002453.png,128-QAM,24.99,high,mild,2.0,mild,0.05,2.0,0,,train
2454,002454.png,data/images/002454.png,128-QAM,24.32,high,mild,2.0,mild,0.05,2.0,0,,test
2455,002455.png,data/images/002455.png,128-QAM,27.15,high,mild,2.0,severe,0.15,8.0,0,,train
2456,002456.png,data/images/002456.png,128-QAM,20.84,high,mild,2.0,severe,0.15,8.0,0,,train
2457,002457.png,data/images/002457.png,128-QAM,21.28,high,mild,2.0,severe,0.15,8.0,1,8.17,train
2458,002458.png,data/images/002458.png,128-QAM,27.28,high,mild,2.0,severe,0.15,8.0,0,,train
2459,002459.png,data/images/002459.png,128-QAM,28.43,high,mild,2.0,severe,0.15,8.0,0,,train
2460,002460.png,data/images/002460.png,128-QAM,25.46,high,severe,6.0,none,0.0,0.0,1,9.59,train
2461,002461.png,data/images/002461.png,128-QAM,29.51,high,severe,6.0,none,0.0,0.0,0,,train
2462,002462.png,data/images/002462.png,128-QAM,21.15,high,severe,6.0,none,0.0,0.0,0,,train
2463,002463.png,data/images/002463.png,128-QAM,24.14,high,severe,6.0,none,0.0,0.0,0,,train
2464,002464.png,data/images/002464.png,128-QAM,27.61,high,severe,6.0,none,0.0,0.0,0,,train
2465,002465.png,data/images/002465.png,128-QAM,27.86,high,severe,6.0,mild,0.05,2.0,0,,train
2466,002466.png,data/images/002466.png,128-QAM,22.76,high,severe,6.0,mild,0.05,2.0,0,,val
2467,002467.png,data/images/002467.png,128-QAM,26.22,high,severe,6.0,mild,0.05,2.0,0,,train
2468,002468.png,data/images/002468.png,128-QAM,29.44,high,severe,6.0,mild,0.05,2.0,0,,train
2469,002469.png,data/images/002469.png,128-QAM,22.88,high,severe,6.0,mild,0.05,2.0,0,,val
2470,002470.png,data/images/002470.png,128-QAM,20.47,high,severe,6.0,severe,0.15,8.0,1,12.42,val
2471,002471.png,data/images/002471.png,128-QAM,21.85,high,severe,6.0,severe,0.15,8.0,0,,train
2472,002472.png,data/images/002472.png,128-QAM,23.94,high,severe,6.0,severe,0.15,8.0,1,9.86,val
2473,002473.png,data/images/002473.png,128-QAM,26.7,high,severe,6.0,severe,0.15,8.0,0,,train
2474,002474.png,data/images/002474.png,128-QAM,22.64,high,severe,6.0,severe,0.15,8.0,0,,train
2475,002475.png,data/images/002475.png,256-QAM,1.12,low,none,0.0,none,0.0,0.0,0,,test
2476,002476.png,data/images/002476.png,256-QAM,4.27,low,none,0.0,none,0.0,0.0,1,12.66,train
2477,002477.png,data/images/002477.png,256-QAM,2.47,low,none,0.0,none,0.0,0.0,0,,train
2478,002478.png,data/images/002478.png,256-QAM,0.88,low,none,0.0,none,0.0,0.0,1,7.07,val
2479,002479.png,data/images/002479.png,256-QAM,3.0,low,none,0.0,none,0.0,0.0,0,,test
2480,002480.png,data/images/002480.png,256-QAM,1.7,low,none,0.0,mild,0.05,2.0,1,5.51,train
2481,002481.png,data/images/002481.png,256-QAM,2.46,low,none,0.0,mild,0.05,2.0,0,,train
2482,002482.png,data/images/002482.png,256-QAM,2.66,low,none,0.0,mild,0.05,2.0,0,,train
2483,002483.png,data/images/002483.png,256-QAM,4.27,low,none,0.0,mild,0.05,2.0,0,,val
2484,002484.png,data/images/002484.png,256-QAM,2.27,low,none,0.0,mild,0.05,2.0,0,,train
2485,002485.png,data/images/002485.png,256-QAM,3.21,low,none,0.0,severe,0.15,8.0,0,,train
2486,002486.png,data/images/002486.png,256-QAM,0.97,low,none,0.0,severe,0.15,8.0,1,7.2,train
2487,002487.png,data/images/002487.png,256-QAM,0.57,low,none,0.0,severe,0.15,8.0,1,11.44,val
2488,002488.png,data/images/002488.png,256-QAM,3.65,low,none,0.0,severe,0.15,8.0,0,,train
2489,002489.png,data/images/002489.png,256-QAM,3.48,low,none,0.0,severe,0.15,8.0,0,,train
2490,002490.png,data/images/002490.png,256-QAM,0.16,low,mild,2.0,none,0.0,0.0,0,,train
2491,002491.png,data/images/002491.png,256-QAM,1.58,low,mild,2.0,none,0.0,0.0,0,,train
2492,002492.png,data/images/002492.png,256-QAM,2.37,low,mild,2.0,none,0.0,0.0,0,,train
2493,002493.png,data/images/002493.png,256-QAM,0.07,low,mild,2.0,none,0.0,0.0,1,12.9,train
2494,002494.png,data/images/002494.png,256-QAM,4.05,low,mild,2.0,none,0.0,0.0,0,,val
2495,002495.png,data/images/002495.png,256-QAM,2.18,low,mild,2.0,mild,0.05,2.0,0,,train
2496,002496.png,data/images/002496.png,256-QAM,0.33,low,mild,2.0,mild,0.05,2.0,0,,train
2497,002497.png,data/images/002497.png,256-QAM,0.61,low,mild,2.0,mild,0.05,2.0,0,,test
2498,002498.png,data/images/002498.png,256-QAM,3.64,low,mild,2.0,mild,0.05,2.0,0,,train
2499,002499.png,data/images/002499.png,256-QAM,1.67,low,mild,2.0,mild,0.05,2.0,1,14.75,train
2500,002500.png,data/images/002500.png,256-QAM,3.58,low,mild,2.0,severe,0.15,8.0,1,7.37,train
2501,002501.png,data/images/002501.png,256-QAM,1.66,low,mild,2.0,severe,0.15,8.0,0,,train
2502,002502.png,data/images/002502.png,256-QAM,3.85,low,mild,2.0,severe,0.15,8.0,1,12.31,train
2503,002503.png,data/images/002503.png,256-QAM,2.32,low,mild,2.0,severe,0.15,8.0,0,,train
2504,002504.png,data/images/002504.png,256-QAM,4.75,low,mild,2.0,severe,0.15,8.0,0,,train
2505,002505.png,data/images/002505.png,256-QAM,2.5,low,severe,6.0,none,0.0,0.0,0,,val
2506,002506.png,data/images/002506.png,256-QAM,1.47,low,severe,6.0,none,0.0,0.0,0,,train
2507,002507.png,data/images/002507.png,256-QAM,1.82,low,severe,6.0,none,0.0,0.0,1,14.99,train
2508,002508.png,data/images/002508.png,256-QAM,3.97,low,severe,6.0,none,0.0,0.0,0,,train
2509,002509.png,data/images/002509.png,256-QAM,3.87,low,severe,6.0,none,0.0,0.0,1,12.15,train
2510,002510.png,data/images/002510.png,256-QAM,2.3,low,severe,6.0,mild,0.05,2.0,0,,train
2511,002511.png,data/images/002511.png,256-QAM,3.92,low,severe,6.0,mild,0.05,2.0,0,,train
2512,002512.png,data/images/002512.png,256-QAM,4.69,low,severe,6.0,mild,0.05,2.0,1,5.09,train
2513,002513.png,data/images/002513.png,256-QAM,0.17,low,severe,6.0,mild,0.05,2.0,1,12.88,test
2514,002514.png,data/images/002514.png,256-QAM,0.99,low,severe,6.0,mild,0.05,2.0,1,14.97,val
2515,002515.png,data/images/002515.png,256-QAM,0.91,low,severe,6.0,severe,0.15,8.0,0,,train
2516,002516.png,data/images/002516.png,256-QAM,2.0,low,severe,6.0,severe,0.15,8.0,0,,train
2517,002517.png,data/images/002517.png,256-QAM,2.3,low,severe,6.0,severe,0.15,8.0,1,12.35,train
2518,002518.png,data/images/002518.png,256-QAM,3.75,low,severe,6.0,severe,0.15,8.0,0,,train
2519,002519.png,data/images/002519.png,256-QAM,2.11,low,severe,6.0,severe,0.15,8.0,0,,train
2520,002520.png,data/images/002520.png,256-QAM,7.65,low_mid,none,0.0,none,0.0,0.0,0,,ood_test
2521,002521.png,data/images/002521.png,256-QAM,5.9,low_mid,none,0.0,none,0.0,0.0,0,,ood_test
2522,002522.png,data/images/002522.png,256-QAM,5.77,low_mid,none,0.0,none,0.0,0.0,1,11.99,ood_test
2523,002523.png,data/images/002523.png,256-QAM,6.8,low_mid,none,0.0,none,0.0,0.0,0,,ood_test
2524,002524.png,data/images/002524.png,256-QAM,6.75,low_mid,none,0.0,none,0.0,0.0,1,13.58,ood_test
2525,002525.png,data/images/002525.png,256-QAM,7.75,low_mid,none,0.0,mild,0.05,2.0,0,,ood_test
2526,002526.png,data/images/002526.png,256-QAM,8.59,low_mid,none,0.0,mild,0.05,2.0,0,,ood_test
2527,002527.png,data/images/002527.png,256-QAM,6.51,low_mid,none,0.0,mild,0.05,2.0,0,,ood_test
2528,002528.png,data/images/002528.png,256-QAM,9.16,low_mid,none,0.0,mild,0.05,2.0,0,,ood_test
2529,002529.png,data/images/002529.png,256-QAM,9.23,low_mid,none,0.0,mild,0.05,2.0,1,10.96,ood_test
2530,002530.png,data/images/002530.png,256-QAM,5.9,low_mid,none,0.0,severe,0.15,8.0,0,,ood_test
2531,002531.png,data/images/002531.png,256-QAM,5.03,low_mid,none,0.0,severe,0.15,8.0,0,,ood_test
2532,002532.png,data/images/002532.png,256-QAM,9.08,low_mid,none,0.0,severe,0.15,8.0,1,12.07,ood_test
2533,002533.png,data/images/002533.png,256-QAM,8.14,low_mid,none,0.0,severe,0.15,8.0,0,,ood_test
2534,002534.png,data/images/002534.png,256-QAM,9.1,low_mid,none,0.0,severe,0.15,8.0,0,,ood_test
2535,002535.png,data/images/002535.png,256-QAM,7.59,low_mid,mild,2.0,none,0.0,0.0,0,,ood_test
2536,002536.png,data/images/002536.png,256-QAM,6.58,low_mid,mild,2.0,none,0.0,0.0,0,,ood_test
2537,002537.png,data/images/002537.png,256-QAM,9.99,low_mid,mild,2.0,none,0.0,0.0,0,,ood_test
2538,002538.png,data/images/002538.png,256-QAM,6.32,low_mid,mild,2.0,none,0.0,0.0,0,,ood_test
2539,002539.png,data/images/002539.png,256-QAM,9.22,low_mid,mild,2.0,none,0.0,0.0,0,,ood_test
2540,002540.png,data/images/002540.png,256-QAM,6.62,low_mid,mild,2.0,mild,0.05,2.0,1,6.91,ood_test
2541,002541.png,data/images/002541.png,256-QAM,5.11,low_mid,mild,2.0,mild,0.05,2.0,0,,ood_test
2542,002542.png,data/images/002542.png,256-QAM,9.85,low_mid,mild,2.0,mild,0.05,2.0,0,,ood_test
2543,002543.png,data/images/002543.png,256-QAM,6.8,low_mid,mild,2.0,mild,0.05,2.0,0,,ood_test
2544,002544.png,data/images/002544.png,256-QAM,5.04,low_mid,mild,2.0,mild,0.05,2.0,1,10.17,ood_test
2545,002545.png,data/images/002545.png,256-QAM,9.86,low_mid,mild,2.0,severe,0.15,8.0,1,5.51,ood_test
2546,002546.png,data/images/002546.png,256-QAM,9.22,low_mid,mild,2.0,severe,0.15,8.0,1,7.37,ood_test
2547,002547.png,data/images/002547.png,256-QAM,9.72,low_mid,mild,2.0,severe,0.15,8.0,0,,ood_test
2548,002548.png,data/images/002548.png,256-QAM,6.82,low_mid,mild,2.0,severe,0.15,8.0,0,,ood_test
2549,002549.png,data/images/002549.png,256-QAM,5.15,low_mid,mild,2.0,severe,0.15,8.0,0,,ood_test
2550,002550.png,data/images/002550.png,256-QAM,8.72,low_mid,severe,6.0,none,0.0,0.0,0,,ood_test
2551,002551.png,data/images/002551.png,256-QAM,5.92,low_mid,severe,6.0,none,0.0,0.0,1,10.49,ood_test
2552,002552.png,data/images/002552.png,256-QAM,8.85,low_mid,severe,6.0,none,0.0,0.0,0,,ood_test
2553,002553.png,data/images/002553.png,256-QAM,8.79,low_mid,severe,6.0,none,0.0,0.0,0,,ood_test
2554,002554.png,data/images/002554.png,256-QAM,8.32,low_mid,severe,6.0,none,0.0,0.0,0,,ood_test
2555,002555.png,data/images/002555.png,256-QAM,6.43,low_mid,severe,6.0,mild,0.05,2.0,0,,ood_test
2556,002556.png,data/images/002556.png,256-QAM,6.62,low_mid,severe,6.0,mild,0.05,2.0,0,,ood_test
2557,002557.png,data/images/002557.png,256-QAM,8.91,low_mid,severe,6.0,mild,0.05,2.0,1,13.22,ood_test
2558,002558.png,data/images/002558.png,256-QAM,8.02,low_mid,severe,6.0,mild,0.05,2.0,1,6.74,ood_test
2559,002559.png,data/images/002559.png,256-QAM,9.29,low_mid,severe,6.0,mild,0.05,2.0,0,,ood_test
2560,002560.png,data/images/002560.png,256-QAM,7.09,low_mid,severe,6.0,severe,0.15,8.0,0,,ood_test
2561,002561.png,data/images/002561.png,256-QAM,5.51,low_mid,severe,6.0,severe,0.15,8.0,0,,ood_test
2562,002562.png,data/images/002562.png,256-QAM,8.48,low_mid,severe,6.0,severe,0.15,8.0,0,,ood_test
2563,002563.png,data/images/002563.png,256-QAM,5.98,low_mid,severe,6.0,severe,0.15,8.0,0,,ood_test
2564,002564.png,data/images/002564.png,256-QAM,5.2,low_mid,severe,6.0,severe,0.15,8.0,0,,ood_test
2565,002565.png,data/images/002565.png,256-QAM,14.54,mid,none,0.0,none,0.0,0.0,0,,train
2566,002566.png,data/images/002566.png,256-QAM,11.6,mid,none,0.0,none,0.0,0.0,0,,train
2567,002567.png,data/images/002567.png,256-QAM,14.18,mid,none,0.0,none,0.0,0.0,0,,val
2568,002568.png,data/images/002568.png,256-QAM,12.16,mid,none,0.0,none,0.0,0.0,0,,test
2569,002569.png,data/images/002569.png,256-QAM,13.9,mid,none,0.0,none,0.0,0.0,0,,val
2570,002570.png,data/images/002570.png,256-QAM,14.59,mid,none,0.0,mild,0.05,2.0,1,5.67,train
2571,002571.png,data/images/002571.png,256-QAM,14.92,mid,none,0.0,mild,0.05,2.0,0,,test
2572,002572.png,data/images/002572.png,256-QAM,12.39,mid,none,0.0,mild,0.05,2.0,0,,train
2573,002573.png,data/images/002573.png,256-QAM,13.41,mid,none,0.0,mild,0.05,2.0,0,,train
2574,002574.png,data/images/002574.png,256-QAM,11.32,mid,none,0.0,mild,0.05,2.0,0,,train
2575,002575.png,data/images/002575.png,256-QAM,10.98,mid,none,0.0,severe,0.15,8.0,1,8.19,train
2576,002576.png,data/images/002576.png,256-QAM,13.21,mid,none,0.0,severe,0.15,8.0,0,,train
2577,002577.png,data/images/002577.png,256-QAM,14.94,mid,none,0.0,severe,0.15,8.0,0,,train
2578,002578.png,data/images/002578.png,256-QAM,13.3,mid,none,0.0,severe,0.15,8.0,0,,val
2579,002579.png,data/images/002579.png,256-QAM,13.52,mid,none,0.0,severe,0.15,8.0,0,,val
2580,002580.png,data/images/002580.png,256-QAM,11.62,mid,mild,2.0,none,0.0,0.0,0,,train
2581,002581.png,data/images/002581.png,256-QAM,13.28,mid,mild,2.0,none,0.0,0.0,1,8.1,train
2582,002582.png,data/images/002582.png,256-QAM,14.84,mid,mild,2.0,none,0.0,0.0,1,12.55,train
2583,002583.png,data/images/002583.png,256-QAM,10.67,mid,mild,2.0,none,0.0,0.0,0,,train
2584,002584.png,data/images/002584.png,256-QAM,11.44,mid,mild,2.0,none,0.0,0.0,0,,train
2585,002585.png,data/images/002585.png,256-QAM,13.08,mid,mild,2.0,mild,0.05,2.0,0,,train
2586,002586.png,data/images/002586.png,256-QAM,10.38,mid,mild,2.0,mild,0.05,2.0,0,,train
2587,002587.png,data/images/002587.png,256-QAM,10.23,mid,mild,2.0,mild,0.05,2.0,0,,train
2588,002588.png,data/images/002588.png,256-QAM,14.05,mid,mild,2.0,mild,0.05,2.0,0,,val
2589,002589.png,data/images/002589.png,256-QAM,14.63,mid,mild,2.0,mild,0.05,2.0,1,11.76,train
2590,002590.png,data/images/002590.png,256-QAM,14.63,mid,mild,2.0,severe,0.15,8.0,0,,train
2591,002591.png,data/images/002591.png,256-QAM,10.83,mid,mild,2.0,severe,0.15,8.0,0,,train
2592,002592.png,data/images/002592.png,256-QAM,13.96,mid,mild,2.0,severe,0.15,8.0,0,,val
2593,002593.png,data/images/002593.png,256-QAM,14.1,mid,mild,2.0,severe,0.15,8.0,0,,train
2594,002594.png,data/images/002594.png,256-QAM,11.58,mid,mild,2.0,severe,0.15,8.0,0,,train
2595,002595.png,data/images/002595.png,256-QAM,10.14,mid,severe,6.0,none,0.0,0.0,1,8.32,train
2596,002596.png,data/images/002596.png,256-QAM,12.98,mid,severe,6.0,none,0.0,0.0,1,8.71,train
2597,002597.png,data/images/002597.png,256-QAM,11.29,mid,severe,6.0,none,0.0,0.0,0,,train
2598,002598.png,data/images/002598.png,256-QAM,12.23,mid,severe,6.0,none,0.0,0.0,0,,train
2599,002599.png,data/images/002599.png,256-QAM,11.56,mid,severe,6.0,none,0.0,0.0,0,,train
2600,002600.png,data/images/002600.png,256-QAM,11.68,mid,severe,6.0,mild,0.05,2.0,0,,test
2601,002601.png,data/images/002601.png,256-QAM,11.54,mid,severe,6.0,mild,0.05,2.0,0,,train
2602,002602.png,data/images/002602.png,256-QAM,13.16,mid,severe,6.0,mild,0.05,2.0,1,8.67,train
2603,002603.png,data/images/002603.png,256-QAM,13.72,mid,severe,6.0,mild,0.05,2.0,0,,train
2604,002604.png,data/images/002604.png,256-QAM,12.6,mid,severe,6.0,mild,0.05,2.0,0,,test
2605,002605.png,data/images/002605.png,256-QAM,10.82,mid,severe,6.0,severe,0.15,8.0,0,,train
2606,002606.png,data/images/002606.png,256-QAM,14.68,mid,severe,6.0,severe,0.15,8.0,1,14.19,test
2607,002607.png,data/images/002607.png,256-QAM,13.78,mid,severe,6.0,severe,0.15,8.0,0,,train
2608,002608.png,data/images/002608.png,256-QAM,12.1,mid,severe,6.0,severe,0.15,8.0,0,,train
2609,002609.png,data/images/002609.png,256-QAM,10.63,mid,severe,6.0,severe,0.15,8.0,0,,test
2610,002610.png,data/images/002610.png,256-QAM,16.58,high_mid,none,0.0,none,0.0,0.0,0,,train
2611,002611.png,data/images/002611.png,256-QAM,17.49,high_mid,none,0.0,none,0.0,0.0,0,,train
2612,002612.png,data/images/002612.png,256-QAM,19.49,high_mid,none,0.0,none,0.0,0.0,1,13.52,test
2613,002613.png,data/images/002613.png,256-QAM,15.01,high_mid,none,0.0,none,0.0,0.0,0,,val
2614,002614.png,data/images/002614.png,256-QAM,16.27,high_mid,none,0.0,none,0.0,0.0,0,,train
2615,002615.png,data/images/002615.png,256-QAM,18.34,high_mid,none,0.0,mild,0.05,2.0,0,,train
2616,002616.png,data/images/002616.png,256-QAM,16.02,high_mid,none,0.0,mild,0.05,2.0,0,,train
2617,002617.png,data/images/002617.png,256-QAM,17.82,high_mid,none,0.0,mild,0.05,2.0,1,7.68,train
2618,002618.png,data/images/002618.png,256-QAM,16.87,high_mid,none,0.0,mild,0.05,2.0,0,,test
2619,002619.png,data/images/002619.png,256-QAM,18.46,high_mid,none,0.0,mild,0.05,2.0,0,,train
2620,002620.png,data/images/002620.png,256-QAM,18.13,high_mid,none,0.0,severe,0.15,8.0,0,,train
2621,002621.png,data/images/002621.png,256-QAM,16.37,high_mid,none,0.0,severe,0.15,8.0,0,,train
2622,002622.png,data/images/002622.png,256-QAM,19.3,high_mid,none,0.0,severe,0.15,8.0,0,,train
2623,002623.png,data/images/002623.png,256-QAM,15.74,high_mid,none,0.0,severe,0.15,8.0,0,,train
2624,002624.png,data/images/002624.png,256-QAM,17.45,high_mid,none,0.0,severe,0.15,8.0,0,,train
2625,002625.png,data/images/002625.png,256-QAM,17.95,high_mid,mild,2.0,none,0.0,0.0,0,,val
2626,002626.png,data/images/002626.png,256-QAM,16.64,high_mid,mild,2.0,none,0.0,0.0,1,13.28,train
2627,002627.png,data/images/002627.png,256-QAM,19.87,high_mid,mild,2.0,none,0.0,0.0,0,,test
2628,002628.png,data/images/002628.png,256-QAM,16.91,high_mid,mild,2.0,none,0.0,0.0,0,,train
2629,002629.png,data/images/002629.png,256-QAM,18.46,high_mid,mild,2.0,none,0.0,0.0,1,6.96,val
2630,002630.png,data/images/002630.png,256-QAM,17.08,high_mid,mild,2.0,mild,0.05,2.0,0,,train
2631,002631.png,data/images/002631.png,256-QAM,18.28,high_mid,mild,2.0,mild,0.05,2.0,1,9.98,train
2632,002632.png,data/images/002632.png,256-QAM,19.37,high_mid,mild,2.0,mild,0.05,2.0,1,9.41,train
2633,002633.png,data/images/002633.png,256-QAM,15.81,high_mid,mild,2.0,mild,0.05,2.0,0,,train
2634,002634.png,data/images/002634.png,256-QAM,18.51,high_mid,mild,2.0,mild,0.05,2.0,0,,train
2635,002635.png,data/images/002635.png,256-QAM,15.52,high_mid,mild,2.0,severe,0.15,8.0,0,,train
2636,002636.png,data/images/002636.png,256-QAM,17.39,high_mid,mild,2.0,severe,0.15,8.0,0,,train
2637,002637.png,data/images/002637.png,256-QAM,18.23,high_mid,mild,2.0,severe,0.15,8.0,1,6.24,val
2638,002638.png,data/images/002638.png,256-QAM,17.14,high_mid,mild,2.0,severe,0.15,8.0,0,,train
2639,002639.png,data/images/002639.png,256-QAM,16.58,high_mid,mild,2.0,severe,0.15,8.0,0,,test
2640,002640.png,data/images/002640.png,256-QAM,15.71,high_mid,severe,6.0,none,0.0,0.0,0,,train
2641,002641.png,data/images/002641.png,256-QAM,16.0,high_mid,severe,6.0,none,0.0,0.0,0,,test
2642,002642.png,data/images/002642.png,256-QAM,17.55,high_mid,severe,6.0,none,0.0,0.0,0,,val
2643,002643.png,data/images/002643.png,256-QAM,17.89,high_mid,severe,6.0,none,0.0,0.0,0,,train
2644,002644.png,data/images/002644.png,256-QAM,17.98,high_mid,severe,6.0,none,0.0,0.0,0,,train
2645,002645.png,data/images/002645.png,256-QAM,16.79,high_mid,severe,6.0,mild,0.05,2.0,0,,train
2646,002646.png,data/images/002646.png,256-QAM,17.71,high_mid,severe,6.0,mild,0.05,2.0,0,,test
2647,002647.png,data/images/002647.png,256-QAM,15.95,high_mid,severe,6.0,mild,0.05,2.0,1,11.27,train
2648,002648.png,data/images/002648.png,256-QAM,17.14,high_mid,severe,6.0,mild,0.05,2.0,0,,test
2649,002649.png,data/images/002649.png,256-QAM,18.65,high_mid,severe,6.0,mild,0.05,2.0,1,14.43,val
2650,002650.png,data/images/002650.png,256-QAM,19.86,high_mid,severe,6.0,severe,0.15,8.0,0,,test
2651,002651.png,data/images/002651.png,256-QAM,16.21,high_mid,severe,6.0,severe,0.15,8.0,1,11.47,train
2652,002652.png,data/images/002652.png,256-QAM,17.19,high_mid,severe,6.0,severe,0.15,8.0,0,,val
2653,002653.png,data/images/002653.png,256-QAM,19.31,high_mid,severe,6.0,severe,0.15,8.0,0,,train
2654,002654.png,data/images/002654.png,256-QAM,19.39,high_mid,severe,6.0,severe,0.15,8.0,0,,val
2655,002655.png,data/images/002655.png,256-QAM,28.58,high,none,0.0,none,0.0,0.0,1,7.5,train
2656,002656.png,data/images/002656.png,256-QAM,22.32,high,none,0.0,none,0.0,0.0,0,,train
2657,002657.png,data/images/002657.png,256-QAM,23.3,high,none,0.0,none,0.0,0.0,1,9.2,train
2658,002658.png,data/images/002658.png,256-QAM,24.55,high,none,0.0,none,0.0,0.0,0,,train
2659,002659.png,data/images/002659.png,256-QAM,27.93,high,none,0.0,none,0.0,0.0,0,,train
2660,002660.png,data/images/002660.png,256-QAM,21.22,high,none,0.0,mild,0.05,2.0,0,,val
2661,002661.png,data/images/002661.png,256-QAM,20.8,high,none,0.0,mild,0.05,2.0,1,13.68,test
2662,002662.png,data/images/002662.png,256-QAM,20.27,high,none,0.0,mild,0.05,2.0,1,11.59,train
2663,002663.png,data/images/002663.png,256-QAM,28.86,high,none,0.0,mild,0.05,2.0,0,,train
2664,002664.png,data/images/002664.png,256-QAM,21.92,high,none,0.0,mild,0.05,2.0,0,,train
2665,002665.png,data/images/002665.png,256-QAM,21.57,high,none,0.0,severe,0.15,8.0,1,11.58,train
2666,002666.png,data/images/002666.png,256-QAM,28.95,high,none,0.0,severe,0.15,8.0,0,,train
2667,002667.png,data/images/002667.png,256-QAM,24.07,high,none,0.0,severe,0.15,8.0,0,,val
2668,002668.png,data/images/002668.png,256-QAM,21.67,high,none,0.0,severe,0.15,8.0,1,5.43,train
2669,002669.png,data/images/002669.png,256-QAM,20.07,high,none,0.0,severe,0.15,8.0,1,7.84,train
2670,002670.png,data/images/002670.png,256-QAM,20.63,high,mild,2.0,none,0.0,0.0,0,,val
2671,002671.png,data/images/002671.png,256-QAM,28.4,high,mild,2.0,none,0.0,0.0,0,,val
2672,002672.png,data/images/002672.png,256-QAM,28.68,high,mild,2.0,none,0.0,0.0,0,,train
2673,002673.png,data/images/002673.png,256-QAM,22.12,high,mild,2.0,none,0.0,0.0,0,,train
2674,002674.png,data/images/002674.png,256-QAM,22.33,high,mild,2.0,none,0.0,0.0,0,,val
2675,002675.png,data/images/002675.png,256-QAM,26.53,high,mild,2.0,mild,0.05,2.0,1,8.5,train
2676,002676.png,data/images/002676.png,256-QAM,22.35,high,mild,2.0,mild,0.05,2.0,1,5.75,val
2677,002677.png,data/images/002677.png,256-QAM,20.58,high,mild,2.0,mild,0.05,2.0,0,,train
2678,002678.png,data/images/002678.png,256-QAM,29.65,high,mild,2.0,mild,0.05,2.0,0,,train
2679,002679.png,data/images/002679.png,256-QAM,26.07,high,mild,2.0,mild,0.05,2.0,1,5.23,train
2680,002680.png,data/images/002680.png,256-QAM,24.44,high,mild,2.0,severe,0.15,8.0,0,,train
2681,002681.png,data/images/002681.png,256-QAM,20.41,high,mild,2.0,severe,0.15,8.0,1,8.57,train
2682,002682.png,data/images/002682.png,256-QAM,28.3,high,mild,2.0,severe,0.15,8.0,0,,train
2683,002683.png,data/images/002683.png,256-QAM,24.99,high,mild,2.0,severe,0.15,8.0,0,,train
2684,002684.png,data/images/002684.png,256-QAM,20.65,high,mild,2.0,severe,0.15,8.0,1,11.3,train
2685,002685.png,data/images/002685.png,256-QAM,27.11,high,severe,6.0,none,0.0,0.0,0,,train
2686,002686.png,data/images/002686.png,256-QAM,29.74,high,severe,6.0,none,0.0,0.0,0,,train
2687,002687.png,data/images/002687.png,256-QAM,25.61,high,severe,6.0,none,0.0,0.0,0,,train
2688,002688.png,data/images/002688.png,256-QAM,26.33,high,severe,6.0,none,0.0,0.0,0,,train
2689,002689.png,data/images/002689.png,256-QAM,25.61,high,severe,6.0,none,0.0,0.0,1,6.33,train
2690,002690.png,data/images/002690.png,256-QAM,25.59,high,severe,6.0,mild,0.05,2.0,0,,train
2691,002691.png,data/images/002691.png,256-QAM,23.57,high,severe,6.0,mild,0.05,2.0,0,,train
2692,002692.png,data/images/002692.png,256-QAM,26.54,high,severe,6.0,mild,0.05,2.0,0,,train
2693,002693.png,data/images/002693.png,256-QAM,25.23,high,severe,6.0,mild,0.05,2.0,0,,train
2694,002694.png,data/images/002694.png,256-QAM,25.71,high,severe,6.0,mild,0.05,2.0,0,,train
2695,002695.png,data/images/002695.png,256-QAM,22.94,high,severe,6.0,severe,0.15,8.0,0,,train
2696,002696.png,data/images/002696.png,256-QAM,22.46,high,severe,6.0,severe,0.15,8.0,0,,train
2697,002697.png,data/images/002697.png,256-QAM,26.9,high,severe,6.0,severe,0.15,8.0,0,,val
2698,002698.png,data/images/002698.png,256-QAM,25.93,high,severe,6.0,severe,0.15,8.0,0,,train
2699,002699.png,data/images/002699.png,256-QAM,20.69,high,severe,6.0,severe,0.15,8.0,0,,train
2700,002700.png,data/images/002700.png,16-APSK,4.83,low,none,0.0,none,0.0,0.0,1,13.02,train
2701,002701.png,data/images/002701.png,16-APSK,4.16,low,none,0.0,none,0.0,0.0,0,,train
2702,002702.png,data/images/002702.png,16-APSK,3.7,low,none,0.0,none,0.0,0.0,0,,train
2703,002703.png,data/images/002703.png,16-APSK,1.8,low,none,0.0,none,0.0,0.0,0,,val
2704,002704.png,data/images/002704.png,16-APSK,4.38,low,none,0.0,none,0.0,0.0,0,,train
2705,002705.png,data/images/002705.png,16-APSK,4.9,low,none,0.0,mild,0.05,2.0,1,8.28,train
2706,002706.png,data/images/002706.png,16-APSK,2.66,low,none,0.0,mild,0.05,2.0,1,13.24,test
2707,002707.png,data/images/002707.png,16-APSK,3.6,low,none,0.0,mild,0.05,2.0,0,,train
2708,002708.png,data/images/002708.png,16-APSK,4.93,low,none,0.0,mild,0.05,2.0,1,5.36,train
2709,002709.png,data/images/002709.png,16-APSK,2.14,low,none,0.0,mild,0.05,2.0,0,,train
2710,002710.png,data/images/002710.png,16-APSK,2.64,low,none,0.0,severe,0.15,8.0,0,,train
2711,002711.png,data/images/002711.png,16-APSK,2.63,low,none,0.0,severe,0.15,8.0,0,,train
2712,002712.png,data/images/002712.png,16-APSK,2.71,low,none,0.0,severe,0.15,8.0,0,,val
2713,002713.png,data/images/002713.png,16-APSK,1.82,low,none,0.0,severe,0.15,8.0,0,,train
2714,002714.png,data/images/002714.png,16-APSK,4.48,low,none,0.0,severe,0.15,8.0,0,,train
2715,002715.png,data/images/002715.png,16-APSK,0.85,low,mild,2.0,none,0.0,0.0,0,,train
2716,002716.png,data/images/002716.png,16-APSK,1.36,low,mild,2.0,none,0.0,0.0,1,6.14,train
2717,002717.png,data/images/002717.png,16-APSK,2.57,low,mild,2.0,none,0.0,0.0,0,,test
2718,002718.png,data/images/002718.png,16-APSK,0.89,low,mild,2.0,none,0.0,0.0,1,10.65,train
2719,002719.png,data/images/002719.png,16-APSK,3.7,low,mild,2.0,none,0.0,0.0,1,11.55,train
2720,002720.png,data/images/002720.png,16-APSK,3.41,low,mild,2.0,mild,0.05,2.0,1,10.16,test
2721,002721.png,data/images/002721.png,16-APSK,0.99,low,mild,2.0,mild,0.05,2.0,0,,train
2722,002722.png,data/images/002722.png,16-APSK,4.99,low,mild,2.0,mild,0.05,2.0,1,6.38,test
2723,002723.png,data/images/002723.png,16-APSK,2.01,low,mild,2.0,mild,0.05,2.0,0,,test
2724,002724.png,data/images/002724.png,16-APSK,4.16,low,mild,2.0,mild,0.05,2.0,1,5.56,train
2725,002725.png,data/images/002725.png,16-APSK,1.88,low,mild,2.0,severe,0.15,8.0,0,,train
2726,002726.png,data/images/002726.png,16-APSK,0.76,low,mild,2.0,severe,0.15,8.0,0,,train
2727,002727.png,data/images/002727.png,16-APSK,0.08,low,mild,2.0,severe,0.15,8.0,0,,train
2728,002728.png,data/images/002728.png,16-APSK,2.69,low,mild,2.0,severe,0.15,8.0,0,,train
2729,002729.png,data/images/002729.png,16-APSK,0.19,low,mild,2.0,severe,0.15,8.0,0,,train
2730,002730.png,data/images/002730.png,16-APSK,0.12,low,severe,6.0,none,0.0,0.0,0,,train
2731,002731.png,data/images/002731.png,16-APSK,1.57,low,severe,6.0,none,0.0,0.0,0,,test
2732,002732.png,data/images/002732.png,16-APSK,3.29,low,severe,6.0,none,0.0,0.0,1,11.05,train
2733,002733.png,data/images/002733.png,16-APSK,1.85,low,severe,6.0,none,0.0,0.0,0,,train
2734,002734.png,data/images/002734.png,16-APSK,0.32,low,severe,6.0,none,0.0,0.0,0,,train
2735,002735.png,data/images/002735.png,16-APSK,4.69,low,severe,6.0,mild,0.05,2.0,0,,train
2736,002736.png,data/images/002736.png,16-APSK,1.0,low,severe,6.0,mild,0.05,2.0,1,9.73,train
2737,002737.png,data/images/002737.png,16-APSK,4.53,low,severe,6.0,mild,0.05,2.0,0,,train
2738,002738.png,data/images/002738.png,16-APSK,2.63,low,severe,6.0,mild,0.05,2.0,0,,train
2739,002739.png,data/images/002739.png,16-APSK,0.52,low,severe,6.0,mild,0.05,2.0,0,,train
2740,002740.png,data/images/002740.png,16-APSK,0.82,low,severe,6.0,severe,0.15,8.0,0,,train
2741,002741.png,data/images/002741.png,16-APSK,2.62,low,severe,6.0,severe,0.15,8.0,0,,train
2742,002742.png,data/images/002742.png,16-APSK,0.63,low,severe,6.0,severe,0.15,8.0,0,,train
2743,002743.png,data/images/002743.png,16-APSK,3.49,low,severe,6.0,severe,0.15,8.0,0,,train
2744,002744.png,data/images/002744.png,16-APSK,3.28,low,severe,6.0,severe,0.15,8.0,0,,train
2745,002745.png,data/images/002745.png,16-APSK,9.68,low_mid,none,0.0,none,0.0,0.0,0,,ood_test
2746,002746.png,data/images/002746.png,16-APSK,6.86,low_mid,none,0.0,none,0.0,0.0,0,,ood_test
2747,002747.png,data/images/002747.png,16-APSK,8.77,low_mid,none,0.0,none,0.0,0.0,0,,ood_test
2748,002748.png,data/images/002748.png,16-APSK,9.88,low_mid,none,0.0,none,0.0,0.0,0,,ood_test
2749,002749.png,data/images/002749.png,16-APSK,7.19,low_mid,none,0.0,none,0.0,0.0,0,,ood_test
2750,002750.png,data/images/002750.png,16-APSK,7.26,low_mid,none,0.0,mild,0.05,2.0,0,,ood_test
2751,002751.png,data/images/002751.png,16-APSK,7.41,low_mid,none,0.0,mild,0.05,2.0,0,,ood_test
2752,002752.png,data/images/002752.png,16-APSK,5.63,low_mid,none,0.0,mild,0.05,2.0,1,5.43,ood_test
2753,002753.png,data/images/002753.png,16-APSK,9.18,low_mid,none,0.0,mild,0.05,2.0,1,6.67,ood_test
2754,002754.png,data/images/002754.png,16-APSK,5.04,low_mid,none,0.0,mild,0.05,2.0,0,,ood_test
2755,002755.png,data/images/002755.png,16-APSK,5.1,low_mid,none,0.0,severe,0.15,8.0,0,,ood_test
2756,002756.png,data/images/002756.png,16-APSK,8.76,low_mid,none,0.0,severe,0.15,8.0,1,7.81,ood_test
2757,002757.png,data/images/002757.png,16-APSK,6.52,low_mid,none,0.0,severe,0.15,8.0,0,,ood_test
2758,002758.png,data/images/002758.png,16-APSK,8.6,low_mid,none,0.0,severe,0.15,8.0,0,,ood_test
2759,002759.png,data/images/002759.png,16-APSK,5.61,low_mid,none,0.0,severe,0.15,8.0,1,14.65,ood_test
2760,002760.png,data/images/002760.png,16-APSK,9.01,low_mid,mild,2.0,none,0.0,0.0,0,,ood_test
2761,002761.png,data/images/002761.png,16-APSK,6.08,low_mid,mild,2.0,none,0.0,0.0,0,,ood_test
2762,002762.png,data/images/002762.png,16-APSK,5.31,low_mid,mild,2.0,none,0.0,0.0,1,7.83,ood_test
2763,002763.png,data/images/002763.png,16-APSK,5.48,low_mid,mild,2.0,none,0.0,0.0,0,,ood_test
2764,002764.png,data/images/002764.png,16-APSK,7.2,low_mid,mild,2.0,none,0.0,0.0,0,,ood_test
2765,002765.png,data/images/002765.png,16-APSK,6.41,low_mid,mild,2.0,mild,0.05,2.0,0,,ood_test
2766,002766.png,data/images/002766.png,16-APSK,7.25,low_mid,mild,2.0,mild,0.05,2.0,0,,ood_test
2767,002767.png,data/images/002767.png,16-APSK,9.47,low_mid,mild,2.0,mild,0.05,2.0,0,,ood_test
2768,002768.png,data/images/002768.png,16-APSK,8.81,low_mid,mild,2.0,mild,0.05,2.0,0,,ood_test
2769,002769.png,data/images/002769.png,16-APSK,9.43,low_mid,mild,2.0,mild,0.05,2.0,0,,ood_test
2770,002770.png,data/images/002770.png,16-APSK,6.4,low_mid,mild,2.0,severe,0.15,8.0,0,,ood_test
2771,002771.png,data/images/002771.png,16-APSK,8.07,low_mid,mild,2.0,severe,0.15,8.0,0,,ood_test
2772,002772.png,data/images/002772.png,16-APSK,8.19,low_mid,mild,2.0,severe,0.15,8.0,0,,ood_test
2773,002773.png,data/images/002773.png,16-APSK,5.78,low_mid,mild,2.0,severe,0.15,8.0,0,,ood_test
2774,002774.png,data/images/002774.png,16-APSK,5.92,low_mid,mild,2.0,severe,0.15,8.0,1,8.58,ood_test
2775,002775.png,data/images/002775.png,16-APSK,6.91,low_mid,severe,6.0,none,0.0,0.0,0,,ood_test
2776,002776.png,data/images/002776.png,16-APSK,9.79,low_mid,severe,6.0,none,0.0,0.0,1,8.96,ood_test
2777,002777.png,data/images/002777.png,16-APSK,8.13,low_mid,severe,6.0,none,0.0,0.0,0,,ood_test
2778,002778.png,data/images/002778.png,16-APSK,6.66,low_mid,severe,6.0,none,0.0,0.0,0,,ood_test
2779,002779.png,data/images/002779.png,16-APSK,9.78,low_mid,severe,6.0,none,0.0,0.0,0,,ood_test
2780,002780.png,data/images/002780.png,16-APSK,6.85,low_mid,severe,6.0,mild,0.05,2.0,1,8.55,ood_test
2781,002781.png,data/images/002781.png,16-APSK,9.49,low_mid,severe,6.0,mild,0.05,2.0,0,,ood_test
2782,002782.png,data/images/002782.png,16-APSK,5.72,low_mid,severe,6.0,mild,0.05,2.0,1,7.19,ood_test
2783,002783.png,data/images/002783.png,16-APSK,5.27,low_mid,severe,6.0,mild,0.05,2.0,0,,ood_test
2784,002784.png,data/images/002784.png,16-APSK,5.66,low_mid,severe,6.0,mild,0.05,2.0,1,7.74,ood_test
2785,002785.png,data/images/002785.png,16-APSK,6.85,low_mid,severe,6.0,severe,0.15,8.0,0,,ood_test
2786,002786.png,data/images/002786.png,16-APSK,6.54,low_mid,severe,6.0,severe,0.15,8.0,1,7.01,ood_test
2787,002787.png,data/images/002787.png,16-APSK,6.34,low_mid,severe,6.0,severe,0.15,8.0,1,13.5,ood_test
2788,002788.png,data/images/002788.png,16-APSK,8.75,low_mid,severe,6.0,severe,0.15,8.0,0,,ood_test
2789,002789.png,data/images/002789.png,16-APSK,8.86,low_mid,severe,6.0,severe,0.15,8.0,0,,ood_test
2790,002790.png,data/images/002790.png,16-APSK,12.3,mid,none,0.0,none,0.0,0.0,0,,train
2791,002791.png,data/images/002791.png,16-APSK,12.36,mid,none,0.0,none,0.0,0.0,0,,train
2792,002792.png,data/images/002792.png,16-APSK,10.51,mid,none,0.0,none,0.0,0.0,0,,train
2793,002793.png,data/images/002793.png,16-APSK,14.94,mid,none,0.0,none,0.0,0.0,0,,test
2794,002794.png,data/images/002794.png,16-APSK,11.45,mid,none,0.0,none,0.0,0.0,0,,train
2795,002795.png,data/images/002795.png,16-APSK,14.18,mid,none,0.0,mild,0.05,2.0,0,,train
2796,002796.png,data/images/002796.png,16-APSK,11.37,mid,none,0.0,mild,0.05,2.0,0,,train
2797,002797.png,data/images/002797.png,16-APSK,10.39,mid,none,0.0,mild,0.05,2.0,0,,val
2798,002798.png,data/images/002798.png,16-APSK,14.58,mid,none,0.0,mild,0.05,2.0,0,,val
2799,002799.png,data/images/002799.png,16-APSK,12.22,mid,none,0.0,mild,0.05,2.0,1,13.32,test
2800,002800.png,data/images/002800.png,16-APSK,10.43,mid,none,0.0,severe,0.15,8.0,0,,train
2801,002801.png,data/images/002801.png,16-APSK,13.91,mid,none,0.0,severe,0.15,8.0,0,,train
2802,002802.png,data/images/002802.png,16-APSK,12.58,mid,none,0.0,severe,0.15,8.0,0,,train
2803,002803.png,data/images/002803.png,16-APSK,11.87,mid,none,0.0,severe,0.15,8.0,0,,test
2804,002804.png,data/images/002804.png,16-APSK,12.03,mid,none,0.0,severe,0.15,8.0,0,,val
2805,002805.png,data/images/002805.png,16-APSK,14.71,mid,mild,2.0,none,0.0,0.0,0,,test
2806,002806.png,data/images/002806.png,16-APSK,13.96,mid,mild,2.0,none,0.0,0.0,0,,val
2807,002807.png,data/images/002807.png,16-APSK,13.01,mid,mild,2.0,none,0.0,0.0,1,8.7,train
2808,002808.png,data/images/002808.png,16-APSK,13.72,mid,mild,2.0,none,0.0,0.0,0,,train
2809,002809.png,data/images/002809.png,16-APSK,13.33,mid,mild,2.0,none,0.0,0.0,0,,train
2810,002810.png,data/images/002810.png,16-APSK,12.36,mid,mild,2.0,mild,0.05,2.0,1,10.46,train
2811,002811.png,data/images/002811.png,16-APSK,12.62,mid,mild,2.0,mild,0.05,2.0,0,,val
2812,002812.png,data/images/002812.png,16-APSK,11.39,mid,mild,2.0,mild,0.05,2.0,0,,train
2813,002813.png,data/images/002813.png,16-APSK,13.15,mid,mild,2.0,mild,0.05,2.0,0,,test
2814,002814.png,data/images/002814.png,16-APSK,13.44,mid,mild,2.0,mild,0.05,2.0,0,,train
2815,002815.png,data/images/002815.png,16-APSK,11.6,mid,mild,2.0,severe,0.15,8.0,0,,val
2816,002816.png,data/images/002816.png,16-APSK,13.15,mid,mild,2.0,severe,0.15,8.0,1,6.81,test
2817,002817.png,data/images/002817.png,16-APSK,12.7,mid,mild,2.0,severe,0.15,8.0,0,,train
2818,002818.png,data/images/002818.png,16-APSK,12.52,mid,mild,2.0,severe,0.15,8.0,0,,train
2819,002819.png,data/images/002819.png,16-APSK,13.04,mid,mild,2.0,severe,0.15,8.0,1,8.71,test
2820,002820.png,data/images/002820.png,16-APSK,10.73,mid,severe,6.0,none,0.0,0.0,1,5.06,train
2821,002821.png,data/images/002821.png,16-APSK,15.0,mid,severe,6.0,none,0.0,0.0,0,,val
2822,002822.png,data/images/002822.png,16-APSK,11.54,mid,severe,6.0,none,0.0,0.0,0,,train
2823,002823.png,data/images/002823.png,16-APSK,12.26,mid,severe,6.0,none,0.0,0.0,0,,train
2824,002824.png,data/images/002824.png,16-APSK,11.69,mid,severe,6.0,none,0.0,0.0,0,,val
2825,002825.png,data/images/002825.png,16-APSK,10.81,mid,severe,6.0,mild,0.05,2.0,0,,train
2826,002826.png,data/images/002826.png,16-APSK,11.92,mid,severe,6.0,mild,0.05,2.0,0,,train
2827,002827.png,data/images/002827.png,16-APSK,13.72,mid,severe,6.0,mild,0.05,2.0,0,,train
2828,002828.png,data/images/002828.png,16-APSK,11.88,mid,severe,6.0,mild,0.05,2.0,0,,train
2829,002829.png,data/images/002829.png,16-APSK,10.49,mid,severe,6.0,mild,0.05,2.0,0,,train
2830,002830.png,data/images/002830.png,16-APSK,11.3,mid,severe,6.0,severe,0.15,8.0,0,,val
2831,002831.png,data/images/002831.png,16-APSK,14.4,mid,severe,6.0,severe,0.15,8.0,0,,train
2832,002832.png,data/images/002832.png,16-APSK,13.29,mid,severe,6.0,severe,0.15,8.0,0,,train
2833,002833.png,data/images/002833.png,16-APSK,11.01,mid,severe,6.0,severe,0.15,8.0,0,,train
2834,002834.png,data/images/002834.png,16-APSK,11.2,mid,severe,6.0,severe,0.15,8.0,0,,test
2835,002835.png,data/images/002835.png,16-APSK,15.11,high_mid,none,0.0,none,0.0,0.0,0,,train
2836,002836.png,data/images/002836.png,16-APSK,17.59,high_mid,none,0.0,none,0.0,0.0,0,,test
2837,002837.png,data/images/002837.png,16-APSK,15.71,high_mid,none,0.0,none,0.0,0.0,0,,test
2838,002838.png,data/images/002838.png,16-APSK,16.45,high_mid,none,0.0,none,0.0,0.0,0,,train
2839,002839.png,data/images/002839.png,16-APSK,17.36,high_mid,none,0.0,none,0.0,0.0,1,10.8,test
2840,002840.png,data/images/002840.png,16-APSK,19.58,high_mid,none,0.0,mild,0.05,2.0,0,,train
2841,002841.png,data/images/002841.png,16-APSK,16.89,high_mid,none,0.0,mild,0.05,2.0,0,,train
2842,002842.png,data/images/002842.png,16-APSK,18.6,high_mid,none,0.0,mild,0.05,2.0,1,8.41,train
2843,002843.png,data/images/002843.png,16-APSK,17.39,high_mid,none,0.0,mild,0.05,2.0,0,,train
2844,002844.png,data/images/002844.png,16-APSK,16.87,high_mid,none,0.0,mild,0.05,2.0,1,13.16,train
2845,002845.png,data/images/002845.png,16-APSK,18.5,high_mid,none,0.0,severe,0.15,8.0,0,,test
2846,002846.png,data/images/002846.png,16-APSK,17.63,high_mid,none,0.0,severe,0.15,8.0,0,,test
2847,002847.png,data/images/002847.png,16-APSK,15.71,high_mid,none,0.0,severe,0.15,8.0,1,5.15,test
2848,002848.png,data/images/002848.png,16-APSK,19.94,high_mid,none,0.0,severe,0.15,8.0,0,,train
2849,002849.png,data/images/002849.png,16-APSK,15.47,high_mid,none,0.0,severe,0.15,8.0,0,,train
2850,002850.png,data/images/002850.png,16-APSK,19.39,high_mid,mild,2.0,none,0.0,0.0,0,,train
2851,002851.png,data/images/002851.png,16-APSK,19.63,high_mid,mild,2.0,none,0.0,0.0,0,,train
2852,002852.png,data/images/002852.png,16-APSK,18.5,high_mid,mild,2.0,none,0.0,0.0,0,,val
2853,002853.png,data/images/002853.png,16-APSK,18.19,high_mid,mild,2.0,none,0.0,0.0,0,,train
2854,002854.png,data/images/002854.png,16-APSK,16.47,high_mid,mild,2.0,none,0.0,0.0,0,,val
2855,002855.png,data/images/002855.png,16-APSK,16.67,high_mid,mild,2.0,mild,0.05,2.0,0,,train
2856,002856.png,data/images/002856.png,16-APSK,18.32,high_mid,mild,2.0,mild,0.05,2.0,0,,train
2857,002857.png,data/images/002857.png,16-APSK,16.11,high_mid,mild,2.0,mild,0.05,2.0,0,,val
2858,002858.png,data/images/002858.png,16-APSK,19.02,high_mid,mild,2.0,mild,0.05,2.0,0,,val
2859,002859.png,data/images/002859.png,16-APSK,18.83,high_mid,mild,2.0,mild,0.05,2.0,0,,train
2860,002860.png,data/images/002860.png,16-APSK,16.25,high_mid,mild,2.0,severe,0.15,8.0,0,,test
2861,002861.png,data/images/002861.png,16-APSK,15.97,high_mid,mild,2.0,severe,0.15,8.0,0,,test
2862,002862.png,data/images/002862.png,16-APSK,17.08,high_mid,mild,2.0,severe,0.15,8.0,0,,val
2863,002863.png,data/images/002863.png,16-APSK,16.98,high_mid,mild,2.0,severe,0.15,8.0,0,,train
2864,002864.png,data/images/002864.png,16-APSK,18.93,high_mid,mild,2.0,severe,0.15,8.0,0,,val
2865,002865.png,data/images/002865.png,16-APSK,17.41,high_mid,severe,6.0,none,0.0,0.0,0,,train
2866,002866.png,data/images/002866.png,16-APSK,19.65,high_mid,severe,6.0,none,0.0,0.0,0,,train
2867,002867.png,data/images/002867.png,16-APSK,19.41,high_mid,severe,6.0,none,0.0,0.0,0,,train
2868,002868.png,data/images/002868.png,16-APSK,17.69,high_mid,severe,6.0,none,0.0,0.0,0,,train
2869,002869.png,data/images/002869.png,16-APSK,16.52,high_mid,severe,6.0,none,0.0,0.0,0,,train
2870,002870.png,data/images/002870.png,16-APSK,18.86,high_mid,severe,6.0,mild,0.05,2.0,0,,train
2871,002871.png,data/images/002871.png,16-APSK,17.62,high_mid,severe,6.0,mild,0.05,2.0,0,,train
2872,002872.png,data/images/002872.png,16-APSK,16.28,high_mid,severe,6.0,mild,0.05,2.0,0,,train
2873,002873.png,data/images/002873.png,16-APSK,18.68,high_mid,severe,6.0,mild,0.05,2.0,1,7.94,train
2874,002874.png,data/images/002874.png,16-APSK,19.89,high_mid,severe,6.0,mild,0.05,2.0,0,,train
2875,002875.png,data/images/002875.png,16-APSK,15.2,high_mid,severe,6.0,severe,0.15,8.0,0,,val
2876,002876.png,data/images/002876.png,16-APSK,19.93,high_mid,severe,6.0,severe,0.15,8.0,1,12.23,train
2877,002877.png,data/images/002877.png,16-APSK,18.71,high_mid,severe,6.0,severe,0.15,8.0,1,8.76,train
2878,002878.png,data/images/002878.png,16-APSK,17.5,high_mid,severe,6.0,severe,0.15,8.0,0,,train
2879,002879.png,data/images/002879.png,16-APSK,16.56,high_mid,severe,6.0,severe,0.15,8.0,1,12.69,train
2880,002880.png,data/images/002880.png,16-APSK,21.89,high,none,0.0,none,0.0,0.0,1,7.67,train
2881,002881.png,data/images/002881.png,16-APSK,25.38,high,none,0.0,none,0.0,0.0,1,8.95,train
2882,002882.png,data/images/002882.png,16-APSK,27.36,high,none,0.0,none,0.0,0.0,0,,train
2883,002883.png,data/images/002883.png,16-APSK,29.96,high,none,0.0,none,0.0,0.0,0,,train
2884,002884.png,data/images/002884.png,16-APSK,20.84,high,none,0.0,none,0.0,0.0,0,,train
2885,002885.png,data/images/002885.png,16-APSK,22.63,high,none,0.0,mild,0.05,2.0,0,,val
2886,002886.png,data/images/002886.png,16-APSK,27.1,high,none,0.0,mild,0.05,2.0,0,,test
2887,002887.png,data/images/002887.png,16-APSK,24.8,high,none,0.0,mild,0.05,2.0,0,,train
2888,002888.png,data/images/002888.png,16-APSK,26.71,high,none,0.0,mild,0.05,2.0,0,,test
2889,002889.png,data/images/002889.png,16-APSK,22.09,high,none,0.0,mild,0.05,2.0,0,,val
2890,002890.png,data/images/002890.png,16-APSK,25.97,high,none,0.0,severe,0.15,8.0,0,,train
2891,002891.png,data/images/002891.png,16-APSK,29.09,high,none,0.0,severe,0.15,8.0,0,,train
2892,002892.png,data/images/002892.png,16-APSK,23.27,high,none,0.0,severe,0.15,8.0,0,,train
2893,002893.png,data/images/002893.png,16-APSK,28.22,high,none,0.0,severe,0.15,8.0,0,,train
2894,002894.png,data/images/002894.png,16-APSK,27.9,high,none,0.0,severe,0.15,8.0,0,,train
2895,002895.png,data/images/002895.png,16-APSK,29.82,high,mild,2.0,none,0.0,0.0,0,,test
2896,002896.png,data/images/002896.png,16-APSK,22.09,high,mild,2.0,none,0.0,0.0,0,,train
2897,002897.png,data/images/002897.png,16-APSK,21.72,high,mild,2.0,none,0.0,0.0,0,,test
2898,002898.png,data/images/002898.png,16-APSK,21.72,high,mild,2.0,none,0.0,0.0,1,8.27,train
2899,002899.png,data/images/002899.png,16-APSK,29.54,high,mild,2.0,none,0.0,0.0,0,,train
2900,002900.png,data/images/002900.png,16-APSK,25.72,high,mild,2.0,mild,0.05,2.0,0,,test
2901,002901.png,data/images/002901.png,16-APSK,26.66,high,mild,2.0,mild,0.05,2.0,1,6.13,train
2902,002902.png,data/images/002902.png,16-APSK,28.16,high,mild,2.0,mild,0.05,2.0,0,,train
2903,002903.png,data/images/002903.png,16-APSK,21.73,high,mild,2.0,mild,0.05,2.0,0,,val
2904,002904.png,data/images/002904.png,16-APSK,26.88,high,mild,2.0,mild,0.05,2.0,0,,train
2905,002905.png,data/images/002905.png,16-APSK,22.67,high,mild,2.0,severe,0.15,8.0,0,,train
2906,002906.png,data/images/002906.png,16-APSK,26.43,high,mild,2.0,severe,0.15,8.0,0,,test
2907,002907.png,data/images/002907.png,16-APSK,29.14,high,mild,2.0,severe,0.15,8.0,0,,train
2908,002908.png,data/images/002908.png,16-APSK,28.99,high,mild,2.0,severe,0.15,8.0,0,,train
2909,002909.png,data/images/002909.png,16-APSK,25.56,high,mild,2.0,severe,0.15,8.0,0,,test
2910,002910.png,data/images/002910.png,16-APSK,25.59,high,severe,6.0,none,0.0,0.0,0,,train
2911,002911.png,data/images/002911.png,16-APSK,28.59,high,severe,6.0,none,0.0,0.0,0,,val
2912,002912.png,data/images/002912.png,16-APSK,20.85,high,severe,6.0,none,0.0,0.0,1,13.24,test
2913,002913.png,data/images/002913.png,16-APSK,22.02,high,severe,6.0,none,0.0,0.0,1,14.71,train
2914,002914.png,data/images/002914.png,16-APSK,28.75,high,severe,6.0,none,0.0,0.0,0,,train
2915,002915.png,data/images/002915.png,16-APSK,25.61,high,severe,6.0,mild,0.05,2.0,0,,train
2916,002916.png,data/images/002916.png,16-APSK,22.61,high,severe,6.0,mild,0.05,2.0,0,,val
2917,002917.png,data/images/002917.png,16-APSK,21.27,high,severe,6.0,mild,0.05,2.0,0,,train
2918,002918.png,data/images/002918.png,16-APSK,29.12,high,severe,6.0,mild,0.05,2.0,0,,train
2919,002919.png,data/images/002919.png,16-APSK,20.7,high,severe,6.0,mild,0.05,2.0,0,,train
2920,002920.png,data/images/002920.png,16-APSK,26.82,high,severe,6.0,severe,0.15,8.0,0,,train
2921,002921.png,data/images/002921.png,16-APSK,24.11,high,severe,6.0,severe,0.15,8.0,0,,train
2922,002922.png,data/images/002922.png,16-APSK,25.14,high,severe,6.0,severe,0.15,8.0,0,,train
2923,002923.png,data/images/002923.png,16-APSK,23.61,high,severe,6.0,severe,0.15,8.0,0,,train
2924,002924.png,data/images/002924.png,16-APSK,21.79,high,severe,6.0,severe,0.15,8.0,0,,test
2925,002925.png,data/images/002925.png,32-APSK,2.31,low,none,0.0,none,0.0,0.0,0,,train
2926,002926.png,data/images/002926.png,32-APSK,3.02,low,none,0.0,none,0.0,0.0,1,13.72,train
2927,002927.png,data/images/002927.png,32-APSK,0.42,low,none,0.0,none,0.0,0.0,0,,test
2928,002928.png,data/images/002928.png,32-APSK,1.3,low,none,0.0,none,0.0,0.0,0,,train
2929,002929.png,data/images/002929.png,32-APSK,4.66,low,none,0.0,none,0.0,0.0,1,12.56,val
2930,002930.png,data/images/002930.png,32-APSK,1.1,low,none,0.0,mild,0.05,2.0,1,9.91,test
2931,002931.png,data/images/002931.png,32-APSK,0.62,low,none,0.0,mild,0.05,2.0,1,7.84,train
2932,002932.png,data/images/002932.png,32-APSK,1.01,low,none,0.0,mild,0.05,2.0,0,,train
2933,002933.png,data/images/002933.png,32-APSK,2.78,low,none,0.0,mild,0.05,2.0,0,,train
2934,002934.png,data/images/002934.png,32-APSK,3.48,low,none,0.0,mild,0.05,2.0,1,11.99,train
2935,002935.png,data/images/002935.png,32-APSK,3.03,low,none,0.0,severe,0.15,8.0,0,,train
2936,002936.png,data/images/002936.png,32-APSK,0.66,low,none,0.0,severe,0.15,8.0,0,,train
2937,002937.png,data/images/002937.png,32-APSK,2.48,low,none,0.0,severe,0.15,8.0,1,12.79,test
2938,002938.png,data/images/002938.png,32-APSK,2.94,low,none,0.0,severe,0.15,8.0,1,7.73,train
2939,002939.png,data/images/002939.png,32-APSK,4.1,low,none,0.0,severe,0.15,8.0,0,,train
2940,002940.png,data/images/002940.png,32-APSK,1.68,low,mild,2.0,none,0.0,0.0,0,,train
2941,002941.png,data/images/002941.png,32-APSK,1.01,low,mild,2.0,none,0.0,0.0,0,,train
2942,002942.png,data/images/002942.png,32-APSK,3.44,low,mild,2.0,none,0.0,0.0,0,,test
2943,002943.png,data/images/002943.png,32-APSK,3.03,low,mild,2.0,none,0.0,0.0,0,,train
2944,002944.png,data/images/002944.png,32-APSK,3.28,low,mild,2.0,none,0.0,0.0,0,,train
2945,002945.png,data/images/002945.png,32-APSK,0.95,low,mild,2.0,mild,0.05,2.0,1,10.45,train
2946,002946.png,data/images/002946.png,32-APSK,0.55,low,mild,2.0,mild,0.05,2.0,0,,train
2947,002947.png,data/images/002947.png,32-APSK,4.55,low,mild,2.0,mild,0.05,2.0,0,,train
2948,002948.png,data/images/002948.png,32-APSK,1.99,low,mild,2.0,mild,0.05,2.0,1,13.97,train
2949,002949.png,data/images/002949.png,32-APSK,4.19,low,mild,2.0,mild,0.05,2.0,0,,train
2950,002950.png,data/images/002950.png,32-APSK,4.94,low,mild,2.0,severe,0.15,8.0,0,,train
2951,002951.png,data/images/002951.png,32-APSK,1.47,low,mild,2.0,severe,0.15,8.0,0,,test
2952,002952.png,data/images/002952.png,32-APSK,0.41,low,mild,2.0,severe,0.15,8.0,1,14.69,val
2953,002953.png,data/images/002953.png,32-APSK,0.98,low,mild,2.0,severe,0.15,8.0,0,,test
2954,002954.png,data/images/002954.png,32-APSK,0.68,low,mild,2.0,severe,0.15,8.0,0,,train
2955,002955.png,data/images/002955.png,32-APSK,2.89,low,severe,6.0,none,0.0,0.0,0,,train
2956,002956.png,data/images/002956.png,32-APSK,3.14,low,severe,6.0,none,0.0,0.0,1,6.06,test
2957,002957.png,data/images/002957.png,32-APSK,3.1,low,severe,6.0,none,0.0,0.0,1,11.38,test
2958,002958.png,data/images/002958.png,32-APSK,2.63,low,severe,6.0,none,0.0,0.0,1,9.13,train
2959,002959.png,data/images/002959.png,32-APSK,0.02,low,severe,6.0,none,0.0,0.0,0,,train
2960,002960.png,data/images/002960.png,32-APSK,4.55,low,severe,6.0,mild,0.05,2.0,1,9.19,train
2961,002961.png,data/images/002961.png,32-APSK,3.88,low,severe,6.0,mild,0.05,2.0,0,,train
2962,002962.png,data/images/002962.png,32-APSK,4.23,low,severe,6.0,mild,0.05,2.0,0,,train
2963,002963.png,data/images/002963.png,32-APSK,1.17,low,severe,6.0,mild,0.05,2.0,1,10.81,test
2964,002964.png,data/images/002964.png,32-APSK,0.3,low,severe,6.0,mild,0.05,2.0,1,9.95,train
2965,002965.png,data/images/002965.png,32-APSK,0.74,low,severe,6.0,severe,0.15,8.0,0,,val
2966,002966.png,data/images/002966.png,32-APSK,1.34,low,severe,6.0,severe,0.15,8.0,0,,train
2967,002967.png,data/images/002967.png,32-APSK,3.16,low,severe,6.0,severe,0.15,8.0,0,,train
2968,002968.png,data/images/002968.png,32-APSK,0.64,low,severe,6.0,severe,0.15,8.0,0,,train
2969,002969.png,data/images/002969.png,32-APSK,3.43,low,severe,6.0,severe,0.15,8.0,1,8.15,train
2970,002970.png,data/images/002970.png,32-APSK,6.37,low_mid,none,0.0,none,0.0,0.0,0,,ood_test
2971,002971.png,data/images/002971.png,32-APSK,6.12,low_mid,none,0.0,none,0.0,0.0,0,,ood_test
2972,002972.png,data/images/002972.png,32-APSK,5.04,low_mid,none,0.0,none,0.0,0.0,1,8.7,ood_test
2973,002973.png,data/images/002973.png,32-APSK,8.39,low_mid,none,0.0,none,0.0,0.0,0,,ood_test
2974,002974.png,data/images/002974.png,32-APSK,5.12,low_mid,none,0.0,none,0.0,0.0,0,,ood_test
2975,002975.png,data/images/002975.png,32-APSK,6.18,low_mid,none,0.0,mild,0.05,2.0,0,,ood_test
2976,002976.png,data/images/002976.png,32-APSK,5.18,low_mid,none,0.0,mild,0.05,2.0,0,,ood_test
2977,002977.png,data/images/002977.png,32-APSK,6.73,low_mid,none,0.0,mild,0.05,2.0,0,,ood_test
2978,002978.png,data/images/002978.png,32-APSK,5.5,low_mid,none,0.0,mild,0.05,2.0,0,,ood_test
2979,002979.png,data/images/002979.png,32-APSK,7.9,low_mid,none,0.0,mild,0.05,2.0,0,,ood_test
2980,002980.png,data/images/002980.png,32-APSK,9.51,low_mid,none,0.0,severe,0.15,8.0,0,,ood_test
2981,002981.png,data/images/002981.png,32-APSK,5.84,low_mid,none,0.0,severe,0.15,8.0,1,11.57,ood_test
2982,002982.png,data/images/002982.png,32-APSK,8.21,low_mid,none,0.0,severe,0.15,8.0,1,11.58,ood_test
2983,002983.png,data/images/002983.png,32-APSK,8.2,low_mid,none,0.0,severe,0.15,8.0,0,,ood_test
2984,002984.png,data/images/002984.png,32-APSK,5.03,low_mid,none,0.0,severe,0.15,8.0,0,,ood_test
2985,002985.png,data/images/002985.png,32-APSK,5.73,low_mid,mild,2.0,none,0.0,0.0,0,,ood_test
2986,002986.png,data/images/002986.png,32-APSK,9.56,low_mid,mild,2.0,none,0.0,0.0,0,,ood_test
2987,002987.png,data/images/002987.png,32-APSK,8.33,low_mid,mild,2.0,none,0.0,0.0,0,,ood_test
2988,002988.png,data/images/002988.png,32-APSK,7.56,low_mid,mild,2.0,none,0.0,0.0,0,,ood_test
2989,002989.png,data/images/002989.png,32-APSK,5.22,low_mid,mild,2.0,none,0.0,0.0,0,,ood_test
2990,002990.png,data/images/002990.png,32-APSK,5.39,low_mid,mild,2.0,mild,0.05,2.0,0,,ood_test
2991,002991.png,data/images/002991.png,32-APSK,9.5,low_mid,mild,2.0,mild,0.05,2.0,0,,ood_test
2992,002992.png,data/images/002992.png,32-APSK,8.71,low_mid,mild,2.0,mild,0.05,2.0,0,,ood_test
2993,002993.png,data/images/002993.png,32-APSK,6.45,low_mid,mild,2.0,mild,0.05,2.0,0,,ood_test
2994,002994.png,data/images/002994.png,32-APSK,9.78,low_mid,mild,2.0,mild,0.05,2.0,0,,ood_test
2995,002995.png,data/images/002995.png,32-APSK,9.74,low_mid,mild,2.0,severe,0.15,8.0,0,,ood_test
2996,002996.png,data/images/002996.png,32-APSK,7.39,low_mid,mild,2.0,severe,0.15,8.0,0,,ood_test
2997,002997.png,data/images/002997.png,32-APSK,7.88,low_mid,mild,2.0,severe,0.15,8.0,0,,ood_test
2998,002998.png,data/images/002998.png,32-APSK,7.68,low_mid,mild,2.0,severe,0.15,8.0,0,,ood_test
2999,002999.png,data/images/002999.png,32-APSK,7.57,low_mid,mild,2.0,severe,0.15,8.0,0,,ood_test
3000,003000.png,data/images/003000.png,32-APSK,10.0,low_mid,severe,6.0,none,0.0,0.0,1,11.62,ood_test
3001,003001.png,data/images/003001.png,32-APSK,7.37,low_mid,severe,6.0,none,0.0,0.0,0,,ood_test
3002,003002.png,data/images/003002.png,32-APSK,9.57,low_mid,severe,6.0,none,0.0,0.0,0,,ood_test
3003,003003.png,data/images/003003.png,32-APSK,5.38,low_mid,severe,6.0,none,0.0,0.0,1,6.9,ood_test
3004,003004.png,data/images/003004.png,32-APSK,5.6,low_mid,severe,6.0,none,0.0,0.0,1,9.73,ood_test
3005,003005.png,data/images/003005.png,32-APSK,8.58,low_mid,severe,6.0,mild,0.05,2.0,0,,ood_test
3006,003006.png,data/images/003006.png,32-APSK,9.99,low_mid,severe,6.0,mild,0.05,2.0,0,,ood_test
3007,003007.png,data/images/003007.png,32-APSK,7.95,low_mid,severe,6.0,mild,0.05,2.0,0,,ood_test
3008,003008.png,data/images/003008.png,32-APSK,8.61,low_mid,severe,6.0,mild,0.05,2.0,0,,ood_test
3009,003009.png,data/images/003009.png,32-APSK,9.74,low_mid,severe,6.0,mild,0.05,2.0,0,,ood_test
3010,003010.png,data/images/003010.png,32-APSK,8.16,low_mid,severe,6.0,severe,0.15,8.0,0,,ood_test
3011,003011.png,data/images/003011.png,32-APSK,6.49,low_mid,severe,6.0,severe,0.15,8.0,0,,ood_test
3012,003012.png,data/images/003012.png,32-APSK,5.37,low_mid,severe,6.0,severe,0.15,8.0,0,,ood_test
3013,003013.png,data/images/003013.png,32-APSK,7.93,low_mid,severe,6.0,severe,0.15,8.0,1,9.76,ood_test
3014,003014.png,data/images/003014.png,32-APSK,5.41,low_mid,severe,6.0,severe,0.15,8.0,0,,ood_test
3015,003015.png,data/images/003015.png,32-APSK,14.31,mid,none,0.0,none,0.0,0.0,1,5.76,train
3016,003016.png,data/images/003016.png,32-APSK,10.86,mid,none,0.0,none,0.0,0.0,0,,test
3017,003017.png,data/images/003017.png,32-APSK,11.03,mid,none,0.0,none,0.0,0.0,0,,train
3018,003018.png,data/images/003018.png,32-APSK,13.62,mid,none,0.0,none,0.0,0.0,0,,train
3019,003019.png,data/images/003019.png,32-APSK,10.41,mid,none,0.0,none,0.0,0.0,1,14.18,train
3020,003020.png,data/images/003020.png,32-APSK,13.64,mid,none,0.0,mild,0.05,2.0,1,7.51,train
3021,003021.png,data/images/003021.png,32-APSK,12.52,mid,none,0.0,mild,0.05,2.0,0,,train
3022,003022.png,data/images/003022.png,32-APSK,13.47,mid,none,0.0,mild,0.05,2.0,1,6.57,train
3023,003023.png,data/images/003023.png,32-APSK,10.26,mid,none,0.0,mild,0.05,2.0,0,,train
3024,003024.png,data/images/003024.png,32-APSK,12.48,mid,none,0.0,mild,0.05,2.0,0,,test
3025,003025.png,data/images/003025.png,32-APSK,12.73,mid,none,0.0,severe,0.15,8.0,0,,test
3026,003026.png,data/images/003026.png,32-APSK,11.57,mid,none,0.0,severe,0.15,8.0,0,,train
3027,003027.png,data/images/003027.png,32-APSK,12.79,mid,none,0.0,severe,0.15,8.0,0,,val
3028,003028.png,data/images/003028.png,32-APSK,10.12,mid,none,0.0,severe,0.15,8.0,1,12.98,test
3029,003029.png,data/images/003029.png,32-APSK,10.15,mid,none,0.0,severe,0.15,8.0,0,,train
3030,003030.png,data/images/003030.png,32-APSK,14.31,mid,mild,2.0,none,0.0,0.0,0,,train
3031,003031.png,data/images/003031.png,32-APSK,12.46,mid,mild,2.0,none,0.0,0.0,0,,train
3032,003032.png,data/images/003032.png,32-APSK,14.04,mid,mild,2.0,none,0.0,0.0,1,13.0,train
3033,003033.png,data/images/003033.png,32-APSK,13.37,mid,mild,2.0,none,0.0,0.0,1,14.2,train
3034,003034.png,data/images/003034.png,32-APSK,11.81,mid,mild,2.0,none,0.0,0.0,1,9.6,train
3035,003035.png,data/images/003035.png,32-APSK,13.51,mid,mild,2.0,mild,0.05,2.0,1,6.93,train
3036,003036.png,data/images/003036.png,32-APSK,12.39,mid,mild,2.0,mild,0.05,2.0,1,7.93,test
3037,003037.png,data/images/003037.png,32-APSK,12.04,mid,mild,2.0,mild,0.05,2.0,0,,train
3038,003038.png,data/images/003038.png,32-APSK,14.84,mid,mild,2.0,mild,0.05,2.0,1,12.64,test
3039,003039.png,data/images/003039.png,32-APSK,11.66,mid,mild,2.0,mild,0.05,2.0,0,,test
3040,003040.png,data/images/003040.png,32-APSK,11.59,mid,mild,2.0,severe,0.15,8.0,0,,train
3041,003041.png,data/images/003041.png,32-APSK,10.17,mid,mild,2.0,severe,0.15,8.0,0,,train
3042,003042.png,data/images/003042.png,32-APSK,13.6,mid,mild,2.0,severe,0.15,8.0,0,,train
3043,003043.png,data/images/003043.png,32-APSK,10.53,mid,mild,2.0,severe,0.15,8.0,0,,train
3044,003044.png,data/images/003044.png,32-APSK,14.57,mid,mild,2.0,severe,0.15,8.0,0,,train
3045,003045.png,data/images/003045.png,32-APSK,10.1,mid,severe,6.0,none,0.0,0.0,0,,train
3046,003046.png,data/images/003046.png,32-APSK,14.29,mid,severe,6.0,none,0.0,0.0,0,,val
3047,003047.png,data/images/003047.png,32-APSK,12.63,mid,severe,6.0,none,0.0,0.0,1,7.69,train
3048,003048.png,data/images/003048.png,32-APSK,11.47,mid,severe,6.0,none,0.0,0.0,0,,train
3049,003049.png,data/images/003049.png,32-APSK,10.62,mid,severe,6.0,none,0.0,0.0,0,,train
3050,003050.png,data/images/003050.png,32-APSK,10.8,mid,severe,6.0,mild,0.05,2.0,1,5.77,train
3051,003051.png,data/images/003051.png,32-APSK,11.49,mid,severe,6.0,mild,0.05,2.0,1,14.1,train
3052,003052.png,data/images/003052.png,32-APSK,10.95,mid,severe,6.0,mild,0.05,2.0,0,,val
3053,003053.png,data/images/003053.png,32-APSK,13.02,mid,severe,6.0,mild,0.05,2.0,0,,train
3054,003054.png,data/images/003054.png,32-APSK,11.35,mid,severe,6.0,mild,0.05,2.0,0,,train
3055,003055.png,data/images/003055.png,32-APSK,14.37,mid,severe,6.0,severe,0.15,8.0,0,,train
3056,003056.png,data/images/003056.png,32-APSK,10.51,mid,severe,6.0,severe,0.15,8.0,0,,train
3057,003057.png,data/images/003057.png,32-APSK,12.55,mid,severe,6.0,severe,0.15,8.0,0,,train
3058,003058.png,data/images/003058.png,32-APSK,14.59,mid,severe,6.0,severe,0.15,8.0,1,5.26,val
3059,003059.png,data/images/003059.png,32-APSK,12.46,mid,severe,6.0,severe,0.15,8.0,1,11.36,train
3060,003060.png,data/images/003060.png,32-APSK,17.56,high_mid,none,0.0,none,0.0,0.0,0,,train
3061,003061.png,data/images/003061.png,32-APSK,17.15,high_mid,none,0.0,none,0.0,0.0,0,,train
3062,003062.png,data/images/003062.png,32-APSK,16.6,high_mid,none,0.0,none,0.0,0.0,0,,val
3063,003063.png,data/images/003063.png,32-APSK,19.46,high_mid,none,0.0,none,0.0,0.0,0,,train
3064,003064.png,data/images/003064.png,32-APSK,18.24,high_mid,none,0.0,none,0.0,0.0,0,,test
3065,003065.png,data/images/003065.png,32-APSK,19.51,high_mid,none,0.0,mild,0.05,2.0,0,,train
3066,003066.png,data/images/003066.png,32-APSK,15.84,high_mid,none,0.0,mild,0.05,2.0,0,,train
3067,003067.png,data/images/003067.png,32-APSK,15.21,high_mid,none,0.0,mild,0.05,2.0,0,,test
3068,003068.png,data/images/003068.png,32-APSK,16.65,high_mid,none,0.0,mild,0.05,2.0,0,,train
3069,003069.png,data/images/003069.png,32-APSK,15.72,high_mid,none,0.0,mild,0.05,2.0,0,,train
3070,003070.png,data/images/003070.png,32-APSK,15.92,high_mid,none,0.0,severe,0.15,8.0,0,,train
3071,003071.png,data/images/003071.png,32-APSK,15.34,high_mid,none,0.0,severe,0.15,8.0,0,,train
3072,003072.png,data/images/003072.png,32-APSK,18.49,high_mid,none,0.0,severe,0.15,8.0,0,,train
3073,003073.png,data/images/003073.png,32-APSK,15.68,high_mid,none,0.0,severe,0.15,8.0,0,,train
3074,003074.png,data/images/003074.png,32-APSK,19.63,high_mid,none,0.0,severe,0.15,8.0,0,,train
3075,003075.png,data/images/003075.png,32-APSK,16.17,high_mid,mild,2.0,none,0.0,0.0,0,,train
3076,003076.png,data/images/003076.png,32-APSK,15.67,high_mid,mild,2.0,none,0.0,0.0,0,,train
3077,003077.png,data/images/003077.png,32-APSK,17.3,high_mid,mild,2.0,none,0.0,0.0,1,14.75,train
3078,003078.png,data/images/003078.png,32-APSK,19.96,high_mid,mild,2.0,none,0.0,0.0,0,,train
3079,003079.png,data/images/003079.png,32-APSK,16.73,high_mid,mild,2.0,none,0.0,0.0,1,14.82,val
3080,003080.png,data/images/003080.png,32-APSK,16.22,high_mid,mild,2.0,mild,0.05,2.0,1,7.54,train
3081,003081.png,data/images/003081.png,32-APSK,15.22,high_mid,mild,2.0,mild,0.05,2.0,1,10.01,train
3082,003082.png,data/images/003082.png,32-APSK,17.52,high_mid,mild,2.0,mild,0.05,2.0,0,,train
3083,003083.png,data/images/003083.png,32-APSK,16.56,high_mid,mild,2.0,mild,0.05,2.0,0,,val
3084,003084.png,data/images/003084.png,32-APSK,19.67,high_mid,mild,2.0,mild,0.05,2.0,1,6.7,train
3085,003085.png,data/images/003085.png,32-APSK,18.01,high_mid,mild,2.0,severe,0.15,8.0,0,,train
3086,003086.png,data/images/003086.png,32-APSK,17.0,high_mid,mild,2.0,severe,0.15,8.0,0,,test
3087,003087.png,data/images/003087.png,32-APSK,18.46,high_mid,mild,2.0,severe,0.15,8.0,0,,test
3088,003088.png,data/images/003088.png,32-APSK,19.13,high_mid,mild,2.0,severe,0.15,8.0,0,,train
3089,003089.png,data/images/003089.png,32-APSK,19.33,high_mid,mild,2.0,severe,0.15,8.0,1,5.76,val
3090,003090.png,data/images/003090.png,32-APSK,18.78,high_mid,severe,6.0,none,0.0,0.0,0,,train
3091,003091.png,data/images/003091.png,32-APSK,18.88,high_mid,severe,6.0,none,0.0,0.0,1,6.53,train
3092,003092.png,data/images/003092.png,32-APSK,18.38,high_mid,severe,6.0,none,0.0,0.0,0,,train
3093,003093.png,data/images/003093.png,32-APSK,16.27,high_mid,severe,6.0,none,0.0,0.0,0,,val
3094,003094.png,data/images/003094.png,32-APSK,16.88,high_mid,severe,6.0,none,0.0,0.0,0,,train
3095,003095.png,data/images/003095.png,32-APSK,19.03,high_mid,severe,6.0,mild,0.05,2.0,0,,train
3096,003096.png,data/images/003096.png,32-APSK,19.15,high_mid,severe,6.0,mild,0.05,2.0,0,,train
3097,003097.png,data/images/003097.png,32-APSK,18.14,high_mid,severe,6.0,mild,0.05,2.0,1,5.71,test
3098,003098.png,data/images/003098.png,32-APSK,17.19,high_mid,severe,6.0,mild,0.05,2.0,0,,train
3099,003099.png,data/images/003099.png,32-APSK,19.78,high_mid,severe,6.0,mild,0.05,2.0,0,,train
3100,003100.png,data/images/003100.png,32-APSK,17.66,high_mid,severe,6.0,severe,0.15,8.0,1,13.04,train
3101,003101.png,data/images/003101.png,32-APSK,16.7,high_mid,severe,6.0,severe,0.15,8.0,0,,test
3102,003102.png,data/images/003102.png,32-APSK,18.62,high_mid,severe,6.0,severe,0.15,8.0,0,,train
3103,003103.png,data/images/003103.png,32-APSK,17.86,high_mid,severe,6.0,severe,0.15,8.0,0,,train
3104,003104.png,data/images/003104.png,32-APSK,19.31,high_mid,severe,6.0,severe,0.15,8.0,0,,train
3105,003105.png,data/images/003105.png,32-APSK,20.54,high,none,0.0,none,0.0,0.0,1,6.85,train
3106,003106.png,data/images/003106.png,32-APSK,22.7,high,none,0.0,none,0.0,0.0,0,,train
3107,003107.png,data/images/003107.png,32-APSK,25.64,high,none,0.0,none,0.0,0.0,0,,train
3108,003108.png,data/images/003108.png,32-APSK,24.95,high,none,0.0,none,0.0,0.0,0,,val
3109,003109.png,data/images/003109.png,32-APSK,20.95,high,none,0.0,none,0.0,0.0,0,,train
3110,003110.png,data/images/003110.png,32-APSK,28.18,high,none,0.0,mild,0.05,2.0,0,,train
3111,003111.png,data/images/003111.png,32-APSK,27.83,high,none,0.0,mild,0.05,2.0,1,9.24,train
3112,003112.png,data/images/003112.png,32-APSK,21.34,high,none,0.0,mild,0.05,2.0,0,,train
3113,003113.png,data/images/003113.png,32-APSK,28.12,high,none,0.0,mild,0.05,2.0,0,,train
3114,003114.png,data/images/003114.png,32-APSK,21.3,high,none,0.0,mild,0.05,2.0,0,,train
3115,003115.png,data/images/003115.png,32-APSK,23.45,high,none,0.0,severe,0.15,8.0,0,,test
3116,003116.png,data/images/003116.png,32-APSK,27.45,high,none,0.0,severe,0.15,8.0,0,,val
3117,003117.png,data/images/003117.png,32-APSK,26.66,high,none,0.0,severe,0.15,8.0,0,,train
3118,003118.png,data/images/003118.png,32-APSK,22.87,high,none,0.0,severe,0.15,8.0,0,,test
3119,003119.png,data/images/003119.png,32-APSK,26.95,high,none,0.0,severe,0.15,8.0,0,,train
3120,003120.png,data/images/003120.png,32-APSK,29.02,high,mild,2.0,none,0.0,0.0,0,,train
3121,003121.png,data/images/003121.png,32-APSK,26.81,high,mild,2.0,none,0.0,0.0,1,8.9,train
3122,003122.png,data/images/003122.png,32-APSK,27.57,high,mild,2.0,none,0.0,0.0,0,,train
3123,003123.png,data/images/003123.png,32-APSK,29.76,high,mild,2.0,none,0.0,0.0,0,,test
3124,003124.png,data/images/003124.png,32-APSK,20.23,high,mild,2.0,none,0.0,0.0,0,,train
3125,003125.png,data/images/003125.png,32-APSK,27.51,high,mild,2.0,mild,0.05,2.0,0,,test
3126,003126.png,data/images/003126.png,32-APSK,23.61,high,mild,2.0,mild,0.05,2.0,0,,val
3127,003127.png,data/images/003127.png,32-APSK,28.81,high,mild,2.0,mild,0.05,2.0,0,,train
3128,003128.png,data/images/003128.png,32-APSK,28.22,high,mild,2.0,mild,0.05,2.0,0,,train
3129,003129.png,data/images/003129.png,32-APSK,24.3,high,mild,2.0,mild,0.05,2.0,0,,train
3130,003130.png,data/images/003130.png,32-APSK,28.71,high,mild,2.0,severe,0.15,8.0,0,,train
3131,003131.png,data/images/003131.png,32-APSK,24.26,high,mild,2.0,severe,0.15,8.0,0,,train
3132,003132.png,data/images/003132.png,32-APSK,22.14,high,mild,2.0,severe,0.15,8.0,1,12.45,train
3133,003133.png,data/images/003133.png,32-APSK,28.76,high,mild,2.0,severe,0.15,8.0,0,,train
3134,003134.png,data/images/003134.png,32-APSK,27.99,high,mild,2.0,severe,0.15,8.0,0,,train
3135,003135.png,data/images/003135.png,32-APSK,25.43,high,severe,6.0,none,0.0,0.0,1,5.12,train
3136,003136.png,data/images/003136.png,32-APSK,28.23,high,severe,6.0,none,0.0,0.0,0,,train
3137,003137.png,data/images/003137.png,32-APSK,23.03,high,severe,6.0,none,0.0,0.0,0,,train
3138,003138.png,data/images/003138.png,32-APSK,28.51,high,severe,6.0,none,0.0,0.0,0,,test
3139,003139.png,data/images/003139.png,32-APSK,21.49,high,severe,6.0,none,0.0,0.0,0,,val
3140,003140.png,data/images/003140.png,32-APSK,26.71,high,severe,6.0,mild,0.05,2.0,0,,train
3141,003141.png,data/images/003141.png,32-APSK,21.52,high,severe,6.0,mild,0.05,2.0,0,,val
3142,003142.png,data/images/003142.png,32-APSK,20.69,high,severe,6.0,mild,0.05,2.0,1,5.25,train
3143,003143.png,data/images/003143.png,32-APSK,27.71,high,severe,6.0,mild,0.05,2.0,0,,val
3144,003144.png,data/images/003144.png,32-APSK,20.75,high,severe,6.0,mild,0.05,2.0,0,,train
3145,003145.png,data/images/003145.png,32-APSK,24.59,high,severe,6.0,severe,0.15,8.0,1,10.8,train
3146,003146.png,data/images/003146.png,32-APSK,23.68,high,severe,6.0,severe,0.15,8.0,1,5.03,train
3147,003147.png,data/images/003147.png,32-APSK,22.29,high,severe,6.0,severe,0.15,8.0,0,,train
3148,003148.png,data/images/003148.png,32-APSK,21.53,high,severe,6.0,severe,0.15,8.0,0,,train
3149,003149.png,data/images/003149.png,32-APSK,22.1,high,severe,6.0,severe,0.15,8.0,0,,train
3150,003150.png,data/images/003150.png,64-APSK,2.36,low,none,0.0,none,0.0,0.0,0,,train
3151,003151.png,data/images/003151.png,64-APSK,3.36,low,none,0.0,none,0.0,0.0,0,,val
3152,003152.png,data/images/003152.png,64-APSK,1.97,low,none,0.0,none,0.0,0.0,0,,train
3153,003153.png,data/images/003153.png,64-APSK,2.14,low,none,0.0,none,0.0,0.0,0,,test
3154,003154.png,data/images/003154.png,64-APSK,3.52,low,none,0.0,none,0.0,0.0,0,,train
3155,003155.png,data/images/003155.png,64-APSK,0.91,low,none,0.0,mild,0.05,2.0,0,,val
3156,003156.png,data/images/003156.png,64-APSK,0.49,low,none,0.0,mild,0.05,2.0,0,,test
3157,003157.png,data/images/003157.png,64-APSK,3.5,low,none,0.0,mild,0.05,2.0,0,,train
3158,003158.png,data/images/003158.png,64-APSK,2.93,low,none,0.0,mild,0.05,2.0,0,,train
3159,003159.png,data/images/003159.png,64-APSK,2.67,low,none,0.0,mild,0.05,2.0,0,,train
3160,003160.png,data/images/003160.png,64-APSK,4.12,low,none,0.0,severe,0.15,8.0,0,,val
3161,003161.png,data/images/003161.png,64-APSK,2.39,low,none,0.0,severe,0.15,8.0,1,13.55,train
3162,003162.png,data/images/003162.png,64-APSK,4.67,low,none,0.0,severe,0.15,8.0,0,,train
3163,003163.png,data/images/003163.png,64-APSK,0.44,low,none,0.0,severe,0.15,8.0,0,,train
3164,003164.png,data/images/003164.png,64-APSK,4.36,low,none,0.0,severe,0.15,8.0,1,9.67,val
3165,003165.png,data/images/003165.png,64-APSK,1.12,low,mild,2.0,none,0.0,0.0,1,5.63,val
3166,003166.png,data/images/003166.png,64-APSK,0.86,low,mild,2.0,none,0.0,0.0,1,14.67,test
3167,003167.png,data/images/003167.png,64-APSK,3.11,low,mild,2.0,none,0.0,0.0,0,,val
3168,003168.png,data/images/003168.png,64-APSK,1.12,low,mild,2.0,none,0.0,0.0,0,,train
3169,003169.png,data/images/003169.png,64-APSK,3.91,low,mild,2.0,none,0.0,0.0,1,11.81,val
3170,003170.png,data/images/003170.png,64-APSK,0.85,low,mild,2.0,mild,0.05,2.0,0,,val
3171,003171.png,data/images/003171.png,64-APSK,4.43,low,mild,2.0,mild,0.05,2.0,0,,train
3172,003172.png,data/images/003172.png,64-APSK,4.11,low,mild,2.0,mild,0.05,2.0,0,,test
3173,003173.png,data/images/003173.png,64-APSK,2.52,low,mild,2.0,mild,0.05,2.0,0,,train
3174,003174.png,data/images/003174.png,64-APSK,2.73,low,mild,2.0,mild,0.05,2.0,1,8.97,val
3175,003175.png,data/images/003175.png,64-APSK,3.18,low,mild,2.0,severe,0.15,8.0,1,14.26,train
3176,003176.png,data/images/003176.png,64-APSK,2.59,low,mild,2.0,severe,0.15,8.0,1,8.14,train
3177,003177.png,data/images/003177.png,64-APSK,3.73,low,mild,2.0,severe,0.15,8.0,0,,train
3178,003178.png,data/images/003178.png,64-APSK,1.48,low,mild,2.0,severe,0.15,8.0,0,,val
3179,003179.png,data/images/003179.png,64-APSK,0.89,low,mild,2.0,severe,0.15,8.0,0,,train
3180,003180.png,data/images/003180.png,64-APSK,4.61,low,severe,6.0,none,0.0,0.0,0,,train
3181,003181.png,data/images/003181.png,64-APSK,4.33,low,severe,6.0,none,0.0,0.0,0,,train
3182,003182.png,data/images/003182.png,64-APSK,2.32,low,severe,6.0,none,0.0,0.0,1,9.91,test
3183,003183.png,data/images/003183.png,64-APSK,2.96,low,severe,6.0,none,0.0,0.0,0,,train
3184,003184.png,data/images/003184.png,64-APSK,0.31,low,severe,6.0,none,0.0,0.0,0,,train
3185,003185.png,data/images/003185.png,64-APSK,3.44,low,severe,6.0,mild,0.05,2.0,1,12.59,val
3186,003186.png,data/images/003186.png,64-APSK,2.56,low,severe,6.0,mild,0.05,2.0,1,12.58,train
3187,003187.png,data/images/003187.png,64-APSK,1.88,low,severe,6.0,mild,0.05,2.0,0,,test
3188,003188.png,data/images/003188.png,64-APSK,0.29,low,severe,6.0,mild,0.05,2.0,0,,test
3189,003189.png,data/images/003189.png,64-APSK,0.16,low,severe,6.0,mild,0.05,2.0,0,,train
3190,003190.png,data/images/003190.png,64-APSK,2.23,low,severe,6.0,severe,0.15,8.0,0,,test
3191,003191.png,data/images/003191.png,64-APSK,2.09,low,severe,6.0,severe,0.15,8.0,0,,train
3192,003192.png,data/images/003192.png,64-APSK,1.93,low,severe,6.0,severe,0.15,8.0,0,,train
3193,003193.png,data/images/003193.png,64-APSK,0.23,low,severe,6.0,severe,0.15,8.0,0,,train
3194,003194.png,data/images/003194.png,64-APSK,3.37,low,severe,6.0,severe,0.15,8.0,0,,train
3195,003195.png,data/images/003195.png,64-APSK,9.21,low_mid,none,0.0,none,0.0,0.0,0,,ood_test
3196,003196.png,data/images/003196.png,64-APSK,7.36,low_mid,none,0.0,none,0.0,0.0,1,14.11,ood_test
3197,003197.png,data/images/003197.png,64-APSK,7.42,low_mid,none,0.0,none,0.0,0.0,1,9.41,ood_test
3198,003198.png,data/images/003198.png,64-APSK,6.21,low_mid,none,0.0,none,0.0,0.0,0,,ood_test
3199,003199.png,data/images/003199.png,64-APSK,7.92,low_mid,none,0.0,none,0.0,0.0,0,,ood_test
3200,003200.png,data/images/003200.png,64-APSK,6.12,low_mid,none,0.0,mild,0.05,2.0,1,12.68,ood_test
3201,003201.png,data/images/003201.png,64-APSK,5.17,low_mid,none,0.0,mild,0.05,2.0,0,,ood_test
3202,003202.png,data/images/003202.png,64-APSK,7.39,low_mid,none,0.0,mild,0.05,2.0,0,,ood_test
3203,003203.png,data/images/003203.png,64-APSK,9.6,low_mid,none,0.0,mild,0.05,2.0,0,,ood_test
3204,003204.png,data/images/003204.png,64-APSK,9.97,low_mid,none,0.0,mild,0.05,2.0,1,5.57,ood_test
3205,003205.png,data/images/003205.png,64-APSK,7.17,low_mid,none,0.0,severe,0.15,8.0,0,,ood_test
3206,003206.png,data/images/003206.png,64-APSK,9.82,low_mid,none,0.0,severe,0.15,8.0,0,,ood_test
3207,003207.png,data/images/003207.png,64-APSK,6.41,low_mid,none,0.0,severe,0.15,8.0,0,,ood_test
3208,003208.png,data/images/003208.png,64-APSK,8.64,low_mid,none,0.0,severe,0.15,8.0,0,,ood_test
3209,003209.png,data/images/003209.png,64-APSK,8.84,low_mid,none,0.0,severe,0.15,8.0,0,,ood_test
3210,003210.png,data/images/003210.png,64-APSK,9.83,low_mid,mild,2.0,none,0.0,0.0,1,11.06,ood_test
3211,003211.png,data/images/003211.png,64-APSK,5.48,low_mid,mild,2.0,none,0.0,0.0,0,,ood_test
3212,003212.png,data/images/003212.png,64-APSK,6.31,low_mid,mild,2.0,none,0.0,0.0,0,,ood_test
3213,003213.png,data/images/003213.png,64-APSK,7.75,low_mid,mild,2.0,none,0.0,0.0,0,,ood_test
3214,003214.png,data/images/003214.png,64-APSK,6.25,low_mid,mild,2.0,none,0.0,0.0,0,,ood_test
3215,003215.png,data/images/003215.png,64-APSK,9.78,low_mid,mild,2.0,mild,0.05,2.0,0,,ood_test
3216,003216.png,data/images/003216.png,64-APSK,8.5,low_mid,mild,2.0,mild,0.05,2.0,0,,ood_test
3217,003217.png,data/images/003217.png,64-APSK,7.28,low_mid,mild,2.0,mild,0.05,2.0,0,,ood_test
3218,003218.png,data/images/003218.png,64-APSK,8.12,low_mid,mild,2.0,mild,0.05,2.0,0,,ood_test
3219,003219.png,data/images/003219.png,64-APSK,8.85,low_mid,mild,2.0,mild,0.05,2.0,0,,ood_test
3220,003220.png,data/images/003220.png,64-APSK,7.1,low_mid,mild,2.0,severe,0.15,8.0,0,,ood_test
3221,003221.png,data/images/003221.png,64-APSK,9.42,low_mid,mild,2.0,severe,0.15,8.0,0,,ood_test
3222,003222.png,data/images/003222.png,64-APSK,6.76,low_mid,mild,2.0,severe,0.15,8.0,0,,ood_test
3223,003223.png,data/images/003223.png,64-APSK,7.04,low_mid,mild,2.0,severe,0.15,8.0,1,13.94,ood_test
3224,003224.png,data/images/003224.png,64-APSK,8.68,low_mid,mild,2.0,severe,0.15,8.0,0,,ood_test
3225,003225.png,data/images/003225.png,64-APSK,6.78,low_mid,severe,6.0,none,0.0,0.0,0,,ood_test
3226,003226.png,data/images/003226.png,64-APSK,6.9,low_mid,severe,6.0,none,0.0,0.0,0,,ood_test
3227,003227.png,data/images/003227.png,64-APSK,5.66,low_mid,severe,6.0,none,0.0,0.0,0,,ood_test
3228,003228.png,data/images/003228.png,64-APSK,6.75,low_mid,severe,6.0,none,0.0,0.0,0,,ood_test
3229,003229.png,data/images/003229.png,64-APSK,9.55,low_mid,severe,6.0,none,0.0,0.0,1,11.41,ood_test
3230,003230.png,data/images/003230.png,64-APSK,5.27,low_mid,severe,6.0,mild,0.05,2.0,1,12.26,ood_test
3231,003231.png,data/images/003231.png,64-APSK,6.7,low_mid,severe,6.0,mild,0.05,2.0,0,,ood_test
3232,003232.png,data/images/003232.png,64-APSK,6.37,low_mid,severe,6.0,mild,0.05,2.0,0,,ood_test
3233,003233.png,data/images/003233.png,64-APSK,7.14,low_mid,severe,6.0,mild,0.05,2.0,1,11.17,ood_test
3234,003234.png,data/images/003234.png,64-APSK,9.51,low_mid,severe,6.0,mild,0.05,2.0,1,7.46,ood_test
3235,003235.png,data/images/003235.png,64-APSK,6.27,low_mid,severe,6.0,severe,0.15,8.0,0,,ood_test
3236,003236.png,data/images/003236.png,64-APSK,8.2,low_mid,severe,6.0,severe,0.15,8.0,0,,ood_test
3237,003237.png,data/images/003237.png,64-APSK,6.8,low_mid,severe,6.0,severe,0.15,8.0,1,5.22,ood_test
3238,003238.png,data/images/003238.png,64-APSK,8.41,low_mid,severe,6.0,severe,0.15,8.0,1,5.0,ood_test
3239,003239.png,data/images/003239.png,64-APSK,8.38,low_mid,severe,6.0,severe,0.15,8.0,0,,ood_test
3240,003240.png,data/images/003240.png,64-APSK,14.39,mid,none,0.0,none,0.0,0.0,0,,val
3241,003241.png,data/images/003241.png,64-APSK,11.85,mid,none,0.0,none,0.0,0.0,1,9.62,test
3242,003242.png,data/images/003242.png,64-APSK,11.31,mid,none,0.0,none,0.0,0.0,1,12.45,train
3243,003243.png,data/images/003243.png,64-APSK,10.27,mid,none,0.0,none,0.0,0.0,0,,train
3244,003244.png,data/images/003244.png,64-APSK,11.99,mid,none,0.0,none,0.0,0.0,0,,val
3245,003245.png,data/images/003245.png,64-APSK,14.95,mid,none,0.0,mild,0.05,2.0,0,,val
3246,003246.png,data/images/003246.png,64-APSK,11.79,mid,none,0.0,mild,0.05,2.0,0,,train
3247,003247.png,data/images/003247.png,64-APSK,11.14,mid,none,0.0,mild,0.05,2.0,0,,train
3248,003248.png,data/images/003248.png,64-APSK,11.95,mid,none,0.0,mild,0.05,2.0,1,11.63,val
3249,003249.png,data/images/003249.png,64-APSK,12.28,mid,none,0.0,mild,0.05,2.0,0,,train
3250,003250.png,data/images/003250.png,64-APSK,13.76,mid,none,0.0,severe,0.15,8.0,0,,train
3251,003251.png,data/images/003251.png,64-APSK,11.43,mid,none,0.0,severe,0.15,8.0,0,,test
3252,003252.png,data/images/003252.png,64-APSK,10.86,mid,none,0.0,severe,0.15,8.0,0,,train
3253,003253.png,data/images/003253.png,64-APSK,12.42,mid,none,0.0,severe,0.15,8.0,0,,train
3254,003254.png,data/images/003254.png,64-APSK,12.37,mid,none,0.0,severe,0.15,8.0,0,,test
3255,003255.png,data/images/003255.png,64-APSK,13.52,mid,mild,2.0,none,0.0,0.0,0,,train
3256,003256.png,data/images/003256.png,64-APSK,13.99,mid,mild,2.0,none,0.0,0.0,0,,test
3257,003257.png,data/images/003257.png,64-APSK,14.79,mid,mild,2.0,none,0.0,0.0,0,,train
3258,003258.png,data/images/003258.png,64-APSK,10.48,mid,mild,2.0,none,0.0,0.0,1,12.33,train
3259,003259.png,data/images/003259.png,64-APSK,11.31,mid,mild,2.0,none,0.0,0.0,0,,train
3260,003260.png,data/images/003260.png,64-APSK,12.6,mid,mild,2.0,mild,0.05,2.0,0,,train
3261,003261.png,data/images/003261.png,64-APSK,14.15,mid,mild,2.0,mild,0.05,2.0,0,,train
3262,003262.png,data/images/003262.png,64-APSK,13.48,mid,mild,2.0,mild,0.05,2.0,0,,val
3263,003263.png,data/images/003263.png,64-APSK,14.93,mid,mild,2.0,mild,0.05,2.0,1,7.35,train
3264,003264.png,data/images/003264.png,64-APSK,12.82,mid,mild,2.0,mild,0.05,2.0,0,,train
3265,003265.png,data/images/003265.png,64-APSK,11.07,mid,mild,2.0,severe,0.15,8.0,0,,train
3266,003266.png,data/images/003266.png,64-APSK,10.08,mid,mild,2.0,severe,0.15,8.0,0,,val
3267,003267.png,data/images/003267.png,64-APSK,11.02,mid,mild,2.0,severe,0.15,8.0,1,12.15,train
3268,003268.png,data/images/003268.png,64-APSK,14.66,mid,mild,2.0,severe,0.15,8.0,0,,train
3269,003269.png,data/images/003269.png,64-APSK,12.75,mid,mild,2.0,severe,0.15,8.0,0,,val
3270,003270.png,data/images/003270.png,64-APSK,12.33,mid,severe,6.0,none,0.0,0.0,0,,train
3271,003271.png,data/images/003271.png,64-APSK,11.9,mid,severe,6.0,none,0.0,0.0,0,,train
3272,003272.png,data/images/003272.png,64-APSK,10.36,mid,severe,6.0,none,0.0,0.0,0,,test
3273,003273.png,data/images/003273.png,64-APSK,11.09,mid,severe,6.0,none,0.0,0.0,0,,val
3274,003274.png,data/images/003274.png,64-APSK,12.28,mid,severe,6.0,none,0.0,0.0,0,,train
3275,003275.png,data/images/003275.png,64-APSK,13.08,mid,severe,6.0,mild,0.05,2.0,0,,train
3276,003276.png,data/images/003276.png,64-APSK,11.44,mid,severe,6.0,mild,0.05,2.0,0,,train
3277,003277.png,data/images/003277.png,64-APSK,12.35,mid,severe,6.0,mild,0.05,2.0,0,,val
3278,003278.png,data/images/003278.png,64-APSK,12.11,mid,severe,6.0,mild,0.05,2.0,0,,val
3279,003279.png,data/images/003279.png,64-APSK,12.21,mid,severe,6.0,mild,0.05,2.0,1,12.82,train
3280,003280.png,data/images/003280.png,64-APSK,14.22,mid,severe,6.0,severe,0.15,8.0,0,,val
3281,003281.png,data/images/003281.png,64-APSK,10.71,mid,severe,6.0,severe,0.15,8.0,1,6.83,train
3282,003282.png,data/images/003282.png,64-APSK,14.77,mid,severe,6.0,severe,0.15,8.0,0,,test
3283,003283.png,data/images/003283.png,64-APSK,10.93,mid,severe,6.0,severe,0.15,8.0,0,,val
3284,003284.png,data/images/003284.png,64-APSK,12.79,mid,severe,6.0,severe,0.15,8.0,0,,train
3285,003285.png,data/images/003285.png,64-APSK,15.23,high_mid,none,0.0,none,0.0,0.0,0,,train
3286,003286.png,data/images/003286.png,64-APSK,16.72,high_mid,none,0.0,none,0.0,0.0,0,,train
3287,003287.png,data/images/003287.png,64-APSK,17.02,high_mid,none,0.0,none,0.0,0.0,0,,test
3288,003288.png,data/images/003288.png,64-APSK,16.1,high_mid,none,0.0,none,0.0,0.0,0,,train
3289,003289.png,data/images/003289.png,64-APSK,19.55,high_mid,none,0.0,none,0.0,0.0,1,12.93,train
3290,003290.png,data/images/003290.png,64-APSK,16.96,high_mid,none,0.0,mild,0.05,2.0,0,,val
3291,003291.png,data/images/003291.png,64-APSK,17.22,high_mid,none,0.0,mild,0.05,2.0,0,,train
3292,003292.png,data/images/003292.png,64-APSK,16.5,high_mid,none,0.0,mild,0.05,2.0,0,,train
3293,003293.png,data/images/003293.png,64-APSK,17.17,high_mid,none,0.0,mild,0.05,2.0,0,,train
3294,003294.png,data/images/003294.png,64-APSK,18.96,high_mid,none,0.0,mild,0.05,2.0,0,,train
3295,003295.png,data/images/003295.png,64-APSK,15.43,high_mid,none,0.0,severe,0.15,8.0,0,,test
3296,003296.png,data/images/003296.png,64-APSK,16.57,high_mid,none,0.0,severe,0.15,8.0,0,,test
3297,003297.png,data/images/003297.png,64-APSK,18.75,high_mid,none,0.0,severe,0.15,8.0,0,,train
3298,003298.png,data/images/003298.png,64-APSK,19.95,high_mid,none,0.0,severe,0.15,8.0,1,12.38,train
3299,003299.png,data/images/003299.png,64-APSK,16.51,high_mid,none,0.0,severe,0.15,8.0,0,,val
3300,003300.png,data/images/003300.png,64-APSK,16.09,high_mid,mild,2.0,none,0.0,0.0,0,,val
3301,003301.png,data/images/003301.png,64-APSK,16.93,high_mid,mild,2.0,none,0.0,0.0,0,,train
3302,003302.png,data/images/003302.png,64-APSK,15.11,high_mid,mild,2.0,none,0.0,0.0,0,,train
3303,003303.png,data/images/003303.png,64-APSK,19.71,high_mid,mild,2.0,none,0.0,0.0,0,,train
3304,003304.png,data/images/003304.png,64-APSK,17.65,high_mid,mild,2.0,none,0.0,0.0,1,9.39,train
3305,003305.png,data/images/003305.png,64-APSK,19.05,high_mid,mild,2.0,mild,0.05,2.0,1,8.91,test
3306,003306.png,data/images/003306.png,64-APSK,16.46,high_mid,mild,2.0,mild,0.05,2.0,0,,val
3307,003307.png,data/images/003307.png,64-APSK,16.59,high_mid,mild,2.0,mild,0.05,2.0,1,14.46,train
3308,003308.png,data/images/003308.png,64-APSK,17.26,high_mid,mild,2.0,mild,0.05,2.0,0,,test
3309,003309.png,data/images/003309.png,64-APSK,15.5,high_mid,mild,2.0,mild,0.05,2.0,1,10.93,train
3310,003310.png,data/images/003310.png,64-APSK,15.51,high_mid,mild,2.0,severe,0.15,8.0,0,,train
3311,003311.png,data/images/003311.png,64-APSK,15.55,high_mid,mild,2.0,severe,0.15,8.0,0,,train
3312,003312.png,data/images/003312.png,64-APSK,15.75,high_mid,mild,2.0,severe,0.15,8.0,0,,train
3313,003313.png,data/images/003313.png,64-APSK,16.62,high_mid,mild,2.0,severe,0.15,8.0,0,,val
3314,003314.png,data/images/003314.png,64-APSK,15.86,high_mid,mild,2.0,severe,0.15,8.0,0,,test
3315,003315.png,data/images/003315.png,64-APSK,19.82,high_mid,severe,6.0,none,0.0,0.0,1,6.92,test
3316,003316.png,data/images/003316.png,64-APSK,19.79,high_mid,severe,6.0,none,0.0,0.0,0,,test
3317,003317.png,data/images/003317.png,64-APSK,17.29,high_mid,severe,6.0,none,0.0,0.0,0,,train
3318,003318.png,data/images/003318.png,64-APSK,19.78,high_mid,severe,6.0,none,0.0,0.0,1,7.05,train
3319,003319.png,data/images/003319.png,64-APSK,17.14,high_mid,severe,6.0,none,0.0,0.0,0,,train
3320,003320.png,data/images/003320.png,64-APSK,18.2,high_mid,severe,6.0,mild,0.05,2.0,1,13.15,train
3321,003321.png,data/images/003321.png,64-APSK,19.02,high_mid,severe,6.0,mild,0.05,2.0,0,,train
3322,003322.png,data/images/003322.png,64-APSK,18.47,high_mid,severe,6.0,mild,0.05,2.0,1,8.91,train
3323,003323.png,data/images/003323.png,64-APSK,17.76,high_mid,severe,6.0,mild,0.05,2.0,0,,train
3324,003324.png,data/images/003324.png,64-APSK,16.54,high_mid,severe,6.0,mild,0.05,2.0,1,8.55,test
3325,003325.png,data/images/003325.png,64-APSK,19.7,high_mid,severe,6.0,severe,0.15,8.0,0,,train
3326,003326.png,data/images/003326.png,64-APSK,17.1,high_mid,severe,6.0,severe,0.15,8.0,0,,train
3327,003327.png,data/images/003327.png,64-APSK,18.47,high_mid,severe,6.0,severe,0.15,8.0,1,5.72,train
3328,003328.png,data/images/003328.png,64-APSK,18.76,high_mid,severe,6.0,severe,0.15,8.0,1,6.74,val
3329,003329.png,data/images/003329.png,64-APSK,18.57,high_mid,severe,6.0,severe,0.15,8.0,1,7.79,train
3330,003330.png,data/images/003330.png,64-APSK,20.42,high,none,0.0,none,0.0,0.0,0,,train
3331,003331.png,data/images/003331.png,64-APSK,22.86,high,none,0.0,none,0.0,0.0,0,,train
3332,003332.png,data/images/003332.png,64-APSK,21.96,high,none,0.0,none,0.0,0.0,0,,train
3333,003333.png,data/images/003333.png,64-APSK,23.21,high,none,0.0,none,0.0,0.0,1,7.7,train
3334,003334.png,data/images/003334.png,64-APSK,20.32,high,none,0.0,none,0.0,0.0,0,,test
3335,003335.png,data/images/003335.png,64-APSK,28.08,high,none,0.0,mild,0.05,2.0,0,,test
3336,003336.png,data/images/003336.png,64-APSK,22.65,high,none,0.0,mild,0.05,2.0,0,,train
3337,003337.png,data/images/003337.png,64-APSK,20.3,high,none,0.0,mild,0.05,2.0,0,,test
3338,003338.png,data/images/003338.png,64-APSK,23.36,high,none,0.0,mild,0.05,2.0,0,,val
3339,003339.png,data/images/003339.png,64-APSK,21.1,high,none,0.0,mild,0.05,2.0,0,,train
3340,003340.png,data/images/003340.png,64-APSK,27.48,high,none,0.0,severe,0.15,8.0,0,,val
3341,003341.png,data/images/003341.png,64-APSK,20.79,high,none,0.0,severe,0.15,8.0,1,13.83,train
3342,003342.png,data/images/003342.png,64-APSK,26.17,high,none,0.0,severe,0.15,8.0,0,,train
3343,003343.png,data/images/003343.png,64-APSK,20.51,high,none,0.0,severe,0.15,8.0,1,10.77,train
3344,003344.png,data/images/003344.png,64-APSK,24.63,high,none,0.0,severe,0.15,8.0,1,6.61,train
3345,003345.png,data/images/003345.png,64-APSK,24.09,high,mild,2.0,none,0.0,0.0,0,,train
3346,003346.png,data/images/003346.png,64-APSK,24.89,high,mild,2.0,none,0.0,0.0,0,,val
3347,003347.png,data/images/003347.png,64-APSK,25.51,high,mild,2.0,none,0.0,0.0,0,,val
3348,003348.png,data/images/003348.png,64-APSK,21.52,high,mild,2.0,none,0.0,0.0,0,,test
3349,003349.png,data/images/003349.png,64-APSK,28.35,high,mild,2.0,none,0.0,0.0,0,,train
3350,003350.png,data/images/003350.png,64-APSK,22.47,high,mild,2.0,mild,0.05,2.0,0,,train
3351,003351.png,data/images/003351.png,64-APSK,26.44,high,mild,2.0,mild,0.05,2.0,0,,val
3352,003352.png,data/images/003352.png,64-APSK,28.17,high,mild,2.0,mild,0.05,2.0,0,,test
3353,003353.png,data/images/003353.png,64-APSK,24.07,high,mild,2.0,mild,0.05,2.0,0,,train
3354,003354.png,data/images/003354.png,64-APSK,22.94,high,mild,2.0,mild,0.05,2.0,1,7.58,train
3355,003355.png,data/images/003355.png,64-APSK,29.15,high,mild,2.0,severe,0.15,8.0,0,,train
3356,003356.png,data/images/003356.png,64-APSK,27.6,high,mild,2.0,severe,0.15,8.0,0,,train
3357,003357.png,data/images/003357.png,64-APSK,29.96,high,mild,2.0,severe,0.15,8.0,0,,test
3358,003358.png,data/images/003358.png,64-APSK,25.07,high,mild,2.0,severe,0.15,8.0,0,,train
3359,003359.png,data/images/003359.png,64-APSK,21.9,high,mild,2.0,severe,0.15,8.0,0,,val
3360,003360.png,data/images/003360.png,64-APSK,29.0,high,severe,6.0,none,0.0,0.0,0,,train
3361,003361.png,data/images/003361.png,64-APSK,22.02,high,severe,6.0,none,0.0,0.0,0,,train
3362,003362.png,data/images/003362.png,64-APSK,20.41,high,severe,6.0,none,0.0,0.0,0,,train
3363,003363.png,data/images/003363.png,64-APSK,26.69,high,severe,6.0,none,0.0,0.0,0,,train
3364,003364.png,data/images/003364.png,64-APSK,24.64,high,severe,6.0,none,0.0,0.0,0,,train
3365,003365.png,data/images/003365.png,64-APSK,27.13,high,severe,6.0,mild,0.05,2.0,1,9.22,train
3366,003366.png,data/images/003366.png,64-APSK,24.71,high,severe,6.0,mild,0.05,2.0,0,,train
3367,003367.png,data/images/003367.png,64-APSK,27.69,high,severe,6.0,mild,0.05,2.0,0,,train
3368,003368.png,data/images/003368.png,64-APSK,20.04,high,severe,6.0,mild,0.05,2.0,0,,train
3369,003369.png,data/images/003369.png,64-APSK,28.3,high,severe,6.0,mild,0.05,2.0,0,,train
3370,003370.png,data/images/003370.png,64-APSK,28.77,high,severe,6.0,severe,0.15,8.0,0,,val
3371,003371.png,data/images/003371.png,64-APSK,22.43,high,severe,6.0,severe,0.15,8.0,1,11.79,train
3372,003372.png,data/images/003372.png,64-APSK,28.12,high,severe,6.0,severe,0.15,8.0,1,11.14,val
3373,003373.png,data/images/003373.png,64-APSK,23.86,high,severe,6.0,severe,0.15,8.0,1,13.18,train
3374,003374.png,data/images/003374.png,64-APSK,27.09,high,severe,6.0,severe,0.15,8.0,0,,train
3375,003375.png,data/images/003375.png,128-APSK,1.78,low,none,0.0,none,0.0,0.0,0,,train
3376,003376.png,data/images/003376.png,128-APSK,4.82,low,none,0.0,none,0.0,0.0,1,14.37,train
3377,003377.png,data/images/003377.png,128-APSK,2.94,low,none,0.0,none,0.0,0.0,0,,train
3378,003378.png,data/images/003378.png,128-APSK,4.26,low,none,0.0,none,0.0,0.0,1,13.2,train
3379,003379.png,data/images/003379.png,128-APSK,0.85,low,none,0.0,none,0.0,0.0,0,,val
3380,003380.png,data/images/003380.png,128-APSK,0.9,low,none,0.0,mild,0.05,2.0,0,,train
3381,003381.png,data/images/003381.png,128-APSK,2.37,low,none,0.0,mild,0.05,2.0,0,,train
3382,003382.png,data/images/003382.png,128-APSK,3.4,low,none,0.0,mild,0.05,2.0,0,,val
3383,003383.png,data/images/003383.png,128-APSK,0.83,low,none,0.0,mild,0.05,2.0,0,,train
3384,003384.png,data/images/003384.png,128-APSK,1.12,low,none,0.0,mild,0.05,2.0,0,,val
3385,003385.png,data/images/003385.png,128-APSK,4.53,low,none,0.0,severe,0.15,8.0,0,,train
3386,003386.png,data/images/003386.png,128-APSK,3.2,low,none,0.0,severe,0.15,8.0,0,,train
3387,003387.png,data/images/003387.png,128-APSK,1.06,low,none,0.0,severe,0.15,8.0,1,10.12,train
3388,003388.png,data/images/003388.png,128-APSK,1.06,low,none,0.0,severe,0.15,8.0,0,,val
3389,003389.png,data/images/003389.png,128-APSK,0.92,low,none,0.0,severe,0.15,8.0,0,,train
3390,003390.png,data/images/003390.png,128-APSK,4.45,low,mild,2.0,none,0.0,0.0,0,,test
3391,003391.png,data/images/003391.png,128-APSK,2.53,low,mild,2.0,none,0.0,0.0,0,,train
3392,003392.png,data/images/003392.png,128-APSK,3.03,low,mild,2.0,none,0.0,0.0,1,7.31,train
3393,003393.png,data/images/003393.png,128-APSK,4.68,low,mild,2.0,none,0.0,0.0,0,,train
3394,003394.png,data/images/003394.png,128-APSK,3.36,low,mild,2.0,none,0.0,0.0,0,,test
3395,003395.png,data/images/003395.png,128-APSK,1.43,low,mild,2.0,mild,0.05,2.0,1,7.36,train
3396,003396.png,data/images/003396.png,128-APSK,1.31,low,mild,2.0,mild,0.05,2.0,0,,train
3397,003397.png,data/images/003397.png,128-APSK,4.85,low,mild,2.0,mild,0.05,2.0,1,14.73,train
3398,003398.png,data/images/003398.png,128-APSK,2.19,low,mild,2.0,mild,0.05,2.0,0,,train
3399,003399.png,data/images/003399.png,128-APSK,4.91,low,mild,2.0,mild,0.05,2.0,0,,test
3400,003400.png,data/images/003400.png,128-APSK,0.2,low,mild,2.0,severe,0.15,8.0,0,,val
3401,003401.png,data/images/003401.png,128-APSK,1.85,low,mild,2.0,severe,0.15,8.0,0,,train
3402,003402.png,data/images/003402.png,128-APSK,4.39,low,mild,2.0,severe,0.15,8.0,1,9.07,train
3403,003403.png,data/images/003403.png,128-APSK,1.08,low,mild,2.0,severe,0.15,8.0,1,14.09,train
3404,003404.png,data/images/003404.png,128-APSK,4.63,low,mild,2.0,severe,0.15,8.0,0,,train
3405,003405.png,data/images/003405.png,128-APSK,2.91,low,severe,6.0,none,0.0,0.0,0,,val
3406,003406.png,data/images/003406.png,128-APSK,1.83,low,severe,6.0,none,0.0,0.0,0,,test
3407,003407.png,data/images/003407.png,128-APSK,4.19,low,severe,6.0,none,0.0,0.0,0,,train
3408,003408.png,data/images/003408.png,128-APSK,0.64,low,severe,6.0,none,0.0,0.0,1,12.88,train
3409,003409.png,data/images/003409.png,128-APSK,1.58,low,severe,6.0,none,0.0,0.0,0,,train
3410,003410.png,data/images/003410.png,128-APSK,1.57,low,severe,6.0,mild,0.05,2.0,0,,test
3411,003411.png,data/images/003411.png,128-APSK,0.66,low,severe,6.0,mild,0.05,2.0,0,,train
3412,003412.png,data/images/003412.png,128-APSK,3.07,low,severe,6.0,mild,0.05,2.0,0,,train
3413,003413.png,data/images/003413.png,128-APSK,2.49,low,severe,6.0,mild,0.05,2.0,0,,test
3414,003414.png,data/images/003414.png,128-APSK,1.55,low,severe,6.0,mild,0.05,2.0,0,,test
3415,003415.png,data/images/003415.png,128-APSK,4.23,low,severe,6.0,severe,0.15,8.0,0,,train
3416,003416.png,data/images/003416.png,128-APSK,1.86,low,severe,6.0,severe,0.15,8.0,1,5.02,train
3417,003417.png,data/images/003417.png,128-APSK,1.58,low,severe,6.0,severe,0.15,8.0,0,,train
3418,003418.png,data/images/003418.png,128-APSK,3.66,low,severe,6.0,severe,0.15,8.0,0,,train
3419,003419.png,data/images/003419.png,128-APSK,3.01,low,severe,6.0,severe,0.15,8.0,0,,train
3420,003420.png,data/images/003420.png,128-APSK,6.02,low_mid,none,0.0,none,0.0,0.0,1,7.74,ood_test
3421,003421.png,data/images/003421.png,128-APSK,9.04,low_mid,none,0.0,none,0.0,0.0,1,11.48,ood_test
3422,003422.png,data/images/003422.png,128-APSK,9.27,low_mid,none,0.0,none,0.0,0.0,0,,ood_test
3423,003423.png,data/images/003423.png,128-APSK,8.86,low_mid,none,0.0,none,0.0,0.0,0,,ood_test
3424,003424.png,data/images/003424.png,128-APSK,8.09,low_mid,none,0.0,none,0.0,0.0,0,,ood_test
3425,003425.png,data/images/003425.png,128-APSK,6.65,low_mid,none,0.0,mild,0.05,2.0,0,,ood_test
3426,003426.png,data/images/003426.png,128-APSK,7.94,low_mid,none,0.0,mild,0.05,2.0,1,11.71,ood_test
3427,003427.png,data/images/003427.png,128-APSK,8.36,low_mid,none,0.0,mild,0.05,2.0,1,13.06,ood_test
3428,003428.png,data/images/003428.png,128-APSK,5.07,low_mid,none,0.0,mild,0.05,2.0,0,,ood_test
3429,003429.png,data/images/003429.png,128-APSK,7.54,low_mid,none,0.0,mild,0.05,2.0,0,,ood_test
3430,003430.png,data/images/003430.png,128-APSK,9.27,low_mid,none,0.0,severe,0.15,8.0,1,12.59,ood_test
3431,003431.png,data/images/003431.png,128-APSK,8.24,low_mid,none,0.0,severe,0.15,8.0,0,,ood_test
3432,003432.png,data/images/003432.png,128-APSK,9.93,low_mid,none,0.0,severe,0.15,8.0,0,,ood_test
3433,003433.png,data/images/003433.png,128-APSK,5.2,low_mid,none,0.0,severe,0.15,8.0,0,,ood_test
3434,003434.png,data/images/003434.png,128-APSK,5.2,low_mid,none,0.0,severe,0.15,8.0,0,,ood_test
3435,003435.png,data/images/003435.png,128-APSK,6.9,low_mid,mild,2.0,none,0.0,0.0,0,,ood_test
3436,003436.png,data/images/003436.png,128-APSK,9.3,low_mid,mild,2.0,none,0.0,0.0,0,,ood_test
3437,003437.png,data/images/003437.png,128-APSK,5.85,low_mid,mild,2.0,none,0.0,0.0,1,8.02,ood_test
3438,003438.png,data/images/003438.png,128-APSK,9.66,low_mid,mild,2.0,none,0.0,0.0,0,,ood_test
3439,003439.png,data/images/003439.png,128-APSK,9.33,low_mid,mild,2.0,none,0.0,0.0,0,,ood_test
3440,003440.png,data/images/003440.png,128-APSK,7.58,low_mid,mild,2.0,mild,0.05,2.0,0,,ood_test
3441,003441.png,data/images/003441.png,128-APSK,8.5,low_mid,mild,2.0,mild,0.05,2.0,1,6.57,ood_test
3442,003442.png,data/images/003442.png,128-APSK,7.27,low_mid,mild,2.0,mild,0.05,2.0,0,,ood_test
3443,003443.png,data/images/003443.png,128-APSK,7.82,low_mid,mild,2.0,mild,0.05,2.0,1,13.67,ood_test
3444,003444.png,data/images/003444.png,128-APSK,7.84,low_mid,mild,2.0,mild,0.05,2.0,1,15.0,ood_test
3445,003445.png,data/images/003445.png,128-APSK,5.72,low_mid,mild,2.0,severe,0.15,8.0,0,,ood_test
3446,003446.png,data/images/003446.png,128-APSK,9.65,low_mid,mild,2.0,severe,0.15,8.0,0,,ood_test
3447,003447.png,data/images/003447.png,128-APSK,5.55,low_mid,mild,2.0,severe,0.15,8.0,0,,ood_test
3448,003448.png,data/images/003448.png,128-APSK,5.67,low_mid,mild,2.0,severe,0.15,8.0,0,,ood_test
3449,003449.png,data/images/003449.png,128-APSK,7.05,low_mid,mild,2.0,severe,0.15,8.0,1,8.74,ood_test
3450,003450.png,data/images/003450.png,128-APSK,5.4,low_mid,severe,6.0,none,0.0,0.0,1,7.16,ood_test
3451,003451.png,data/images/003451.png,128-APSK,6.66,low_mid,severe,6.0,none,0.0,0.0,1,8.74,ood_test
3452,003452.png,data/images/003452.png,128-APSK,8.06,low_mid,severe,6.0,none,0.0,0.0,0,,ood_test
3453,003453.png,data/images/003453.png,128-APSK,6.63,low_mid,severe,6.0,none,0.0,0.0,0,,ood_test
3454,003454.png,data/images/003454.png,128-APSK,9.91,low_mid,severe,6.0,none,0.0,0.0,0,,ood_test
3455,003455.png,data/images/003455.png,128-APSK,6.12,low_mid,severe,6.0,mild,0.05,2.0,0,,ood_test
3456,003456.png,data/images/003456.png,128-APSK,6.72,low_mid,severe,6.0,mild,0.05,2.0,1,12.7,ood_test
3457,003457.png,data/images/003457.png,128-APSK,5.61,low_mid,severe,6.0,mild,0.05,2.0,0,,ood_test
3458,003458.png,data/images/003458.png,128-APSK,8.64,low_mid,severe,6.0,mild,0.05,2.0,1,13.33,ood_test
3459,003459.png,data/images/003459.png,128-APSK,5.94,low_mid,severe,6.0,mild,0.05,2.0,1,7.66,ood_test
3460,003460.png,data/images/003460.png,128-APSK,7.16,low_mid,severe,6.0,severe,0.15,8.0,0,,ood_test
3461,003461.png,data/images/003461.png,128-APSK,7.46,low_mid,severe,6.0,severe,0.15,8.0,1,13.25,ood_test
3462,003462.png,data/images/003462.png,128-APSK,7.2,low_mid,severe,6.0,severe,0.15,8.0,0,,ood_test
3463,003463.png,data/images/003463.png,128-APSK,7.68,low_mid,severe,6.0,severe,0.15,8.0,0,,ood_test
3464,003464.png,data/images/003464.png,128-APSK,6.89,low_mid,severe,6.0,severe,0.15,8.0,0,,ood_test
3465,003465.png,data/images/003465.png,128-APSK,12.07,mid,none,0.0,none,0.0,0.0,1,9.89,train
3466,003466.png,data/images/003466.png,128-APSK,14.35,mid,none,0.0,none,0.0,0.0,0,,val
3467,003467.png,data/images/003467.png,128-APSK,12.51,mid,none,0.0,none,0.0,0.0,0,,val
3468,003468.png,data/images/003468.png,128-APSK,13.88,mid,none,0.0,none,0.0,0.0,0,,train
3469,003469.png,data/images/003469.png,128-APSK,12.91,mid,none,0.0,none,0.0,0.0,0,,test
3470,003470.png,data/images/003470.png,128-APSK,13.86,mid,none,0.0,mild,0.05,2.0,0,,train
3471,003471.png,data/images/003471.png,128-APSK,11.95,mid,none,0.0,mild,0.05,2.0,0,,train
3472,003472.png,data/images/003472.png,128-APSK,11.36,mid,none,0.0,mild,0.05,2.0,0,,train
3473,003473.png,data/images/003473.png,128-APSK,10.55,mid,none,0.0,mild,0.05,2.0,1,10.72,train
3474,003474.png,data/images/003474.png,128-APSK,13.11,mid,none,0.0,mild,0.05,2.0,0,,test
3475,003475.png,data/images/003475.png,128-APSK,14.01,mid,none,0.0,severe,0.15,8.0,0,,val
3476,003476.png,data/images/003476.png,128-APSK,13.19,mid,none,0.0,severe,0.15,8.0,1,5.96,train
3477,003477.png,data/images/003477.png,128-APSK,14.65,mid,none,0.0,severe,0.15,8.0,0,,train
3478,003478.png,data/images/003478.png,128-APSK,14.42,mid,none,0.0,severe,0.15,8.0,0,,train
3479,003479.png,data/images/003479.png,128-APSK,10.65,mid,none,0.0,severe,0.15,8.0,0,,train
3480,003480.png,data/images/003480.png,128-APSK,13.28,mid,mild,2.0,none,0.0,0.0,1,11.15,val
3481,003481.png,data/images/003481.png,128-APSK,13.5,mid,mild,2.0,none,0.0,0.0,0,,train
3482,003482.png,data/images/003482.png,128-APSK,13.81,mid,mild,2.0,none,0.0,0.0,0,,train
3483,003483.png,data/images/003483.png,128-APSK,10.34,mid,mild,2.0,none,0.0,0.0,0,,val
3484,003484.png,data/images/003484.png,128-APSK,10.78,mid,mild,2.0,none,0.0,0.0,0,,test
3485,003485.png,data/images/003485.png,128-APSK,10.13,mid,mild,2.0,mild,0.05,2.0,0,,train
3486,003486.png,data/images/003486.png,128-APSK,13.2,mid,mild,2.0,mild,0.05,2.0,1,11.28,train
3487,003487.png,data/images/003487.png,128-APSK,12.75,mid,mild,2.0,mild,0.05,2.0,0,,train
3488,003488.png,data/images/003488.png,128-APSK,12.37,mid,mild,2.0,mild,0.05,2.0,0,,test
3489,003489.png,data/images/003489.png,128-APSK,12.87,mid,mild,2.0,mild,0.05,2.0,0,,train
3490,003490.png,data/images/003490.png,128-APSK,12.44,mid,mild,2.0,severe,0.15,8.0,1,14.78,train
3491,003491.png,data/images/003491.png,128-APSK,13.99,mid,mild,2.0,severe,0.15,8.0,1,9.01,test
3492,003492.png,data/images/003492.png,128-APSK,14.84,mid,mild,2.0,severe,0.15,8.0,0,,train
3493,003493.png,data/images/003493.png,128-APSK,13.59,mid,mild,2.0,severe,0.15,8.0,0,,train
3494,003494.png,data/images/003494.png,128-APSK,11.58,mid,mild,2.0,severe,0.15,8.0,1,6.71,train
3495,003495.png,data/images/003495.png,128-APSK,14.08,mid,severe,6.0,none,0.0,0.0,0,,val
3496,003496.png,data/images/003496.png,128-APSK,14.91,mid,severe,6.0,none,0.0,0.0,0,,train
3497,003497.png,data/images/003497.png,128-APSK,13.22,mid,severe,6.0,none,0.0,0.0,0,,train
3498,003498.png,data/images/003498.png,128-APSK,12.71,mid,severe,6.0,none,0.0,0.0,0,,train
3499,003499.png,data/images/003499.png,128-APSK,12.07,mid,severe,6.0,none,0.0,0.0,0,,val
3500,003500.png,data/images/003500.png,128-APSK,11.93,mid,severe,6.0,mild,0.05,2.0,1,10.14,train
3501,003501.png,data/images/003501.png,128-APSK,12.16,mid,severe,6.0,mild,0.05,2.0,1,11.4,train
3502,003502.png,data/images/003502.png,128-APSK,12.02,mid,severe,6.0,mild,0.05,2.0,0,,train
3503,003503.png,data/images/003503.png,128-APSK,11.59,mid,severe,6.0,mild,0.05,2.0,1,14.6,test
3504,003504.png,data/images/003504.png,128-APSK,12.91,mid,severe,6.0,mild,0.05,2.0,1,5.02,val
3505,003505.png,data/images/003505.png,128-APSK,11.0,mid,severe,6.0,severe,0.15,8.0,0,,train
3506,003506.png,data/images/003506.png,128-APSK,10.12,mid,severe,6.0,severe,0.15,8.0,0,,train
3507,003507.png,data/images/003507.png,128-APSK,11.73,mid,severe,6.0,severe,0.15,8.0,0,,val
3508,003508.png,data/images/003508.png,128-APSK,14.75,mid,severe,6.0,severe,0.15,8.0,0,,val
3509,003509.png,data/images/003509.png,128-APSK,12.18,mid,severe,6.0,severe,0.15,8.0,0,,test
3510,003510.png,data/images/003510.png,128-APSK,17.68,high_mid,none,0.0,none,0.0,0.0,1,5.43,train
3511,003511.png,data/images/003511.png,128-APSK,18.86,high_mid,none,0.0,none,0.0,0.0,0,,test
3512,003512.png,data/images/003512.png,128-APSK,17.21,high_mid,none,0.0,none,0.0,0.0,0,,val
3513,003513.png,data/images/003513.png,128-APSK,19.34,high_mid,none,0.0,none,0.0,0.0,0,,val
3514,003514.png,data/images/003514.png,128-APSK,17.44,high_mid,none,0.0,none,0.0,0.0,0,,train
3515,003515.png,data/images/003515.png,128-APSK,18.49,high_mid,none,0.0,mild,0.05,2.0,0,,train
3516,003516.png,data/images/003516.png,128-APSK,17.1,high_mid,none,0.0,mild,0.05,2.0,0,,test
3517,003517.png,data/images/003517.png,128-APSK,15.28,high_mid,none,0.0,mild,0.05,2.0,1,5.21,train
3518,003518.png,data/images/003518.png,128-APSK,18.22,high_mid,none,0.0,mild,0.05,2.0,0,,val
3519,003519.png,data/images/003519.png,128-APSK,19.92,high_mid,none,0.0,mild,0.05,2.0,0,,train
3520,003520.png,data/images/003520.png,128-APSK,15.84,high_mid,none,0.0,severe,0.15,8.0,0,,train
3521,003521.png,data/images/003521.png,128-APSK,17.34,high_mid,none,0.0,severe,0.15,8.0,1,11.57,test
3522,003522.png,data/images/003522.png,128-APSK,17.64,high_mid,none,0.0,severe,0.15,8.0,0,,val
3523,003523.png,data/images/003523.png,128-APSK,19.81,high_mid,none,0.0,severe,0.15,8.0,1,12.74,train
3524,003524.png,data/images/003524.png,128-APSK,16.55,high_mid,none,0.0,severe,0.15,8.0,0,,train
3525,003525.png,data/images/003525.png,128-APSK,18.01,high_mid,mild,2.0,none,0.0,0.0,1,10.33,test
3526,003526.png,data/images/003526.png,128-APSK,17.52,high_mid,mild,2.0,none,0.0,0.0,1,12.31,test
3527,003527.png,data/images/003527.png,128-APSK,17.56,high_mid,mild,2.0,none,0.0,0.0,0,,train
3528,003528.png,data/images/003528.png,128-APSK,19.48,high_mid,mild,2.0,none,0.0,0.0,0,,test
3529,003529.png,data/images/003529.png,128-APSK,18.29,high_mid,mild,2.0,none,0.0,0.0,1,12.32,train
3530,003530.png,data/images/003530.png,128-APSK,19.78,high_mid,mild,2.0,mild,0.05,2.0,1,6.13,train
3531,003531.png,data/images/003531.png,128-APSK,18.04,high_mid,mild,2.0,mild,0.05,2.0,1,7.2,train
3532,003532.png,data/images/003532.png,128-APSK,15.48,high_mid,mild,2.0,mild,0.05,2.0,0,,train
3533,003533.png,data/images/003533.png,128-APSK,16.19,high_mid,mild,2.0,mild,0.05,2.0,0,,train
3534,003534.png,data/images/003534.png,128-APSK,16.46,high_mid,mild,2.0,mild,0.05,2.0,0,,train
3535,003535.png,data/images/003535.png,128-APSK,19.2,high_mid,mild,2.0,severe,0.15,8.0,0,,train
3536,003536.png,data/images/003536.png,128-APSK,19.64,high_mid,mild,2.0,severe,0.15,8.0,1,11.49,val
3537,003537.png,data/images/003537.png,128-APSK,17.8,high_mid,mild,2.0,severe,0.15,8.0,0,,test
3538,003538.png,data/images/003538.png,128-APSK,19.44,high_mid,mild,2.0,severe,0.15,8.0,1,13.67,train
3539,003539.png,data/images/003539.png,128-APSK,18.55,high_mid,mild,2.0,severe,0.15,8.0,1,10.8,val
3540,003540.png,data/images/003540.png,128-APSK,15.07,high_mid,severe,6.0,none,0.0,0.0,0,,train
3541,003541.png,data/images/003541.png,128-APSK,17.67,high_mid,severe,6.0,none,0.0,0.0,1,10.13,train
3542,003542.png,data/images/003542.png,128-APSK,19.86,high_mid,severe,6.0,none,0.0,0.0,0,,test
3543,003543.png,data/images/003543.png,128-APSK,16.86,high_mid,severe,6.0,none,0.0,0.0,0,,test
3544,003544.png,data/images/003544.png,128-APSK,18.51,high_mid,severe,6.0,none,0.0,0.0,0,,val
3545,003545.png,data/images/003545.png,128-APSK,16.09,high_mid,severe,6.0,mild,0.05,2.0,1,7.61,val
3546,003546.png,data/images/003546.png,128-APSK,16.16,high_mid,severe,6.0,mild,0.05,2.0,0,,test
3547,003547.png,data/images/003547.png,128-APSK,17.21,high_mid,severe,6.0,mild,0.05,2.0,1,13.08,train
3548,003548.png,data/images/003548.png,128-APSK,19.26,high_mid,severe,6.0,mild,0.05,2.0,0,,train
3549,003549.png,data/images/003549.png,128-APSK,19.44,high_mid,severe,6.0,mild,0.05,2.0,0,,train
3550,003550.png,data/images/003550.png,128-APSK,19.76,high_mid,severe,6.0,severe,0.15,8.0,1,13.35,test
3551,003551.png,data/images/003551.png,128-APSK,17.89,high_mid,severe,6.0,severe,0.15,8.0,0,,train
3552,003552.png,data/images/003552.png,128-APSK,15.79,high_mid,severe,6.0,severe,0.15,8.0,0,,train
3553,003553.png,data/images/003553.png,128-APSK,15.05,high_mid,severe,6.0,severe,0.15,8.0,0,,val
3554,003554.png,data/images/003554.png,128-APSK,19.45,high_mid,severe,6.0,severe,0.15,8.0,0,,train
3555,003555.png,data/images/003555.png,128-APSK,23.41,high,none,0.0,none,0.0,0.0,0,,val
3556,003556.png,data/images/003556.png,128-APSK,29.81,high,none,0.0,none,0.0,0.0,1,5.38,test
3557,003557.png,data/images/003557.png,128-APSK,20.66,high,none,0.0,none,0.0,0.0,0,,train
3558,003558.png,data/images/003558.png,128-APSK,23.79,high,none,0.0,none,0.0,0.0,1,12.54,train
3559,003559.png,data/images/003559.png,128-APSK,24.79,high,none,0.0,none,0.0,0.0,0,,test
3560,003560.png,data/images/003560.png,128-APSK,20.66,high,none,0.0,mild,0.05,2.0,1,7.44,train
3561,003561.png,data/images/003561.png,128-APSK,28.83,high,none,0.0,mild,0.05,2.0,0,,train
3562,003562.png,data/images/003562.png,128-APSK,25.07,high,none,0.0,mild,0.05,2.0,0,,train
3563,003563.png,data/images/003563.png,128-APSK,24.82,high,none,0.0,mild,0.05,2.0,1,5.57,train
3564,003564.png,data/images/003564.png,128-APSK,24.87,high,none,0.0,mild,0.05,2.0,0,,train
3565,003565.png,data/images/003565.png,128-APSK,20.07,high,none,0.0,severe,0.15,8.0,1,13.58,val
3566,003566.png,data/images/003566.png,128-APSK,29.23,high,none,0.0,severe,0.15,8.0,0,,train
3567,003567.png,data/images/003567.png,128-APSK,26.09,high,none,0.0,severe,0.15,8.0,0,,train
3568,003568.png,data/images/003568.png,128-APSK,23.43,high,none,0.0,severe,0.15,8.0,0,,train
3569,003569.png,data/images/003569.png,128-APSK,26.75,high,none,0.0,severe,0.15,8.0,0,,train
3570,003570.png,data/images/003570.png,128-APSK,22.48,high,mild,2.0,none,0.0,0.0,0,,train
3571,003571.png,data/images/003571.png,128-APSK,28.48,high,mild,2.0,none,0.0,0.0,0,,train
3572,003572.png,data/images/003572.png,128-APSK,27.3,high,mild,2.0,none,0.0,0.0,0,,train
3573,003573.png,data/images/003573.png,128-APSK,25.97,high,mild,2.0,none,0.0,0.0,1,8.01,train
3574,003574.png,data/images/003574.png,128-APSK,26.43,high,mild,2.0,none,0.0,0.0,1,5.62,train
3575,003575.png,data/images/003575.png,128-APSK,20.64,high,mild,2.0,mild,0.05,2.0,0,,train
3576,003576.png,data/images/003576.png,128-APSK,25.37,high,mild,2.0,mild,0.05,2.0,0,,train
3577,003577.png,data/images/003577.png,128-APSK,24.75,high,mild,2.0,mild,0.05,2.0,0,,val
3578,003578.png,data/images/003578.png,128-APSK,25.42,high,mild,2.0,mild,0.05,2.0,0,,test
3579,003579.png,data/images/003579.png,128-APSK,28.7,high,mild,2.0,mild,0.05,2.0,0,,train
3580,003580.png,data/images/003580.png,128-APSK,25.46,high,mild,2.0,severe,0.15,8.0,0,,train
3581,003581.png,data/images/003581.png,128-APSK,26.12,high,mild,2.0,severe,0.15,8.0,0,,train
3582,003582.png,data/images/003582.png,128-APSK,21.23,high,mild,2.0,severe,0.15,8.0,0,,test
3583,003583.png,data/images/003583.png,128-APSK,28.31,high,mild,2.0,severe,0.15,8.0,0,,train
3584,003584.png,data/images/003584.png,128-APSK,21.94,high,mild,2.0,severe,0.15,8.0,0,,train
3585,003585.png,data/images/003585.png,128-APSK,26.82,high,severe,6.0,none,0.0,0.0,0,,train
3586,003586.png,data/images/003586.png,128-APSK,26.58,high,severe,6.0,none,0.0,0.0,1,10.93,val
3587,003587.png,data/images/003587.png,128-APSK,29.31,high,severe,6.0,none,0.0,0.0,0,,train
3588,003588.png,data/images/003588.png,128-APSK,21.04,high,severe,6.0,none,0.0,0.0,0,,val
3589,003589.png,data/images/003589.png,128-APSK,22.36,high,severe,6.0,none,0.0,0.0,1,6.96,train
3590,003590.png,data/images/003590.png,128-APSK,28.25,high,severe,6.0,mild,0.05,2.0,0,,train
3591,003591.png,data/images/003591.png,128-APSK,25.79,high,severe,6.0,mild,0.05,2.0,0,,test
3592,003592.png,data/images/003592.png,128-APSK,24.2,high,severe,6.0,mild,0.05,2.0,0,,val
3593,003593.png,data/images/003593.png,128-APSK,27.86,high,severe,6.0,mild,0.05,2.0,0,,train
3594,003594.png,data/images/003594.png,128-APSK,23.83,high,severe,6.0,mild,0.05,2.0,0,,train
3595,003595.png,data/images/003595.png,128-APSK,23.59,high,severe,6.0,severe,0.15,8.0,0,,train
3596,003596.png,data/images/003596.png,128-APSK,29.65,high,severe,6.0,severe,0.15,8.0,0,,train
3597,003597.png,data/images/003597.png,128-APSK,25.83,high,severe,6.0,severe,0.15,8.0,0,,train
3598,003598.png,data/images/003598.png,128-APSK,20.18,high,severe,6.0,severe,0.15,8.0,0,,val
3599,003599.png,data/images/003599.png,128-APSK,25.46,high,severe,6.0,severe,0.15,8.0,0,,train
